ID,UTC Start,Observing band,Duration (s),DM (pc cm^-3),DM error (pc cm^-3),DM epoch (MJD),DM chi2r,DM tres,SN,Flux (mJy),RM (rad m^-2),RM error (rad m^-2),RFI zapped (%)
UHVsc2FyRm9sZFJlc3VsdE5vZGU6MTU1MQ==,2019-07-20T01:41:53+00:00,LBAND,258.71372800000023,10.390443835242216,2.247029800820236e-05,59000.0,1.1836,0.034,2207.0361328125,5.029,-0.991691,0.06,0.04359010011123471
UHVsc2FyRm9sZFJlc3VsdE5vZGU6NzkwMzY=,2024-11-07T12:40:21+00:00,LBAND,255.569592224299,10.3901264404565,2.909048544628784e-05,59000.0,0.9109,0.137,585.218994140625,1.375,-4.18552,0.06,0.08763860887096774
UHVsc2FyRm9sZFJlc3VsdE5vZGU6NzkwMzU=,2024-11-04T16:19:05+00:00,LBAND,511.54544927102796,10.390061974123398,3.156410814388927e-05,59000.0,2.5701,0.103,1227.89404296875,1.968,-3.38025,0.06,0.14991009424603174
UHVsc2FyRm9sZFJlc3VsdE5vZGU6NzkwMzQ=,2024-10-02T16:18:37+00:00,LBAND,511.54544927102796,10.390108681704794,2.349211710467464e-05,59000.0,1.1356,0.078,968.726318359375,1.844,-3.5784,0.05,0.12616257440476192
UHVsc2FyRm9sZFJlc3VsdE5vZGU6Nzg1OTA=,2024-10-21T15:05:28+00:00,LBAND,255.56959222429902,10.390132225714407,6.15890460877126e-05,59000.0,9.6205,0.165,1286.01293945312,3.483,-3.57211,0.05,0.10276692708333333
UHVsc2FyRm9sZFJlc3VsdE5vZGU6NzkwNjg=,2024-11-25T15:49:17+00:00,LBAND,255.56959222429902,10.39013842881095,2.950430930802362e-05,59000.0,1.3494,0.088,945.653076171875,2.337,-3.34751,0.06,0.10102696572580645
UHVsc2FyRm9sZFJlc3VsdE5vZGU6Nzg1OTQ=,2024-10-25T16:34:07+00:00,LBAND,511.54544927102796,10.390085966480475,1.704581008308557e-05,59000.0,1.3082,0.071,1312.36804199219,2.347,-3.96306,0.04,0.24150545634920634
UHVsc2FyRm9sZFJlc3VsdE5vZGU6MTU3Nw==,2019-09-29T13:28:04+00:00,LBAND,258.5566935327105,10.39036331836895,0.00016182600038154956,59000.0,1.8713,0.308,338.570281982422,0.896,-1.34375,0.24,0.08120133481646273
UHVsc2FyRm9sZFJlc3VsdE5vZGU6MTU5Ng==,2020-01-05T09:47:37+00:00,LBAND,257.53764007476656,10.390328989835838,1.470389767668935e-05,59000.0,1.5226,0.055,1864.61193847656,4.134,-1.10634,0.04,0.05210650723025584
UHVsc2FyRm9sZFJlc3VsdE5vZGU6MTY3Mg==,2020-07-17T01:51:59+00:00,LBAND,255.89076695327034,10.390740592333415,2.943327838762569e-05,59000.0,2.0712,0.143,697.484985351562,1.912,-0.651437,0.05,0.08908770161290322
UHVsc2FyRm9sZFJlc3VsdE5vZGU6MTY0Mg==,2020-04-08T05:50:22+00:00,LBAND,513.5078543551394,10.390596358582748,2.291382055762683e-05,59000.0,1.0531,0.103,775.213928222656,1.292,-2.33234,0.08,0.11101810515873016
UHVsc2FyRm9sZFJlc3VsdE5vZGU6MTY4NA==,2020-10-10T19:03:02+00:00,LBAND,255.4987208971956,10.390827857782048,2.420481272450497e-05,59000.0,1.6101,0.09,1092.65942382812,2.647,-1.00226,0.05,0.07267515120967742
UHVsc2FyRm9sZFJlc3VsdE5vZGU6MTc1MA==,2022-12-30T10:26:08+00:00,LBAND,511.4696541308404,10.390544138433848,3.976950216433138e-05,59000.0,1.0284,0.152,448.101165771484,0.792,-2.19691,0.09,0.08872542842741936
UHVsc2FyRm9sZFJlc3VsdE5vZGU6MTcyNQ==,2022-02-13T07:56:03+00:00,LBAND,511.5476240747657,10.390531805252037,1.433301219905399e-05,59000.0,1.0618,0.065,1340.17407226562,2.048,-1.88594,0.05,0.09147135416666667
UHVsc2FyRm9sZFJlc3VsdE5vZGU6NzY3NDM=,2024-07-09T01:45:24+00:00,LBAND,255.49220844859806,10.39003444236888,0.00012197466058114439,59000.0,2.0838,0.239,361.907562255859,0.903,-0.863774,0.16,0.0993258568548387
UHVsc2FyRm9sZFJlc3VsdE5vZGU6MTU2Mg==,2019-08-12T19:28:28+00:00,LBAND,257.61560044859834,10.390459449143506,5.053585115715362e-05,59000.0,1.0353,0.12,727.440063476562,1.71,-0.771025,0.12,0.07351918798665183
UHVsc2FyRm9sZFJlc3VsdE5vZGU6MTcxOQ==,2021-11-21T13:25:07+00:00,LBAND,510.52852396261613,10.390591128582127,3.857848742577256e-05,59000.0,1.1343,0.113,722.951049804688,1.276,-1.8616,0.08,0.1072048611111111
UHVsc2FyRm9sZFJlc3VsdE5vZGU6MTY3Mw==,2020-07-29T18:39:50+00:00,LBAND,511.8617001869152,10.39073981447448,1.736014254553206e-05,59000.0,2.0348,0.055,1871.310546875,3.096,-0.825071,0.04,0.10208953373015874
UHVsc2FyRm9sZFJlc3VsdE5vZGU6NzczODY=,2024-07-25T00:04:55+00:00,LBAND,511.54544927102796,10.390246480201435,5.60043179972623e-05,59000.0,1.1981,0.138,578.223266601562,0.975,-0.829998,0.11,0.11520337301587301
UHVsc2FyRm9sZFJlc3VsdE5vZGU6MTU1NA==,2019-08-02T18:10:32+00:00,LBAND,263.41696598130864,10.390479220325497,1.23665251580729e-05,59000.0,2.6554,0.041,2882.57592773438,7.151,-0.764393,0.03,0.0757091212458287
UHVsc2FyRm9sZFJlc3VsdE5vZGU6MTU5MQ==,2019-12-12T08:59:24+00:00,LBAND,257.53764007476656,10.390466471978772,3.500698710215177e-05,59000.0,1.3811,0.126,752.577270507812,1.852,-1.73484,0.08,0.04967324805339266
UHVsc2FyRm9sZFJlc3VsdE5vZGU6MTY5Ng==,2021-02-02T12:56:11+00:00,LBAND,255.4987208971956,10.39073123574229,3.612111487905154e-05,59000.0,0.4611,0.1,500.756378173828,1.208,-1.264,0.1,0.07516381048387097
UHVsc2FyRm9sZFJlc3VsdE5vZGU6MTY4Mw==,2020-09-27T19:29:01+00:00,LBAND,255.5777890093451,10.390786655641271,2.148951782016305e-05,59000.0,0.9936,0.112,831.513244628906,1.733,-0.946897,0.05,0.09019027217741936
UHVsc2FyRm9sZFJlc3VsdE5vZGU6MTczNg==,2022-07-17T22:48:59+00:00,LBAND,511.5476240747657,10.390476021719211,1.836520534384812e-05,59000.0,1.9348,0.101,1067.65393066406,1.662,-0.768521,0.05,0.10227554563492064
UHVsc2FyRm9sZFJlc3VsdE5vZGU6MTY2OA==,2020-07-02T02:57:37+00:00,LBAND,255.8127970093451,10.390596061476874,3.036030514558447e-05,59000.0,1.7312,0.072,1267.35046386719,3.271,-0.581084,0.06,0.10071194556451613
UHVsc2FyRm9sZFJlc3VsdE5vZGU6MTU0OQ==,2019-07-19T23:12:15+00:00,LBAND,258.16466422429926,10.390501556971582,3.046013825129801e-05,59000.0,1.1681,0.089,1068.39294433594,2.283,-1.16418,0.06,0.06435210129310345
UHVsc2FyRm9sZFJlc3VsdE5vZGU6MTY5OA==,2021-03-04T08:15:56+00:00,LBAND,255.4987208971956,10.390925263644258,2.54730371663183e-05,59000.0,1.487,0.067,1155.52807617188,3.001,-0.752917,0.05,0.09901083669354839
UHVsc2FyRm9sZFJlc3VsdE5vZGU6MTE5NzY=,2023-08-28T20:27:57+00:00,LBAND,511.54544927102796,10.39019683595471,2.043520208115892e-05,59000.0,3.4148,0.071,1904.40405273438,3.011,-1.14433,0.04,0.10239955357142858
UHVsc2FyRm9sZFJlc3VsdE5vZGU6MzUzODA=,2023-07-14T18:48:18+00:00,LBAND,255.49220844859806,10.390245958593589,2.73508504153397e-05,59000.0,1.1641,0.098,791.759704589844,1.884,-0.676353,0.06,0.09397051411290322
UHVsc2FyRm9sZFJlc3VsdE5vZGU6MTc2Ng==,2023-05-20T01:04:21+00:00,LBAND,255.56959222429902,10.390222971639277,2.863738077794392e-05,59000.0,1.0474,0.119,636.926147460938,1.512,-0.420618,0.06,0.09104082661290322
UHVsc2FyRm9sZFJlc3VsdE5vZGU6MTY5NQ==,2021-01-23T08:14:45+00:00,LBAND,255.4987208971956,10.390636747575822,3.020068444939424e-05,59000.0,7.5907,0.082,3142.31494140625,6.77,-0.844765,0.04,0.08401587701612903
UHVsc2FyRm9sZFJlc3VsdE5vZGU6MTcwMQ==,2021-04-15T07:38:44+00:00,LBAND,255.4987208971956,10.390954068752746,1.795406132272612e-05,59000.0,2.1848,0.053,2409.64013671875,4.857,-0.852278,0.04,0.07258064516129033
UHVsc2FyRm9sZFJlc3VsdE5vZGU6MTc2NQ==,2023-05-10T02:07:34+00:00,LBAND,511.5476240747657,10.390224974822656,1.921594708110802e-05,59000.0,0.902,0.079,976.434936523438,1.606,-0.564754,0.06,0.09444754464285714
UHVsc2FyRm9sZFJlc3VsdE5vZGU6NzMzOTA=,2024-02-05T10:30:05+00:00,LBAND,511.54544927102796,10.390233252057024,2.939917667006871e-05,59000.0,0.8393,0.069,917.338928222656,1.672,-2.834,0.09,0.09894283234126984
UHVsc2FyRm9sZFJlc3VsdE5vZGU6MTY1NQ==,2020-05-12T04:18:26+00:00,LBAND,512.95877024299,10.390641323879848,3.520827751768644e-05,59000.0,1.2252,0.106,681.258361816406,1.221,-0.286376,0.09,0.10398065476190477
UHVsc2FyRm9sZFJlc3VsdE5vZGU6NDM2MDE=,2023-12-27T07:35:15+00:00,LBAND,255.56959222429902,10.390201831532416,2.710309687890867e-05,59000.0,1.3519,0.062,1084.07299804688,2.853,-2.55639,0.05,0.28714087701612906
UHVsc2FyRm9sZFJlc3VsdE5vZGU6MTc0OQ==,2022-12-30T08:59:44+00:00,LBAND,255.4987208971956,10.390474270640171,4.333584286509667e-05,59000.0,0.6049,0.166,395.617218017578,1.024,-1.8643,0.1,0.0798828125
UHVsc2FyRm9sZFJlc3VsdE5vZGU6MTc0Ng==,2022-12-01T13:14:00+00:00,LBAND,255.5777890093451,10.390453923471844,1.353439023219325e-05,59000.0,1.2284,0.059,1733.84240722656,4.104,-2.23873,0.04,0.12141927083333333
UHVsc2FyRm9sZFJlc3VsdE5vZGU6MTY2OQ==,2020-07-10T03:21:46+00:00,UHF,1023.2861665882355,10.390693584231665,2.448899862567977e-05,59000.0,1.0359,0.186,1105.25415039062,3.886,0.34948,0.03,0.08968996062992125
UHVsc2FyRm9sZFJlc3VsdE5vZGU6MTU3NQ==,2019-09-25T17:54:03+00:00,LBAND,258.5566935327105,10.390649131707987,4.796552826244665e-05,59000.0,1.6915,0.071,1144.10009765625,2.871,-1.35411,0.08,0.08318270300333704
UHVsc2FyRm9sZFJlc3VsdE5vZGU6MTU5OQ==,2020-01-23T14:17:53+00:00,LBAND,257.53764007476656,10.390400784578757,3.647317503421038e-05,59000.0,5.4838,0.081,2141.42260742188,5.182,-0.964716,0.05,0.05902391546162403
UHVsc2FyRm9sZFJlc3VsdE5vZGU6MzU0MDM=,2023-09-12T18:19:53+00:00,LBAND,511.54544927102796,10.390250744550102,3.034926811552828e-05,59000.0,0.9454,0.066,1057.60437011719,1.759,-1.79829,0.08,0.08640252976190477
UHVsc2FyRm9sZFJlc3VsdE5vZGU6NzM1MDQ=,2024-03-06T05:12:15+00:00,UHF,255.227392,10.390162750457396,2.204360735395402e-05,59000.0,0.7879,0.18,655.24560546875,2.434,-0.624475,0.04,0.0870085685483871
UHVsc2FyRm9sZFJlc3VsdE5vZGU6MTUzNQ==,2019-04-03T04:22:26+00:00,LBAND,247.99999999999935,10.39049584319667,3.84089781537843e-05,59000.0,0.9478,0.154,536.572326660156,1.431,-0.430192,0.08,0.08267106681034483
UHVsc2FyRm9sZFJlc3VsdE5vZGU6MTY3NA==,2020-07-30T19:34:26+00:00,LBAND,511.93967013084045,10.39072374298699,1.302072665517738e-05,59000.0,0.8931,0.057,1401.52709960938,2.154,-0.800176,0.04,0.09151785714285714
UHVsc2FyRm9sZFJlc3VsdE5vZGU6MTc1MQ==,2023-01-09T12:43:06+00:00,LBAND,511.5476240747657,10.390319406180978,1.879193694766855e-05,59000.0,1.2757,0.039,1675.68469238281,3.125,-2.29476,0.05,0.06715029761904762
UHVsc2FyRm9sZFJlc3VsdE5vZGU6MTY3OQ==,2020-08-27T20:43:39+00:00,LBAND,511.5476240747657,10.390821062012177,1.237953502931989e-05,59000.0,1.198,0.053,1507.63208007812,2.975,-0.874521,0.04,0.09286644345238096
UHVsc2FyRm9sZFJlc3VsdE5vZGU6MTU0Nw==,2019-07-08T21:20:01+00:00,LBAND,513.6641973831778,10.390394085447989,2.481909718219799e-05,59000.0,1.156,0.054,1432.52294921875,2.394,-0.987101,0.08,0.06046455938697318
UHVsc2FyRm9sZFJlc3VsdE5vZGU6MTU5Nw==,2020-01-07T12:25:04+00:00,LBAND,514.526216373832,10.390300066141583,3.79171933943088e-05,59000.0,1.0823,0.122,666.043273925781,1.315,-1.49225,0.1,0.10124178981937602
UHVsc2FyRm9sZFJlc3VsdE5vZGU6MTY0NQ==,2020-04-09T05:57:30+00:00,LBAND,514.6049244112143,10.390597066709658,2.270449434460216e-05,59000.0,1.628,0.08,1367.20471191406,2.23,-2.20938,0.06,0.10715835813492064
UHVsc2FyRm9sZFJlc3VsdE5vZGU6MTY0OQ==,2020-04-27T05:09:21+00:00,LBAND,514.8399324112142,10.390599541193366,3.76817413339026e-05,59000.0,1.1657,0.157,564.725708007812,0.908,-0.636982,0.09,0.09331597222222222
UHVsc2FyRm9sZFJlc3VsdE5vZGU6MTYzOA==,2020-04-04T01:30:44+00:00,LBAND,264.5937501308404,10.390655635270441,0.00012033638182497207,59000.0,0.9283,0.429,170.284225463867,0.424,-0.581245,0.22,0.09320068359375
UHVsc2FyRm9sZFJlc3VsdE5vZGU6MTY2MQ==,2020-05-25T02:00:10+00:00,LBAND,508.8823697943918,10.390660908531064,1.34036914518913e-05,59000.0,1.6532,0.038,2525.55029296875,3.919,-0.562924,0.04,0.10520098286290322
UHVsc2FyRm9sZFJlc3VsdE5vZGU6MTc1Ng==,2023-02-16T08:08:14+00:00,LBAND,511.5476240747656,10.39030918462572,1.862261840071699e-05,59000.0,1.4593,0.083,1357.31066894531,2.117,-2.58054,0.04,0.10596478174603174
UHVsc2FyRm9sZFJlc3VsdE5vZGU6MTc2MA==,2023-03-30T08:08:42+00:00,LBAND,511.46965413084047,10.390223541166225,3.964392123009431e-05,59000.0,11.3293,0.114,2352.7529296875,3.911,-2.61957,0.04,0.09286644345238096
UHVsc2FyRm9sZFJlc3VsdE5vZGU6MTU3MA==,2019-09-20T17:05:09+00:00,LBAND,257.53764007476656,10.39047150848249,0.00019888293136062875,59000.0,49.6373,0.822,570.203674316406,1.504,-0.906541,0.07,0.051793659621802005
UHVsc2FyRm9sZFJlc3VsdE5vZGU6MTU5NA==,2019-12-19T11:52:39+00:00,LBAND,291.4838142803741,10.39049895486118,2.915200605463928e-05,59000.0,0.2974,0.064,692.743286132812,1.56,-1.19994,0.13,0.04567768199233716
UHVsc2FyRm9sZFJlc3VsdE5vZGU6MTYxNA==,2020-03-06T04:45:34+00:00,LBAND,906.5181021308404,10.39053521863029,3.271377330716918e-05,59000.0,4.8229,0.085,2057.23999023438,2.489,-0.65563,0.05,0.09908220409292036
UHVsc2FyRm9sZFJlc3VsdE5vZGU6MTU1OQ==,2019-08-09T21:48:26+00:00,LBAND,264.43601943925256,10.390382140953173,5.147931444888159e-05,59000.0,0.3394,0.145,309.360961914062,0.786,-1.35874,0.17,0.04613415948275862
UHVsc2FyRm9sZFJlc3VsdE5vZGU6MTU3Ng==,2019-09-25T21:35:33+00:00,LBAND,2050.5828031401875,10.390499848913192,1.375895451018128e-05,59000.0,7.8571,0.057,5747.9150390625,4.328,-1.00307,0.03,0.0832319134550372
UHVsc2FyRm9sZFJlc3VsdE5vZGU6MTY1OQ==,2020-05-23T04:50:58+00:00,LBAND,255.81279700934513,10.390647140626486,3.581759993608626e-05,59000.0,0.9376,0.116,763.090515136719,1.611,-0.759901,0.08,0.08499243951612903
UHVsc2FyRm9sZFJlc3VsdE5vZGU6MTY5Mg==,2020-12-08T17:39:32+00:00,LBAND,255.65575895327038,10.390714758244469,3.038659549217519e-05,59000.0,0.9803,0.076,894.700439453125,2.399,-1.54044,0.06,0.08514994959677419
UHVsc2FyRm9sZFJlc3VsdE5vZGU6MTU2OA==,2019-09-13T14:20:40+00:00,LBAND,263.5740004485983,10.390497850194807,3.436057387588169e-05,59000.0,1.2248,0.075,1052.70849609375,2.209,-1.15436,0.07,0.04633620689655173
UHVsc2FyRm9sZFJlc3VsdE5vZGU6MTYxOA==,2020-03-06T05:16:07+00:00,LBAND,898.5992110654199,10.39056617585418,4.678832951435452e-05,59000.0,5.8209,0.096,1853.77124023438,2.223,-0.658464,0.06,0.10063825334821429
UHVsc2FyRm9sZFJlc3VsdE5vZGU6MTYyMQ==,2020-03-06T05:46:23+00:00,LBAND,905.5769719626161,10.390618731035842,4.369990536328071e-05,59000.0,4.1098,0.114,1254.12548828125,1.679,-0.830082,0.07,0.10873548119469026
UHVsc2FyRm9sZFJlc3VsdE5vZGU6MTYxNg==,2020-03-06T05:00:51+00:00,LBAND,898.5212411214947,10.39052094547582,5.060279364999254e-05,59000.0,8.2576,0.11,1961.00512695312,2.499,-0.642843,0.06,0.09843046171171171
UHVsc2FyRm9sZFJlc3VsdE5vZGU6MTY5Nw==,2021-02-18T13:26:22+00:00,LBAND,255.57778900934514,10.390747217069341,2.558915595889165e-05,59000.0,1.5105,0.042,2111.75537109375,4.911,-1.3415,0.05,0.0811491935483871
UHVsc2FyRm9sZFJlc3VsdE5vZGU6MTU2Mw==,2019-08-17T18:41:24+00:00,LBAND,518.2894749906545,10.390464875641609,2.28037126900865e-05,59000.0,1.9121,0.075,1461.63549804688,2.555,-0.976247,0.05,0.038186961206896554
UHVsc2FyRm9sZFJlc3VsdE5vZGU6MTY2Mw==,2020-06-05T03:41:11+00:00,LBAND,255.89076695327037,10.390686510615145,4.96337484045057e-05,59000.0,0.7497,0.197,341.442199707031,0.804,-0.693705,0.11,0.0846774193548387
UHVsc2FyRm9sZFJlc3VsdE5vZGU6MTYzNA==,2020-03-21T04:53:09+00:00,LBAND,514.6049244112143,10.39056341028024,2.284163833257178e-05,59000.0,0.577,0.074,719.344116210938,1.064,-0.652823,0.07,0.11514136904761904
UHVsc2FyRm9sZFJlc3VsdE5vZGU6MTc2OA==,2023-06-03T04:13:23+00:00,LBAND,255.56959222429902,10.39022018264141,2.366214637133173e-05,59000.0,3.5547,0.073,1915.74670410156,4.624,-0.405549,0.04,0.10446068548387097
UHVsc2FyRm9sZFJlc3VsdE5vZGU6MTYxNQ==,2020-03-06T05:00:51+00:00,LBAND,899.5403412336442,10.390520792283779,5.063643138264829e-05,59000.0,8.2692,0.11,1961.28991699219,2.499,-0.641954,0.06,0.09845685529279279
UHVsc2FyRm9sZFJlc3VsdE5vZGU6MTc0Mw==,2022-10-15T16:07:24+00:00,LBAND,511.5476240747657,10.390415429160111,1.538040344183066e-05,59000.0,4.8848,0.054,3804.90209960938,5.248,-2.63562,0.03,0.09497457837301587
UHVsc2FyRm9sZFJlc3VsdE5vZGU6MTY5MQ==,2020-11-28T18:01:33+00:00,LBAND,254.5586888971956,10.39079460212914,3.267513800411816e-05,59000.0,0.9012,0.086,743.019897460938,1.859,-1.49233,0.07,0.08672505040322581
UHVsc2FyRm9sZFJlc3VsdE5vZGU6MzUzMzU=,2023-08-11T21:09:36+00:00,LBAND,255.569592224299,10.390227245840984,1.684120732843345e-05,59000.0,1.4742,0.066,1460.7890625,3.276,-1.04541,0.04,0.10445963541666667
UHVsc2FyRm9sZFJlc3VsdE5vZGU6MTUzMw==,2019-03-08T04:39:17+00:00,LBAND,503.9999999999993,10.390421274414614,4.17194493682001e-05,59000.0,2.3686,0.082,905.021728515625,2.039,-1.6964,0.08,0.04328893442622951
UHVsc2FyRm9sZFJlc3VsdE5vZGU6MTc1Mw==,2023-01-25T05:50:36+00:00,LBAND,255.57778900934514,10.390339143177956,1.910243579896488e-05,59000.0,1.1929,0.076,1095.58923339844,2.593,-1.61752,0.04,0.09979838709677419
UHVsc2FyRm9sZFJlc3VsdE5vZGU6MTU0Mg==,2019-06-22T22:02:00+00:00,LBAND,513.5071629158881,10.390408246821186,5.58532478192712e-05,59000.0,1.4921,0.124,693.448974609375,1.22,-0.557377,0.1,0.18098316912972084
UHVsc2FyRm9sZFJlc3VsdE5vZGU6NzM0NTM=,2024-02-23T10:40:42+00:00,LBAND,255.569592224299,10.390236448563403,2.062017696526933e-05,59000.0,1.9958,0.073,1666.66430664062,3.663,-3.54437,0.04,0.08080267137096774
UHVsc2FyRm9sZFJlc3VsdE5vZGU6MTY2NQ==,2020-06-18T01:32:19+00:00,LBAND,255.81279700934513,10.390676668648533,3.703377083531716e-05,59000.0,2.0739,0.061,1642.83081054688,3.963,-0.684724,0.06,0.1042086693548387
UHVsc2FyRm9sZFJlc3VsdE5vZGU6MTU5MA==,2019-12-01T10:06:12+00:00,LBAND,258.4787331588787,10.390600252662686,1.889481900400785e-05,59000.0,1.1449,0.061,1412.04821777344,3.251,-1.31713,0.05,0.030554783092324806
UHVsc2FyRm9sZFJlc3VsdE5vZGU6MTU1MA==,2019-07-20T01:22:21+00:00,LBAND,258.47873315887875,10.39041828948856,2.457991049688927e-05,59000.0,1.1162,0.043,1991.08459472656,4.136,-0.831279,0.06,0.031632369299221356
UHVsc2FyRm9sZFJlc3VsdE5vZGU6MTYzMA==,2020-03-13T02:06:14+00:00,LBAND,258.5571194018685,10.390642529136695,5.280659730714103e-05,59000.0,2.1926,0.155,737.248474121094,1.689,-0.346638,0.08,0.093963623046875
UHVsc2FyRm9sZFJlc3VsdE5vZGU6MTcxMg==,2021-08-05T20:19:52+00:00,LBAND,511.5476240747656,10.390695965134126,2.699219004422941e-05,59000.0,1.315,0.102,946.457824707031,1.406,-0.894894,0.07,0.09973538306451613
UHVsc2FyRm9sZFJlc3VsdE5vZGU6MTY2Ng==,2020-06-18T23:57:37+00:00,LBAND,511.8617001869152,10.39066315293105,3.029803952814246e-05,59000.0,1.0504,0.105,651.695129394531,1.197,-0.684783,0.08,0.11315724206349206
UHVsc2FyRm9sZFJlc3VsdE5vZGU6MTUzNA==,2019-03-15T08:21:16+00:00,LBAND,503.9999999999993,10.390435405161721,4.341240208950957e-05,59000.0,2.0142,0.096,1073.61193847656,2.0,-1.1887,0.09,0.1565061475409836
UHVsc2FyRm9sZFJlc3VsdE5vZGU6MTU3MQ==,2019-09-23T14:40:54+00:00,LBAND,257.53764007476656,10.390547451211278,3.720473494387245e-05,59000.0,0.7143,0.163,445.6337890625,1.192,-1.32312,0.09,0.04845661846496107
UHVsc2FyRm9sZFJlc3VsdE5vZGU6MTcxMw==,2021-08-16T21:45:05+00:00,LBAND,511.5476240747657,10.390733042878907,2.243098715780229e-05,59000.0,1.1721,0.079,1206.4921875,1.945,-0.826814,0.06,0.10478670634920635
UHVsc2FyRm9sZFJlc3VsdE5vZGU6NDM4MDU=,2024-01-10T10:47:33+00:00,LBAND,255.4922084485981,10.390342942222555,7.46627984704241e-05,59000.0,1.7522,0.188,507.685211181641,1.222,-2.76556,0.1,0.09809727822580645
UHVsc2FyRm9sZFJlc3VsdE5vZGU6MTcwNg==,2021-06-08T03:48:29+00:00,LBAND,254.47962078504605,10.390870680116153,2.159812344447803e-05,59000.0,1.0441,0.117,667.259643554688,1.544,-0.67114,0.05,0.0780304939516129
UHVsc2FyRm9sZFJlc3VsdE5vZGU6MTcxMA==,2021-07-06T01:18:57+00:00,LBAND,255.5777890093451,10.390686579150268,2.419144267441144e-05,59000.0,2.3068,0.083,1375.17395019531,3.312,-0.600355,0.05,0.12169228830645161
UHVsc2FyRm9sZFJlc3VsdE5vZGU6NzU2MDA=,2024-04-30T06:06:20+00:00,LBAND,254.55393016822424,10.39010669169826,3.582578172750274e-05,59000.0,0.5914,0.051,1038.95520019531,2.474,-1.13536,0.09,0.10984753024193548
UHVsc2FyRm9sZFJlc3VsdE5vZGU6MTU0OA==,2019-07-14T17:40:06+00:00,LBAND,257.45856598130865,10.390589760281063,6.692817593784834e-05,59000.0,0.3137,0.219,229.101791381836,0.653,-0.381019,0.2,0.1385567296996663
UHVsc2FyRm9sZFJlc3VsdE5vZGU6MTU2Ng==,2019-09-01T23:03:36+00:00,LBAND,257.61560044859834,10.390446956396618,2.972919563665964e-05,59000.0,1.1661,0.079,1133.939453125,2.49,-1.01097,0.07,0.06128337041156841
UHVsc2FyRm9sZFJlc3VsdE5vZGU6MTU2NQ==,2019-08-25T19:45:00+00:00,LBAND,262.16291768224323,10.390488611366537,1.523269045052805e-05,59000.0,1.1315,0.052,1612.40319824219,3.585,-0.957526,0.05,0.028084590517241378
UHVsc2FyRm9sZFJlc3VsdE5vZGU6MTYxMw==,2020-03-06T04:45:34+00:00,LBAND,907.5372022429899,10.390535114440903,3.27422185778582e-05,59000.0,4.8314,0.086,2059.1826171875,2.497,-0.655791,0.05,0.09907356194690266
UHVsc2FyRm9sZFJlc3VsdE5vZGU6MTc0MQ==,2022-09-07T18:15:46+00:00,LBAND,510.52852396261613,10.390448758526675,1.670678189100283e-05,59000.0,1.4475,0.053,2056.29150390625,3.021,-0.960505,0.05,0.09815228174603174
UHVsc2FyRm9sZFJlc3VsdE5vZGU6MTUzNg==,2019-04-16T23:39:29+00:00,LBAND,240.0000000000002,10.390403022988728,3.132929912340993e-05,59000.0,1.1993,0.112,822.396484375,2.476,-5.96459,0.08,0.13235067733990147
UHVsc2FyRm9sZFJlc3VsdE5vZGU6MTYwOA==,2020-03-01T09:35:59+00:00,LBAND,513.5078543551394,10.390699487007236,4.477590375027302e-05,59000.0,1.3717,0.187,496.338806152344,0.791,-1.00507,0.1,0.076385498046875
UHVsc2FyRm9sZFJlc3VsdE5vZGU6MTU4Mw==,2019-10-27T09:57:55+00:00,LBAND,258.5566935327105,10.390598853855863,5.581271567774385e-05,59000.0,1.2198,0.204,428.904541015625,1.244,-1.18116,0.09,0.20328142380422692
UHVsc2FyRm9sZFJlc3VsdE5vZGU6MTY2NA==,2020-06-05T23:44:37+00:00,LBAND,511.8617001869152,10.390593161147358,4.814430464136893e-05,59000.0,1.0879,0.103,613.915710449219,1.121,-0.336484,0.11,0.0986328125
UHVsc2FyRm9sZFJlc3VsdE5vZGU6MTY4Mg==,2020-09-27T17:27:37+00:00,LBAND,511.5476240747656,10.390839832866464,1.732546956636346e-05,59000.0,0.6264,0.065,917.013488769531,1.578,-0.838857,0.06,0.09322296626984126
UHVsc2FyRm9sZFJlc3VsdE5vZGU6NzM1MzA=,2024-03-07T05:14:44+00:00,LBAND,255.49220844859806,10.390107447359236,1.883522990492339e-05,59000.0,1.28,0.034,2311.83325195312,4.759,-0.990151,0.06,0.10231854838709678
UHVsc2FyRm9sZFJlc3VsdE5vZGU6MTU2MQ==,2019-08-11T21:23:20+00:00,LBAND,258.321698691589,10.39059868561025,6.530134422771621e-05,59000.0,1.3408,0.262,370.352569580078,0.931,-0.818745,0.11,0.052697441601779756
UHVsc2FyRm9sZFJlc3VsdE5vZGU6MTU5OA==,2020-01-21T06:42:55+00:00,LBAND,262.55494699065446,10.3904849946057,3.76025585472164e-05,59000.0,1.019,0.171,487.572357177734,1.451,-1.08196,0.08,0.09092133620689655
UHVsc2FyRm9sZFJlc3VsdE5vZGU6MTc1Nw==,2023-03-07T08:30:31+00:00,LBAND,255.57778900934514,10.390247783331933,3.693761426775488e-05,59000.0,2.5682,0.143,797.397827148438,2.063,-3.16537,0.05,0.10824092741935484
UHVsc2FyRm9sZFJlc3VsdE5vZGU6MTUzMQ==,2019-02-12T05:27:29+00:00,LBAND,375.9999940186916,10.390433864512184,0.0001574591360184758,59000.0,4.5658,0.705,270.719757080078,0.51,-1.24363,0.14,0.05119357638888889
UHVsc2FyRm9sZFJlc3VsdE5vZGU6MTczMg==,2022-05-16T03:16:26+00:00,LBAND,511.5476240747656,10.390522838462163,1.436906933228838e-05,59000.0,5.9163,0.062,3661.935546875,5.703,-0.699114,0.03,0.1167999751984127
UHVsc2FyRm9sZFJlc3VsdE5vZGU6MTUzNw==,2019-04-22T07:35:35+00:00,LBAND,512.0000000000002,10.390372462388715,3.021207498715465e-05,59000.0,0.7068,0.126,535.782409667969,0.762,-1.14167,0.11,0.07412750278086763
UHVsc2FyRm9sZFJlc3VsdE5vZGU6MTY5MA==,2020-11-14T13:07:51+00:00,LBAND,511.46965413084047,10.390857547279726,4.186394612492722e-05,59000.0,3.1999,0.117,1171.58276367188,1.994,-1.39411,0.06,0.0720796130952381
UHVsc2FyRm9sZFJlc3VsdE5vZGU6MTc1OA==,2023-03-07T09:51:58+00:00,LBAND,511.5476240747656,10.390272349870584,2.231132383494971e-05,59000.0,2.8897,0.067,1827.765625,3.625,-3.22523,0.05,0.07631138392857142
UHVsc2FyRm9sZFJlc3VsdE5vZGU6MzUzODg=,2023-10-07T17:14:24+00:00,LBAND,255.56959222429902,10.390298463326975,3.563593177346608e-05,59000.0,1.8149,0.138,683.090209960938,1.772,-2.90979,0.06,0.10758463541666667
UHVsc2FyRm9sZFJlc3VsdE5vZGU6MTU1NQ==,2019-08-05T23:00:12+00:00,LBAND,263.18197114018716,10.390547785467648,2.024822954360442e-05,59000.0,2.3335,0.068,1860.16723632812,4.466,-0.83291,0.04,0.08294046336206896
UHVsc2FyRm9sZFJlc3VsdE5vZGU6MTU0Ng==,2019-07-08T18:56:52+00:00,LBAND,514.3702956261684,10.39046549588623,3.677531270622074e-05,59000.0,1.2203,0.069,1076.97094726562,1.925,-0.530223,0.11,0.09723932676518883
UHVsc2FyRm9sZFJlc3VsdE5vZGU6MTc0MA==,2022-08-30T17:53:35+00:00,LBAND,511.5476240747656,10.390452501880063,2.16683082902481e-05,59000.0,1.5241,0.099,1108.54760742188,1.854,-1.11372,0.05,0.13386656746031747
UHVsc2FyRm9sZFJlc3VsdE5vZGU6NzYyNTk=,2024-06-03T01:34:23+00:00,LBAND,510.5201142429906,10.390135314582759,3.42754130188743e-05,59000.0,1.1296,0.142,583.578491210938,0.972,-0.672103,0.08,0.11028955853174603
UHVsc2FyRm9sZFJlc3VsdE5vZGU6MzU0MjI=,2023-08-06T20:19:49+00:00,LBAND,511.545449271028,10.390212407848361,2.316341363753759e-05,59000.0,0.6627,0.09,737.231384277344,1.207,-0.90194,0.08,0.09802827380952381
UHVsc2FyRm9sZFJlc3VsdE5vZGU6NzU5NDQ=,2024-05-14T04:12:02+00:00,LBAND,255.56959222429902,10.390108884346226,3.46665160638025e-05,59000.0,1.1565,0.127,728.204956054688,1.569,-0.371781,0.07,0.11539188508064516
UHVsc2FyRm9sZFJlc3VsdE5vZGU6MTcwNQ==,2021-05-25T02:03:10+00:00,LBAND,255.5777890093451,10.390879179080267,2.026784026514142e-05,59000.0,1.0748,0.023,3109.90942382812,6.713,-0.179277,0.05,0.10499621975806452
UHVsc2FyRm9sZFJlc3VsdE5vZGU6NzU5NDk=,2024-05-15T02:06:58+00:00,LBAND,511.54544927102796,10.39000449239131,3.455442024887403e-05,59000.0,4.5716,0.054,2516.734375,4.313,-0.194552,0.07,0.09297495039682539
UHVsc2FyRm9sZFJlc3VsdE5vZGU6NzM0MDk=,2024-02-06T05:52:30+00:00,LBAND,255.49220844859806,10.390161645541559,4.418794807325813e-05,59000.0,1.0018,0.193,473.274597167969,1.22,-2.01891,0.08,0.13038684475806453
UHVsc2FyRm9sZFJlc3VsdE5vZGU6MTcwMw==,2021-05-13T02:20:44+00:00,LBAND,254.47962078504605,10.39089458148656,2.197318154229772e-05,59000.0,2.9825,0.092,1622.24914550781,3.58,-0.404224,0.04,0.07992061491935484
UHVsc2FyRm9sZFJlc3VsdE5vZGU6MTYyMA==,2020-03-06T05:31:16+00:00,LBAND,897.5021410093451,10.390605609028839,4.042597003481812e-05,59000.0,4.1904,0.099,1576.85498046875,1.917,-0.812431,0.06,0.1182960304054054
UHVsc2FyRm9sZFJlc3VsdE5vZGU6MTU1Ng==,2019-08-07T17:55:05+00:00,LBAND,263.33900560747685,10.39048125797677,2.158827187910518e-05,59000.0,0.6669,0.044,1409.73706054688,3.212,-0.941012,0.06,0.06037850215517242
UHVsc2FyRm9sZFJlc3VsdE5vZGU6MTczMw==,2022-06-01T01:38:29+00:00,LBAND,511.5476240747657,10.390455982918624,2.040739321337788e-05,59000.0,7.906,0.046,5370.14990234375,8.091,-0.539269,0.03,0.11317274305555555
UHVsc2FyRm9sZFJlc3VsdE5vZGU6MTU1Nw==,2019-08-07T20:29:07+00:00,LBAND,264.4360194392526,10.390502608501237,3.269494180256539e-05,59000.0,1.0618,0.066,1223.83984375,2.744,-0.885307,0.08,0.06462149784482758
UHVsc2FyRm9sZFJlc3VsdE5vZGU6MTY0MA==,2020-04-06T04:15:00+00:00,LBAND,514.526954467289,10.390592609677697,2.271905441700889e-05,59000.0,1.1376,0.093,969.28173828125,1.587,2.93004,0.15,0.11008804563492064
UHVsc2FyRm9sZFJlc3VsdE5vZGU6MTU2OQ==,2019-09-17T15:04:43+00:00,LBAND,257.61560044859834,10.390486062223877,2.992189876508955e-05,59000.0,1.6923,0.077,1309.77514648438,3.309,-1.37136,0.06,0.09169911012235818
UHVsc2FyRm9sZFJlc3VsdE5vZGU6MTU1Mw==,2019-07-29T18:54:20+00:00,LBAND,257.7726349158881,10.390366792445818,8.179449110670547e-05,59000.0,2.1652,0.259,419.560668945312,1.117,-0.830392,0.12,0.03622080088987764
UHVsc2FyRm9sZFJlc3VsdE5vZGU6MTY5NA==,2021-01-03T11:41:44+00:00,LBAND,255.57778900934514,10.390579756248988,5.177866862685683e-05,59000.0,0.8403,0.18,390.060668945312,1.078,-1.54145,0.1,0.08701171875
UHVsc2FyRm9sZFJlc3VsdE5vZGU6MTU5NQ==,2020-01-05T06:52:24+00:00,LBAND,257.45856598130865,10.39034658394548,2.316331198176571e-05,59000.0,1.6802,0.081,1428.66101074219,3.436,-0.925345,0.05,0.06840934371523916
UHVsc2FyRm9sZFJlc3VsdE5vZGU6NzY0NDU=,2024-06-07T22:35:10+00:00,LBAND,255.56959222429902,10.390123428379386,2.777149755988637e-05,59000.0,2.6738,0.123,1085.50390625,2.553,-0.594207,0.04,0.09173387096774194
UHVsc2FyRm9sZFJlc3VsdE5vZGU6MTYwMA==,2020-01-30T05:13:26+00:00,LBAND,260.5948004485984,10.390464652446148,8.1746582129237e-05,59000.0,1.6355,0.202,436.239654541016,1.162,-0.185288,0.11,0.09674703663793104
UHVsc2FyRm9sZFJlc3VsdE5vZGU6MTcyMw==,2022-01-13T11:28:34+00:00,LBAND,511.5476240747657,10.390476404950654,2.674385850568945e-05,59000.0,0.7688,0.093,718.773986816406,1.221,-1.86969,0.08,0.10732886904761904
UHVsc2FyRm9sZFJlc3VsdE5vZGU6NzUwNDU=,2024-04-09T07:19:07+00:00,LBAND,255.49220844859806,10.390184505734386,1.973422371774813e-05,59000.0,3.3815,0.075,2022.65112304688,4.653,-1.7302,0.03,0.10077494959677419
UHVsc2FyRm9sZFJlc3VsdE5vZGU6MTcxOA==,2021-11-05T14:26:40+00:00,LBAND,511.5476240747657,10.390649680612139,2.73274944247022e-05,59000.0,3.1463,0.075,1770.60717773438,3.381,-1.33517,0.05,0.10416141633064516
UHVsc2FyRm9sZFJlc3VsdE5vZGU6MTY5Mw==,2020-12-26T16:31:35+00:00,LBAND,255.49872089719557,10.390635919268698,8.13035246276846e-06,59000.0,0.8211,0.043,1822.70727539062,3.982,-1.32855,0.03,0.09100932459677419
UHVsc2FyRm9sZFJlc3VsdE5vZGU6MTYyNA==,2020-03-06T06:01:39+00:00,LBAND,898.5992110654198,10.39059651150287,4.081246134629252e-05,59000.0,2.5833,0.108,1002.67303466797,1.421,-0.746882,0.07,0.1040259009009009
UHVsc2FyRm9sZFJlc3VsdE5vZGU6MTc0NA==,2022-10-27T19:20:56+00:00,LBAND,511.5476240747656,10.390436176834923,1.903316341702334e-05,59000.0,1.7738,0.048,2251.49877929688,3.534,-1.77364,0.05,0.08439390120967742
UHVsc2FyRm9sZFJlc3VsdE5vZGU6NzUwNTA=,2024-04-09T08:03:06+00:00,LBAND,511.46806549532704,10.390190488655394,1.860078894762821e-05,59000.0,2.2596,0.074,1581.45141601562,2.837,-1.97228,0.04,0.11064608134920635
UHVsc2FyRm9sZFJlc3VsdE5vZGU6NzY4Njk=,2024-07-10T01:16:50+00:00,LBAND,511.54544927102796,10.390129323016147,1.508274631918716e-05,59000.0,1.4853,0.043,2470.39331054688,3.765,-1.02505,0.05,0.1316654265873016
UHVsc2FyRm9sZFJlc3VsdE5vZGU6MTU5Mg==,2019-12-14T15:14:01+00:00,LBAND,257.53764007476656,10.390517896644786,8.661337857561657e-05,59000.0,1.4772,0.176,487.143646240234,1.331,-1.22213,0.15,0.03601223581757508
UHVsc2FyRm9sZFJlc3VsdE5vZGU6MTczOQ==,2022-08-29T19:03:27+00:00,LBAND,511.5476240747657,10.390448369682167,2.584905181562165e-05,59000.0,1.4759,0.063,1635.23803710938,2.598,-0.965608,0.06,0.1171875
UHVsc2FyRm9sZFJlc3VsdE5vZGU6MzUzMTc=,2023-06-16T20:41:24+00:00,LBAND,255.49220844859806,10.390200198176842,4.511111305692642e-05,59000.0,1.2601,0.124,693.623291015625,1.608,-0.868478,0.09,0.11038306451612903
UHVsc2FyRm9sZFJlc3VsdE5vZGU6MTU2NA==,2019-08-17T21:12:16+00:00,LBAND,519.4655629158881,10.390491584596447,1.888089091093434e-05,59000.0,1.4665,0.054,1748.63330078125,3.03,-0.966316,0.05,0.08682266009852217
UHVsc2FyRm9sZFJlc3VsdE5vZGU6MTc1OQ==,2023-03-28T05:19:04+00:00,LBAND,255.57778900934514,10.39025163646924,3.561529703771294e-05,59000.0,3.3774,0.136,1254.34899902344,2.71,-0.976354,0.05,0.13414713541666667
UHVsc2FyRm9sZFJlc3VsdE5vZGU6MTYwOQ==,2020-03-02T02:34:12+00:00,LBAND,258.5571194018685,10.3906141420012,5.834052063688522e-05,59000.0,2.103,0.107,973.683410644531,2.127,-0.417776,0.08,0.10789440524193548
UHVsc2FyRm9sZFJlc3VsdE5vZGU6MTU0NQ==,2019-07-02T21:40:24+00:00,LBAND,1026.2313809345796,10.39047838337041,1.171228907449204e-05,59000.0,2.9355,0.032,3889.44653320312,4.228,-0.733649,0.03,0.08560446646755362
UHVsc2FyRm9sZFJlc3VsdE5vZGU6Nzc4OTY=,2024-08-26T18:23:11+00:00,LBAND,511.54544927102796,10.390082753931313,5.816833228430951e-05,59000.0,1.171,0.151,408.046020507812,0.734,-1.50972,0.1,0.10159350198412699
UHVsc2FyRm9sZFJlc3VsdE5vZGU6NzY1NTk=,2024-06-19T23:34:12+00:00,LBAND,511.46806549532704,10.390228994482221,2.977098769445265e-05,59000.0,0.9574,0.13,605.23193359375,0.972,-0.686901,0.08,0.1236359126984127
UHVsc2FyRm9sZFJlc3VsdE5vZGU6NzY1NTQ=,2024-06-19T20:53:23+00:00,LBAND,254.55393016822424,10.390065709846127,9.765226916410373e-05,59000.0,1.369,0.381,272.615051269531,0.618,-0.381542,0.16,0.08527595766129033
UHVsc2FyRm9sZFJlc3VsdE5vZGU6MTU4MA==,2019-10-16T20:00:03+00:00,LBAND,257.5376400747666,10.390596363583624,3.652739754079304e-05,59000.0,1.1247,0.061,1180.65844726562,3.232,-1.2162,0.09,0.08252224694104561
UHVsc2FyRm9sZFJlc3VsdE5vZGU6MzcyMTg=,2023-11-18T16:49:13+00:00,LBAND,255.49220844859806,10.390320656153271,4.605332098781611e-05,59000.0,1.0055,0.106,654.841369628906,1.516,-2.66263,0.08,0.11343876008064516
UHVsc2FyRm9sZFJlc3VsdE5vZGU6MTYzMQ==,2020-03-15T11:56:26+00:00,LBAND,258.5571194018685,10.39068313187218,6.208154471815035e-05,59000.0,1.1518,0.191,434.229370117188,1.116,-0.436646,0.11,0.07960559475806452
UHVsc2FyRm9sZFJlc3VsdE5vZGU6MTcwOQ==,2021-06-28T19:06:08+00:00,LBAND,1799.5517966355133,10.390710767568983,1.464353295372438e-05,59000.0,1.6414,0.051,2154.322265625,1.832,-0.613155,0.05,0.08576233183856502
UHVsc2FyRm9sZFJlc3VsdE5vZGU6MTU3NA==,2019-09-24T22:12:21+00:00,LBAND,257.53764007476656,10.390523074360997,4.226679528522376e-05,59000.0,4.1039,0.119,1255.02075195312,3.396,-1.1447,0.05,0.06149193548387097
UHVsc2FyRm9sZFJlc3VsdE5vZGU6MTYyNQ==,2020-03-06T06:16:54+00:00,LBAND,906.5181021308404,10.39061152982045,1.819609495088596e-05,59000.0,0.7435,0.065,956.382568359375,1.294,-0.795505,0.07,0.10526998064159292
UHVsc2FyRm9sZFJlc3VsdE5vZGU6MTcwNw==,2021-06-21T19:29:57+00:00,LBAND,1799.5517966355133,10.390771640791717,3.084377399069314e-05,59000.0,0.941,0.124,592.57275390625,0.587,-0.499195,0.1,0.08663068498883929
UHVsc2FyRm9sZFJlc3VsdE5vZGU6MTY4Ng==,2020-10-22T18:24:01+00:00,LBAND,511.5476240747657,10.390784776753144,2.529960970570233e-05,59000.0,1.3678,0.089,1049.09020996094,1.639,-1.2168,0.06,0.0744357638888889
UHVsc2FyRm9sZFJlc3VsdE5vZGU6MTY1MA==,2020-04-29T22:33:51+00:00,LBAND,512.8808002990647,10.390651667589372,3.919428896401016e-05,59000.0,3.3476,0.134,1180.38793945312,1.781,-0.407089,0.06,0.12109375
UHVsc2FyRm9sZFJlc3VsdE5vZGU6MTU0MQ==,2019-06-21T18:59:35+00:00,LBAND,514.526216373832,10.390617060378553,6.968372586400481e-05,59000.0,1.635,0.266,424.201324462891,0.715,-0.574246,0.12,0.10206761853448276
UHVsc2FyRm9sZFJlc3VsdE5vZGU6MzUyOTg=,2023-09-12T16:55:48+00:00,LBAND,255.49220844859806,10.390157887707819,0.000266781345725052,59000.0,23.6113,0.579,598.339782714844,1.391,-2.2207,0.13,0.10701234879032258
UHVsc2FyRm9sZFJlc3VsdE5vZGU6MTY0Nw==,2020-04-17T00:10:16+00:00,LBAND,540.8687156635507,10.390602336954187,3.090725933756112e-05,59000.0,4.1735,0.11,1644.00329589844,2.441,-0.41327,0.04,0.1098928740530303
UHVsc2FyRm9sZFJlc3VsdE5vZGU6MTU2Nw==,2019-09-07T13:35:19+00:00,LBAND,263.3390056074769,10.390522558092393,2.274917097743816e-05,59000.0,1.2035,0.04,1773.92565917969,4.042,-1.03206,0.05,0.07290544181034483
UHVsc2FyRm9sZFJlc3VsdE5vZGU6MzUzMTM=,2023-09-26T20:10:58+00:00,LBAND,510.60717099065414,10.390234170884666,1.160790869903487e-05,59000.0,1.557,0.034,2646.27856445312,4.63,-1.53688,0.04,0.11185515873015874
UHVsc2FyRm9sZFJlc3VsdE5vZGU6MTY1Ng==,2020-05-14T22:50:20+00:00,LBAND,518.9174310280366,10.390647628520073,2.827924476061045e-05,59000.0,1.1816,0.102,888.948669433594,1.43,-0.521252,0.07,0.091278076171875
UHVsc2FyRm9sZFJlc3VsdE5vZGU6MTcyMA==,2021-11-30T13:54:34+00:00,LBAND,511.5476240747657,10.390542582569193,5.940756282349295e-05,59000.0,1.884,0.195,551.968383789062,1.023,-1.83601,0.09,0.12456597222222222
UHVsc2FyRm9sZFJlc3VsdE5vZGU6MTY1Mg==,2020-05-08T03:37:26+00:00,LBAND,512.8808002990647,10.3906081896014,2.248250512577158e-05,59000.0,2.0072,0.064,1776.51782226562,2.822,-0.726551,0.06,0.10819692460317461
UHVsc2FyRm9sZFJlc3VsdE5vZGU6MTY3Ng==,2020-08-12T20:28:01+00:00,LBAND,511.8617001869152,10.390812497536377,1.784762674221144e-05,59000.0,0.5033,0.07,861.544921875,1.612,-0.881281,0.07,0.10971602182539683
UHVsc2FyRm9sZFJlc3VsdE5vZGU6MTcwOA==,2021-06-22T23:17:50+00:00,LBAND,255.5777890093451,10.390835897901471,5.270893496892438e-05,59000.0,0.8272,0.237,335.563659667969,0.758,-0.385984,0.11,0.09173387096774194
UHVsc2FyRm9sZFJlc3VsdE5vZGU6MTY4MA==,2020-09-10T19:16:17+00:00,LBAND,511.5476240747656,10.390830770312759,2.292802308149043e-05,59000.0,1.508,0.062,1657.9052734375,2.807,-1.06681,0.06,0.08954923115079365
UHVsc2FyRm9sZFJlc3VsdE5vZGU6MTcxNA==,2021-08-30T21:44:19+00:00,LBAND,255.5777890093451,10.39063445754696,3.840196305967503e-05,59000.0,0.8973,0.087,961.417785644531,2.197,-0.986853,0.09,0.0891507056451613
UHVsc2FyRm9sZFJlc3VsdE5vZGU6MTcyOA==,2022-03-28T05:00:59+00:00,LBAND,511.5476240747657,10.39054724579374,2.330143790912548e-05,59000.0,1.8455,0.08,1311.59509277344,2.239,-0.677323,0.05,0.11773003472222222
UHVsc2FyRm9sZFJlc3VsdE5vZGU6MTcxNg==,2021-10-14T19:05:30+00:00,LBAND,511.5476240747656,10.390671227383113,2.182608283844906e-05,59000.0,1.5976,0.036,2645.42602539062,3.531,-1.37276,0.05,0.07118055555555555
UHVsc2FyRm9sZFJlc3VsdE5vZGU6MTc1NA==,2023-01-26T09:08:04+00:00,LBAND,511.5476240747657,10.390314588574402,2.237409047460874e-05,59000.0,3.725,0.064,2574.21435546875,4.223,-3.08536,0.04,0.09793526785714286
UHVsc2FyRm9sZFJlc3VsdE5vZGU6MTc0NQ==,2022-11-08T18:38:32+00:00,LBAND,511.46965413084035,10.390421852322113,3.589674895158747e-05,59000.0,1.0581,0.054,1259.76684570312,2.064,-1.21528,0.1,0.08352759576612903
UHVsc2FyRm9sZFJlc3VsdE5vZGU6MTcyOQ==,2022-04-10T05:53:00+00:00,LBAND,511.5476240747657,10.39050825159281,2.88862819169575e-05,59000.0,1.6886,0.115,898.379211425781,1.474,-1.00077,0.06,0.1277746775793651
UHVsc2FyRm9sZFJlc3VsdE5vZGU6MzUzOTk=,2023-08-17T19:34:50+00:00,LBAND,511.54544927102796,10.39022438696601,3.685943820229344e-05,59000.0,2.0357,0.09,1174.06262207031,1.831,-0.822618,0.07,0.11276971726190477
UHVsc2FyRm9sZFJlc3VsdE5vZGU6MzUzNjk=,2023-10-20T18:26:45+00:00,LBAND,255.56959222429902,10.390261724413817,2.347166298281755e-05,59000.0,1.9455,0.071,1636.59509277344,3.325,-2.43861,0.05,0.09907384072580645
UHVsc2FyRm9sZFJlc3VsdE5vZGU6MTU4MQ==,2019-10-19T11:26:53+00:00,LBAND,257.53764007476656,10.390565404710026,4.317737562279426e-05,59000.0,0.6375,0.108,504.567687988281,1.302,-1.38039,0.09,0.08321746384872081
UHVsc2FyRm9sZFJlc3VsdE5vZGU6MTYwNg==,2020-02-28T12:43:43+00:00,LBAND,257.6159892336442,10.390599431098721,2.34693523664729e-05,59000.0,0.9124,0.112,571.248901367188,1.564,-0.971469,0.06,0.077117919921875
UHVsc2FyRm9sZFJlc3VsdE5vZGU6MTczNQ==,2022-06-29T02:28:40+00:00,LBAND,511.5476240747657,10.390467914617112,3.49399773486996e-05,59000.0,1.3175,0.128,761.617614746094,1.145,-0.746366,0.08,0.11162739415322581
UHVsc2FyRm9sZFJlc3VsdE5vZGU6Mzc4OTE=,2023-12-11T16:39:27+00:00,LBAND,511.54544927102796,10.390329908410795,1.957604198889018e-05,59000.0,1.4052,0.06,1591.53479003906,2.521,-2.54601,0.05,0.10892547123015874
UHVsc2FyRm9sZFJlc3VsdE5vZGU6MTY2Mg==,2020-06-04T19:22:31+00:00,LBAND,511.7826320747657,10.390653152482388,3.079628624537059e-05,59000.0,2.9148,0.109,1262.94287109375,2.151,-0.478472,0.05,0.11546688988095238
UHVsc2FyRm9sZFJlc3VsdE5vZGU6MTU5Mw==,2019-12-15T15:56:31+00:00,LBAND,258.47873315887875,10.390482871294607,2.778704825735663e-05,59000.0,1.2287,0.104,838.46630859375,1.867,-1.3441,0.06,0.06808997844827586
UHVsc2FyRm9sZFJlc3VsdE5vZGU6MTY2Nw==,2020-07-02T00:33:48+00:00,LBAND,511.7826320747657,10.390695896549236,1.588709423887794e-05,59000.0,1.8484,0.067,1450.13391113281,2.668,-0.592119,0.04,0.1167844742063492
UHVsc2FyRm9sZFJlc3VsdE5vZGU6MTY4OQ==,2020-11-13T14:22:28+00:00,LBAND,255.4987208971956,10.390776954199959,4.482488726411591e-05,59000.0,1.3159,0.175,524.867919921875,1.35,-1.463,0.08,0.10858744959677419
UHVsc2FyRm9sZFJlc3VsdE5vZGU6NzQ1NjU=,2024-03-19T06:32:05+00:00,LBAND,511.46806549532704,10.390189698302368,4.548039308418032e-05,59000.0,2.0496,0.174,575.511047363281,0.964,-1.9324,0.08,0.11095610119047619
UHVsc2FyRm9sZFJlc3VsdE5vZGU6MzUzNjE=,2023-10-21T19:43:22+00:00,LBAND,511.54544927102796,10.390230482177726,2.187803826405876e-05,59000.0,0.6257,0.099,618.414672851562,1.089,-1.55356,0.07,0.11290922619047619
UHVsc2FyRm9sZFJlc3VsdE5vZGU6MTczMA==,2022-04-23T04:47:48+00:00,LBAND,510.52852396261613,10.390507771780362,1.800950792606542e-05,59000.0,1.3267,0.072,1488.66979980469,2.213,-0.449985,0.05,0.10790240575396826
UHVsc2FyRm9sZFJlc3VsdE5vZGU6MTYyMw==,2020-03-06T06:01:39+00:00,LBAND,899.6183111775694,10.39059673200766,4.078976264641808e-05,59000.0,2.5804,0.108,1004.09808349609,1.435,-0.746336,0.07,0.1039819115990991
UHVsc2FyRm9sZFJlc3VsdE5vZGU6MTcwMA==,2021-04-02T07:24:39+00:00,LBAND,254.5586888971956,10.390911565625794,7.073685565185244e-05,59000.0,5.191,0.196,902.758239746094,2.093,-0.775064,0.06,0.2368951612903226
UHVsc2FyRm9sZFJlc3VsdE5vZGU6MTYzNQ==,2020-03-28T05:17:44+00:00,LBAND,513.5078543551396,10.390546906492247,2.667349923531563e-05,59000.0,1.6734,0.092,1151.7490234375,1.842,-0.466259,0.06,0.10340711805555555
UHVsc2FyRm9sZFJlc3VsdE5vZGU6MTcxNQ==,2021-09-26T21:33:53+00:00,LBAND,510.60649390654135,10.390668409548635,2.32582292533992e-05,59000.0,0.9482,0.06,1267.71411132812,1.995,-1.04234,0.07,0.1500913558467742
UHVsc2FyRm9sZFJlc3VsdE5vZGU6MTcwNA==,2021-05-16T03:07:48+00:00,LBAND,510.60649390654135,10.390861934019767,2.578556729270866e-05,59000.0,2.7138,0.07,1835.03662109375,2.944,-0.15507,0.06,0.08787512400793651
UHVsc2FyRm9sZFJlc3VsdE5vZGU6NzM1NTA=,2024-03-08T06:17:23+00:00,UHF,511.209984,10.390163461274604,1.958825159504873e-05,59000.0,0.7511,0.151,1116.75915527344,2.452,-1.38395,0.04,0.09478856646825397
UHVsc2FyRm9sZFJlc3VsdE5vZGU6MTY3MQ==,2020-07-16T23:54:17+00:00,LBAND,511.8617001869152,10.390810977474523,2.893067200049937e-05,59000.0,0.692,0.152,403.776977539062,0.781,-0.7215,0.08,0.11315724206349206
UHVsc2FyRm9sZFJlc3VsdE5vZGU6MTcxNw==,2021-10-23T15:17:59+00:00,LBAND,511.46965413084047,10.390635526491087,2.068175251971717e-05,59000.0,1.8447,0.077,1512.88879394531,2.416,-1.77882,0.05,0.10691034226190477
UHVsc2FyRm9sZFJlc3VsdE5vZGU6NzM1NjY=,2024-03-09T06:38:21+00:00,LBAND,511.54544927102796,10.390156727823172,1.85927412494299e-05,59000.0,1.3713,0.044,2101.84204101562,3.16,-1.98886,0.05,0.1066623263888889
UHVsc2FyRm9sZFJlc3VsdE5vZGU6Nzc5NjQ=,2024-08-29T18:47:55+00:00,LBAND,255.56959222429902,10.390112008896027,1.104053820003465e-05,59000.0,1.8404,0.024,5044.46142578125,10.542,-1.54205,0.03,0.10679183467741936
UHVsc2FyRm9sZFJlc3VsdE5vZGU6MTU4Nw==,2019-11-12T18:17:30+00:00,LBAND,520.4845170841114,10.390623081170773,2.115910281144424e-05,59000.0,0.7303,0.067,1009.94372558594,1.702,-1.18849,0.07,0.084136962890625
UHVsc2FyRm9sZFJlc3VsdE5vZGU6NzU2ODk=,2024-05-02T02:44:14+00:00,LBAND,510.5201142429906,10.390144389285211,3.522656292134383e-05,59000.0,3.9834,0.08,1751.95874023438,3.127,-0.531225,0.05,0.10545324900793651
UHVsc2FyRm9sZFJlc3VsdE5vZGU6NzM0NTk=,2024-02-23T11:59:46+00:00,LBAND,510.5201142429906,10.390253569573751,1.431572427037842e-05,59000.0,0.8114,0.053,1380.908203125,2.319,-3.35559,0.05,0.1101345486111111
UHVsc2FyRm9sZFJlc3VsdE5vZGU6MTYyMg==,2020-03-06T05:46:24+00:00,LBAND,905.4990020186908,10.39062091635449,4.425450640604297e-05,59000.0,4.1291,0.115,1248.06420898438,1.686,-0.824848,0.07,0.10874720982142858
UHVsc2FyRm9sZFJlc3VsdE5vZGU6MTUzMg==,2019-02-12T08:40:47+00:00,LBAND,512.0000000000001,10.390462723799228,3.938045380939132e-05,59000.0,1.3209,0.189,427.203063964844,0.967,-0.75388,0.09,0.1573998235887097
UHVsc2FyRm9sZFJlc3VsdE5vZGU6Nzg0NDU=,2024-10-03T20:14:28+00:00,LBAND,255.4922084485981,10.390139398168404,2.039060708778435e-05,59000.0,0.6928,0.066,986.360229492188,2.332,-2.42926,0.06,0.17102444556451613
UHVsc2FyRm9sZFJlc3VsdE5vZGU6MTcxMQ==,2021-07-21T21:15:47+00:00,LBAND,511.5476240747656,10.390712047633196,3.612587601161296e-05,59000.0,1.4402,0.151,561.847290039062,1.135,-0.782279,0.08,0.09170386904761904
UHVsc2FyRm9sZFJlc3VsdE5vZGU6MTYxNw==,2020-03-06T05:16:06+00:00,LBAND,898.5212411214947,10.390568002646937,4.662857924260126e-05,59000.0,5.7858,0.096,1847.91760253906,2.226,-0.657171,0.06,0.10076904296875
UHVsc2FyRm9sZFJlc3VsdE5vZGU6Mzg5MzU=,2023-05-22T17:11:32+00:00,UHF_NS,279.99995904000014,None,None,None,None,None,5.59481573104858,None,None,None,None
UHVsc2FyRm9sZFJlc3VsdE5vZGU6Mzg5NTk=,2022-01-27T00:46:37+00:00,UHF_NS,295.0472704000001,None,None,None,None,None,3.18739128112793,None,None,None,None
UHVsc2FyRm9sZFJlc3VsdE5vZGU6Mzg5ODU=,2021-11-21T05:10:02+00:00,UHF_NS,297.9999948800001,None,None,None,None,None,2.58913969993591,None,None,None,None
UHVsc2FyRm9sZFJlc3VsdE5vZGU6MzkwMTE=,2023-03-16T21:34:50+00:00,UHF_NS,295.0517350400001,None,None,None,None,None,6.27640104293823,None,None,None,None
UHVsc2FyRm9sZFJlc3VsdE5vZGU6MTc1Mg==,2023-01-13T11:45:51+00:00,LBAND,255.4987208971956,10.390428128765645,4.958557936163611e-05,59000.0,2.2912,0.24,570.21337890625,1.394,-3.17099,0.06,0.1004914314516129
UHVsc2FyRm9sZFJlc3VsdE5vZGU6MTY0Mw==,2020-04-09T01:28:06+00:00,LBAND,520.5635851962609,10.39058960946137,5.830845634215823e-05,59000.0,2.1661,0.238,511.549133300781,0.782,-0.853332,0.09,0.0836639404296875
UHVsc2FyRm9sZFJlc3VsdE5vZGU6MTU0Mw==,2019-07-01T17:43:45+00:00,LBAND,1025.604356785047,10.390495041842234,3.363271675990036e-05,59000.0,1.6013,0.094,1047.841796875,1.537,-0.620331,0.08,0.07383586749932121
UHVsc2FyRm9sZFJlc3VsdE5vZGU6Mzc4ODg=,2023-12-11T15:21:08+00:00,LBAND,255.4922084485981,10.390266713568897,2.239386638364564e-05,59000.0,1.266,0.083,1024.71838378906,2.423,-2.81619,0.05,0.07793598790322581
UHVsc2FyRm9sZFJlc3VsdE5vZGU6MTYzMw==,2020-03-18T02:27:58+00:00,LBAND,513.5858242990647,10.390608578355028,2.504921678099494e-05,59000.0,0.8108,0.113,601.655517578125,1.161,-0.301505,0.07,0.09919084821428571
UHVsc2FyRm9sZFJlc3VsdE5vZGU6Mzg5MzY=,2023-05-16T17:35:00+00:00,UHF_NS,299.99994880000014,None,None,None,None,None,3.09594893455505,None,None,None,None
UHVsc2FyRm9sZFJlc3VsdE5vZGU6Mzg5NjA=,2022-10-31T06:33:37+00:00,UHF_NS,280.0000000000001,None,None,None,None,None,14.3586740493774,0.016051305796044624,None,None,None
UHVsc2FyRm9sZFJlc3VsdE5vZGU6Mzg5ODY=,2022-06-23T15:04:44+00:00,UHF_NS,275.9999385600001,None,None,None,None,None,2.15226745605469,None,None,None,None
UHVsc2FyRm9sZFJlc3VsdE5vZGU6MzkwMTI=,2022-06-02T16:27:09+00:00,UHF_NS,296.06498304000013,None,None,None,None,None,3.34080576896667,None,None,None,None
UHVsc2FyRm9sZFJlc3VsdE5vZGU6Mzc4OTA=,2023-11-29T16:48:19+00:00,LBAND,511.54544927102796,10.390204224445405,1.800596845333338e-05,59000.0,0.9348,0.101,724.191833496094,1.255,-3.00782,0.05,0.13878038194444445
UHVsc2FyRm9sZFJlc3VsdE5vZGU6Mzc4ODk=,2023-11-30T17:04:26+00:00,LBAND,255.56959222429902,10.390184277699673,3.855937729165281e-05,59000.0,0.8849,0.099,752.580078125,1.608,-2.83094,0.09,0.09617565524193548
UHVsc2FyRm9sZFJlc3VsdE5vZGU6MTYwNA==,2020-02-28T04:01:47+00:00,LBAND,257.53692112149463,10.390533230508083,0.00022509255412973754,59000.0,7.9038,1.009,219.261840820312,0.571,-0.529475,0.15,0.10817792338709678
UHVsc2FyRm9sZFJlc3VsdE5vZGU6Mzg5NjE=,2022-11-26T04:51:25+00:00,UHF_NS,280.0000000000001,None,None,None,None,None,1.54724192619324,None,None,None,None
UHVsc2FyRm9sZFJlc3VsdE5vZGU6Mzg5Mzc=,2023-05-26T16:55:48+00:00,UHF_NS,279.99996928000013,None,None,None,None,None,2.28602647781372,None,None,None,None
UHVsc2FyRm9sZFJlc3VsdE5vZGU6Mzg5ODc=,2022-10-03T08:23:40+00:00,UHF_NS,299.99996928000013,None,None,None,None,None,3.00276827812195,None,None,None,None
UHVsc2FyRm9sZFJlc3VsdE5vZGU6MzkwMTM=,2023-02-28T22:37:46+00:00,UHF_NS,280.0000000000001,None,None,None,None,None,7.29812049865723,0.008238785197423194,None,None,None
UHVsc2FyRm9sZFJlc3VsdE5vZGU6Mzg5NjI=,2023-03-02T22:29:52+00:00,UHF_NS,297.0517811200001,None,None,None,None,None,6.29610300064087,None,None,None,None
UHVsc2FyRm9sZFJlc3VsdE5vZGU6Mzg5Mzg=,2023-05-31T16:36:09+00:00,UHF_NS,279.99995904000014,None,None,None,None,None,2.5987274646759,None,None,None,None
UHVsc2FyRm9sZFJlc3VsdE5vZGU6Mzg5ODg=,2022-08-16T11:32:24+00:00,UHF_NS,295.9999488000001,None,None,None,None,None,1.61012268066406,None,None,None,None
UHVsc2FyRm9sZFJlc3VsdE5vZGU6MzkwMTQ=,2022-09-29T08:39:23+00:00,UHF_NS,292.0493875200001,None,None,None,None,None,5.53653144836426,None,None,None,None
UHVsc2FyRm9sZFJlc3VsdE5vZGU6Mzg5NjM=,2022-08-11T11:52:04+00:00,UHF_NS,295.9999385600001,None,None,None,None,None,3.31096982955933,None,None,None,None
UHVsc2FyRm9sZFJlc3VsdE5vZGU6Mzg5ODk=,2021-11-06T06:09:00+00:00,UHF_NS,299.9999488000001,None,None,None,None,None,3.77757883071899,None,None,None,None
UHVsc2FyRm9sZFJlc3VsdE5vZGU6Mzg5Mzk=,2023-05-11T17:54:39+00:00,UHF_NS,299.99995904000014,None,None,None,None,None,3.02689337730408,None,None,None,None
UHVsc2FyRm9sZFJlc3VsdE5vZGU6MzkwMTU=,2023-03-11T21:54:29+00:00,UHF_NS,280.0000000000001,None,None,None,None,None,5.18953895568848,None,None,None,None
UHVsc2FyRm9sZFJlc3VsdE5vZGU6MTY3OA==,2020-08-26T20:10:33+00:00,LBAND,255.49872089719557,10.390876173172607,4.808885448120553e-05,59000.0,0.6058,0.113,443.789459228516,1.291,-0.861047,0.1,0.0918913810483871
UHVsc2FyRm9sZFJlc3VsdE5vZGU6MTYzNw==,2020-04-03T02:39:02+00:00,LBAND,514.6049244112143,10.390564203769078,5.88161366698227e-05,59000.0,0.8961,0.228,327.183776855469,0.57,-0.993683,0.15,0.0877685546875
UHVsc2FyRm9sZFJlc3VsdE5vZGU6Mzg5NjQ=,2021-07-28T12:46:11+00:00,UHF_NS,338.0786892800001,None,None,None,None,None,3.33453345298767,None,None,None,None
UHVsc2FyRm9sZFJlc3VsdE5vZGU6Mzg5OTA=,2021-12-01T04:30:44+00:00,UHF_NS,295.9999488000001,None,None,None,None,None,5.15845918655396,None,None,None,None
UHVsc2FyRm9sZFJlc3VsdE5vZGU6Mzg5NDA=,2023-05-06T18:14:19+00:00,UHF_NS,299.9999795200001,None,None,None,None,None,2.69089341163635,None,None,None,None
UHVsc2FyRm9sZFJlc3VsdE5vZGU6MzkwMTY=,2022-09-11T09:50:10+00:00,UHF_NS,280.0000000000001,None,None,None,None,None,37.4752159118652,0.037373462300359823,None,None,None
UHVsc2FyRm9sZFJlc3VsdE5vZGU6Mzg5NjU=,2022-06-24T14:57:29+00:00,UHF_NS,676.0688947200003,None,None,None,None,None,8.97102451324463,0.006615688822570498,None,None,None
UHVsc2FyRm9sZFJlc3VsdE5vZGU6Mzg5OTE=,2022-01-17T01:25:56+00:00,UHF_NS,295.05391616000014,None,None,None,None,None,2.36176896095276,None,None,None,None
UHVsc2FyRm9sZFJlc3VsdE5vZGU6MzkwMTc=,2021-05-11T17:52:39+00:00,UHF_NS,280.0000000000001,None,None,None,None,None,3.63733673095703,None,None,None,None
UHVsc2FyRm9sZFJlc3VsdE5vZGU6MzQ5OTA=,2023-10-30T16:09:25+00:00,LBAND,511.54544927102796,10.390223889568862,2.371165446499939e-05,59000.0,2.3099,0.059,1893.81848144531,3.102,-2.79416,0.05,0.09750124007936507
UHVsc2FyRm9sZFJlc3VsdE5vZGU6Mzg5NjY=,2022-07-31T12:35:19+00:00,UHF_NS,299.06052096000013,None,None,None,None,None,5.07021617889404,None,None,None,None
UHVsc2FyRm9sZFJlc3VsdE5vZGU6Mzg5OTI=,2022-12-31T02:33:47+00:00,UHF_NS,280.0000000000001,None,None,None,None,None,5.77124309539795,None,None,None,None
UHVsc2FyRm9sZFJlc3VsdE5vZGU6MzkwMTg=,2022-03-21T21:14:08+00:00,UHF_NS,296.0716902400001,None,None,None,None,None,3.62908124923706,None,None,None,None
UHVsc2FyRm9sZFJlc3VsdE5vZGU6MTY4MQ==,2020-09-11T18:12:07+00:00,LBAND,255.57778900934514,10.390836837478368,1.657097152647724e-05,59000.0,2.0322,0.09,1183.31555175781,3.062,-0.935445,0.03,0.08880418346774194
UHVsc2FyRm9sZFJlc3VsdE5vZGU6Mzg5NDE=,2021-12-02T04:26:47+00:00,UHF_NS,280.0000000000001,None,None,None,None,None,7.98672676086426,0.008045283375265225,None,None,None
UHVsc2FyRm9sZFJlc3VsdE5vZGU6Mzg5Njc=,2023-03-31T20:35:51+00:00,UHF_NS,295.0451404800001,None,None,None,None,None,18.7654724121094,0.026152878980248522,None,None,None
UHVsc2FyRm9sZFJlc3VsdE5vZGU6Mzg5OTM=,2022-06-21T15:12:35+00:00,UHF_NS,279.9999795200001,None,None,None,None,None,4.50115346908569,None,None,None,None
UHVsc2FyRm9sZFJlc3VsdE5vZGU6MzkwMTk=,2023-04-06T20:12:16+00:00,UHF_NS,300.0000000000001,None,None,None,None,None,2.3615095615387,None,None,None,None
UHVsc2FyRm9sZFJlc3VsdE5vZGU6Mzg5NDI=,2022-09-16T09:30:30+00:00,UHF_NS,280.0000000000001,None,None,None,None,None,2.83567476272583,None,None,None,None
UHVsc2FyRm9sZFJlc3VsdE5vZGU6Mzg5Njg=,2022-09-26T08:51:11+00:00,UHF_NS,280.0000000000001,None,None,None,None,None,4.73321628570557,None,None,None,None
UHVsc2FyRm9sZFJlc3VsdE5vZGU6Mzg5OTQ=,2021-06-17T15:27:41+00:00,UHF_NS,278.9998796800001,None,None,None,None,None,2.35580539703369,None,None,None,None
UHVsc2FyRm9sZFJlc3VsdE5vZGU6MzUzMDQ=,2023-06-28T02:28:41+00:00,LBAND,255.56959222429902,10.390160254230334,4.853831292256355e-05,59000.0,1.4524,0.227,451.178436279297,0.999,-0.680205,0.08,0.10149949596774194
UHVsc2FyRm9sZFJlc3VsdE5vZGU6MTc0OA==,2022-12-19T11:38:05+00:00,LBAND,511.5476240747657,10.39038225352829,1.453700798100229e-05,59000.0,1.2161,0.037,2340.07373046875,3.622,-2.47461,0.05,0.07998511904761904
UHVsc2FyRm9sZFJlc3VsdE5vZGU6MzkwMjA=,2022-11-16T05:30:44+00:00,UHF_NS,295.06928640000007,None,None,None,None,None,2.52802300453186,None,None,None,None
UHVsc2FyRm9sZFJlc3VsdE5vZGU6Mzg5NDM=,2022-07-11T13:53:58+00:00,UHF_NS,296.04724736000014,None,None,None,None,None,7.09912300109863,0.005957666107001314,None,None,None
UHVsc2FyRm9sZFJlc3VsdE5vZGU6Mzg5Njk=,2021-11-01T06:28:41+00:00,UHF_NS,298.0472422400001,None,None,None,None,None,3.35976624488831,None,None,None,None
UHVsc2FyRm9sZFJlc3VsdE5vZGU6Mzg5OTU=,2023-01-01T02:29:52+00:00,UHF_NS,280.0000000000001,None,None,None,None,None,4.35119342803955,None,None,None,None
UHVsc2FyRm9sZFJlc3VsdE5vZGU6MzkwMjE=,2023-01-22T01:07:18+00:00,UHF_NS,280.0000000000001,None,None,None,None,None,2.57299327850342,None,None,None,None
UHVsc2FyRm9sZFJlc3VsdE5vZGU6MTc2Mg==,2023-04-22T02:48:47+00:00,LBAND,255.4987208971956,10.390194192176633,5.199432364659545e-05,59000.0,1.8931,0.238,469.867645263672,1.058,-0.414595,0.09,0.08776461693548387
UHVsc2FyRm9sZFJlc3VsdE5vZGU6MTYyNg==,2020-03-06T06:16:54+00:00,LBAND,905.4990020186908,10.390612442132262,1.834197711101698e-05,59000.0,0.7444,0.065,958.83837890625,1.242,-0.785329,0.07,0.10551234654017858
UHVsc2FyRm9sZFJlc3VsdE5vZGU6Mzg5NDQ=,2022-07-01T14:33:16+00:00,UHF_NS,296.06052864000014,None,None,None,None,None,8.12021160125732,0.006673824671062051,None,None,None
UHVsc2FyRm9sZFJlc3VsdE5vZGU6Mzg5NzA=,2021-04-22T19:07:18+00:00,UHF_NS,280.0000000000001,None,None,None,None,None,3.31526446342468,None,None,None,None
UHVsc2FyRm9sZFJlc3VsdE5vZGU6Mzg5OTY=,2021-10-26T06:52:15+00:00,UHF_NS,295.0605516800001,None,None,None,None,None,4.58156585693359,None,None,None,None
UHVsc2FyRm9sZFJlc3VsdE5vZGU6MzkwMjI=,2022-05-31T16:35:00+00:00,UHF_NS,299.9999283200001,None,None,None,None,None,2.67250299453735,None,None,None,None
UHVsc2FyRm9sZFJlc3VsdE5vZGU6MTYxMQ==,2020-03-04T02:33:58+00:00,LBAND,369.4896807476629,10.390575467820701,3.137097998253915e-05,59000.0,1.7965,0.08,1289.32629394531,2.657,-0.201423,0.06,0.10138888888888889
UHVsc2FyRm9sZFJlc3VsdE5vZGU6MzU0MTE=,2023-06-06T02:38:06+00:00,LBAND,510.60717099065414,10.390178235068054,2.476014450346087e-05,59000.0,1.0273,0.036,2096.49633789062,3.406,-0.654139,0.07,0.10832093253968254
UHVsc2FyRm9sZFJlc3VsdE5vZGU6Mzg5NDU=,2023-03-07T22:10:12+00:00,UHF_NS,297.05179136000015,None,None,None,None,None,1.66030430793762,None,None,None,None
UHVsc2FyRm9sZFJlc3VsdE5vZGU6Mzg5NzE=,2021-06-30T14:37:29+00:00,UHF_NS,260.0000000000001,None,None,None,None,None,1.73898136615753,None,None,None,None
UHVsc2FyRm9sZFJlc3VsdE5vZGU6Mzg5OTc=,2021-10-22T07:08:00+00:00,UHF_NS,298.0472422400001,None,None,None,None,None,7.14901971817017,0.0066001320486764265,None,None,None
UHVsc2FyRm9sZFJlc3VsdE5vZGU6MzkwMjM=,2022-10-21T07:12:49+00:00,UHF_NS,280.0000000000001,None,None,None,None,None,4.74771451950073,None,None,None,None
UHVsc2FyRm9sZFJlc3VsdE5vZGU6Mzg5NDY=,2022-02-02T00:23:01+00:00,UHF_NS,298.9999513600001,None,None,None,None,None,4.28053760528564,None,None,None,None
UHVsc2FyRm9sZFJlc3VsdE5vZGU6Mzg5NDc=,2022-01-12T01:45:36+00:00,UHF_NS,280.0000000000001,None,None,None,None,None,2.51387000083923,None,None,None,None
UHVsc2FyRm9sZFJlc3VsdE5vZGU6Mzg5NzI=,2022-05-16T17:33:59+00:00,UHF_NS,300.0000000000001,None,None,None,None,None,1.74056279659271,None,None,None,None
UHVsc2FyRm9sZFJlc3VsdE5vZGU6Mzg5NzM=,2021-11-11T05:49:22+00:00,UHF_NS,297.9999641600001,None,None,None,None,None,4.97139358520508,None,None,None,None
UHVsc2FyRm9sZFJlc3VsdE5vZGU6Mzg5OTg=,2022-12-01T04:31:45+00:00,UHF_NS,280.0000000000001,None,None,None,None,None,2.28482031822205,None,None,None,None
UHVsc2FyRm9sZFJlc3VsdE5vZGU6MzkwMjQ=,2023-01-11T01:50:33+00:00,UHF_NS,280.0000000000001,None,None,None,None,None,3.93733596801758,None,None,None,None
UHVsc2FyRm9sZFJlc3VsdE5vZGU6MTYzOQ==,2020-04-05T02:04:49+00:00,LBAND,514.6049244112143,10.390593960676249,4.271678498468527e-05,59000.0,2.2188,0.164,686.694091796875,1.189,-0.552621,0.07,0.10140749007936507
UHVsc2FyRm9sZFJlc3VsdE5vZGU6Mzg5OTk=,2022-11-11T05:50:23+00:00,UHF_NS,296.0759193600001,None,None,None,None,None,1.74070608615875,None,None,None,None
UHVsc2FyRm9sZFJlc3VsdE5vZGU6MzkwMjU=,2022-05-26T16:54:41+00:00,UHF_NS,298.9999206400001,None,None,None,None,None,6.92078685760498,None,None,None,None
UHVsc2FyRm9sZFJlc3VsdE5vZGU6MTcyNw==,2022-03-10T10:37:35+00:00,LBAND,511.5476240747657,10.390435298543306,4.501870662716781e-05,59000.0,1.3025,0.083,847.61279296875,1.458,-1.85207,0.09,0.0990358382936508
UHVsc2FyRm9sZFJlc3VsdE5vZGU6Mzg5NDg=,2022-06-14T15:39:58+00:00,UHF_NS,299.9999590400001,None,None,None,None,None,4.72266530990601,None,None,None,None
UHVsc2FyRm9sZFJlc3VsdE5vZGU6Mzg5NzQ=,2021-06-29T14:38:26+00:00,UHF_NS,260.0000000000001,None,None,None,None,None,7.33194828033447,0.01037423262500422,None,None,None
UHVsc2FyRm9sZFJlc3VsdE5vZGU6MzkwMDA=,2022-05-11T17:53:38+00:00,UHF_NS,299.99995904000014,None,None,None,None,None,2.11003375053406,None,None,None,None
UHVsc2FyRm9sZFJlc3VsdE5vZGU6MzkwMjY=,2022-05-23T17:06:28+00:00,UHF_NS,296.07163904000015,None,None,None,None,None,2.96046161651611,None,None,None,None
UHVsc2FyRm9sZFJlc3VsdE5vZGU6MTY1NA==,2020-05-11T07:56:01+00:00,LBAND,513.8208322990647,10.390621931188624,4.222261052700686e-05,59000.0,0.7718,0.16,412.495666503906,0.678,-0.809003,0.12,0.07624937996031746
UHVsc2FyRm9sZFJlc3VsdE5vZGU6Mzg4MDU=,2023-06-21T15:13:36+00:00,UHF_NS,279.9999897600001,None,None,None,None,None,2.6439573764801,None,None,None,None
UHVsc2FyRm9sZFJlc3VsdE5vZGU6Mzg5NDk=,2022-07-16T13:34:17+00:00,UHF_NS,297.06047488000013,None,None,None,None,None,6.0579137802124,None,None,None,None
UHVsc2FyRm9sZFJlc3VsdE5vZGU6Mzg5NTA=,2022-10-26T06:53:18+00:00,UHF_NS,280.0000000000001,None,None,None,None,None,2.38146281242371,None,None,None,None
UHVsc2FyRm9sZFJlc3VsdE5vZGU6Mzg5NzU=,2022-04-15T19:33:57+00:00,UHF_NS,300.0000000000001,None,None,None,None,None,2.64950203895569,None,None,None,None
UHVsc2FyRm9sZFJlc3VsdE5vZGU6Mzg5NzY=,2023-02-21T23:05:25+00:00,UHF_NS,280.0000000000001,None,None,None,None,None,23.1908016204834,0.027188958434737905,None,None,None
UHVsc2FyRm9sZFJlc3VsdE5vZGU6MzkwMDE=,2022-02-21T23:04:14+00:00,UHF_NS,300.0000000000001,None,None,None,None,None,3.78383779525757,None,None,None,None
UHVsc2FyRm9sZFJlc3VsdE5vZGU6MzkwMDI=,2023-01-26T00:51:34+00:00,UHF_NS,280.0000000000001,None,None,None,None,None,4.12412118911743,None,None,None,None
UHVsc2FyRm9sZFJlc3VsdE5vZGU6MTYyOQ==,2020-03-11T03:00:52+00:00,LBAND,257.53692112149463,10.3905879023464,1.37009978964215e-05,59000.0,1.3121,0.015,5602.5537109375,13.972,-0.46733,0.04,0.09050529233870967
UHVsc2FyRm9sZFJlc3VsdE5vZGU6MTY0Ng==,2020-04-13T03:25:25+00:00,LBAND,513.5858242990647,10.390563168445528,3.986659349476961e-05,59000.0,0.8369,0.163,480.986236572266,0.801,-0.890724,0.11,0.11889260912698413
UHVsc2FyRm9sZFJlc3VsdE5vZGU6Mzg5NTE=,2022-02-01T00:26:56+00:00,UHF_NS,296.06052864000014,None,None,None,None,None,6.32809400558472,None,None,None,None
UHVsc2FyRm9sZFJlc3VsdE5vZGU6Mzg4MDY=,2023-06-11T15:52:54+00:00,UHF_NS,279.9999795200001,None,None,None,None,None,6.1811203956604,None,None,None,None
UHVsc2FyRm9sZFJlc3VsdE5vZGU6Mzg5Nzc=,2022-05-21T17:14:19+00:00,UHF_NS,299.9999795200001,None,None,None,None,None,3.19439768791199,None,None,None,None
UHVsc2FyRm9sZFJlc3VsdE5vZGU6MzkwMDM=,2022-03-16T21:33:48+00:00,UHF_NS,296.0717004800001,None,None,None,None,None,7.48491477966309,0.005817605711607394,None,None,None
UHVsc2FyRm9sZFJlc3VsdE5vZGU6MTU4NQ==,2019-11-02T09:20:00+00:00,LBAND,265.61210736448623,10.390525214057384,5.005417241330082e-05,59000.0,1.5029,0.153,560.216857910156,1.68,-0.698744,0.09,0.07765355603448276
UHVsc2FyRm9sZFJlc3VsdE5vZGU6MTcyMg==,2021-12-27T12:09:35+00:00,LBAND,511.5476240747657,10.390589373409354,2.292816051979761e-05,59000.0,3.3688,0.078,1830.31872558594,2.995,-2.17512,0.05,0.09032428075396826
UHVsc2FyRm9sZFJlc3VsdE5vZGU6MTY2MA==,2020-05-24T20:07:16+00:00,LBAND,510.8415019065414,10.390694199548868,2.791968550903502e-05,59000.0,1.2104,0.077,1131.26916503906,1.907,-0.591669,0.07,0.13938492063492064
UHVsc2FyRm9sZFJlc3VsdE5vZGU6Mzg5NTI=,2022-02-25T22:48:31+00:00,UHF_NS,299.0716928000001,None,None,None,None,None,1.99036133289337,None,None,None,None
UHVsc2FyRm9sZFJlc3VsdE5vZGU6Mzg5Nzg=,2021-11-16T05:29:42+00:00,UHF_NS,297.9999744000001,None,None,None,None,None,5.85614728927612,None,None,None,None
UHVsc2FyRm9sZFJlc3VsdE5vZGU6Mzg4MDc=,2023-06-26T14:53:56+00:00,UHF_NS,279.99996928000013,None,None,None,None,None,3.25827503204346,None,None,None,None
UHVsc2FyRm9sZFJlc3VsdE5vZGU6MzkwMDQ=,2022-04-16T19:29:58+00:00,UHF_NS,300.0000000000001,None,None,None,None,None,5.4871129989624,None,None,None,None
UHVsc2FyRm9sZFJlc3VsdE5vZGU6MTY4NQ==,2020-10-12T19:21:58+00:00,LBAND,511.6255940186909,10.390851627486416,1.439597400865592e-05,59000.0,0.6722,0.071,943.765380859375,1.628,-0.985074,0.05,0.07449776785714286
UHVsc2FyRm9sZFJlc3VsdE5vZGU6MTU4OA==,2019-11-23T18:15:21+00:00,LBAND,258.55669353271054,10.390568946740615,0.00010231720246905026,59000.0,1.5755,0.238,285.941864013672,0.874,-1.09867,0.15,0.07824666295884315
UHVsc2FyRm9sZFJlc3VsdE5vZGU6NDM3OTE=,2024-01-10T12:10:51+00:00,LBAND,511.46806549532704,10.390271929836358,2.681805275002947e-05,59000.0,1.7318,0.117,1029.44311523438,1.594,-3.38397,0.06,0.11560639880952381
UHVsc2FyRm9sZFJlc3VsdE5vZGU6Mzg5NTM=,2021-10-31T06:32:36+00:00,UHF_NS,296.06053888000014,None,None,None,None,None,5.67106866836548,None,None,None,None
UHVsc2FyRm9sZFJlc3VsdE5vZGU6Mzg5Nzk=,2022-10-16T07:32:34+00:00,UHF_NS,280.0000000000001,None,None,None,None,None,4.29164743423462,None,None,None,None
UHVsc2FyRm9sZFJlc3VsdE5vZGU6Mzg4MDg=,2023-06-06T16:12:33+00:00,UHF_NS,279.99995904000014,None,None,None,None,None,2.18753147125244,None,None,None,None
UHVsc2FyRm9sZFJlc3VsdE5vZGU6MzkwMDU=,2022-12-06T04:12:05+00:00,UHF_NS,280.0000000000001,None,None,None,None,None,1.42096769809723,None,None,None,None
UHVsc2FyRm9sZFJlc3VsdE5vZGU6MTY1Nw==,2020-05-17T21:17:35+00:00,LBAND,513.8999004112143,10.390621031640528,2.205551191128939e-05,59000.0,3.8545,0.068,3003.45727539062,4.268,-0.486578,0.04,0.1047210693359375
UHVsc2FyRm9sZFJlc3VsdE5vZGU6MTcyNA==,2022-01-30T13:09:01+00:00,LBAND,511.5476240747657,10.390620537481835,3.351657024950854e-05,59000.0,1.2036,0.103,733.731567382812,1.198,-2.1005,0.08,0.09182787698412699
UHVsc2FyRm9sZFJlc3VsdE5vZGU6Mzg5NTQ=,2022-03-26T20:54:29+00:00,UHF_NS,297.07167744000014,None,None,None,None,None,8.30866527557373,0.006548084658741392,None,None,None
UHVsc2FyRm9sZFJlc3VsdE5vZGU6Mzg5ODA=,2021-07-18T13:26:46+00:00,UHF_NS,258.0425830400001,None,None,None,None,None,2.8308310508728,None,None,None,None
UHVsc2FyRm9sZFJlc3VsdE5vZGU6Mzg4MDk=,2023-06-01T16:32:13+00:00,UHF_NS,279.99994880000014,None,None,None,None,None,4.65377473831177,None,None,None,None
UHVsc2FyRm9sZFJlc3VsdE5vZGU6MzkwMDY=,2021-09-27T08:46:18+00:00,UHF_NS,297.0539315200001,None,None,None,None,None,3.17430329322815,None,None,None,None
UHVsc2FyRm9sZFJlc3VsdE5vZGU6MTYzMg==,2020-03-16T09:24:18+00:00,LBAND,258.5571194018685,10.390590286456254,2.259023789103775e-05,59000.0,1.497,0.113,756.237121582031,1.933,-0.63901,0.05,0.10493321572580645
UHVsc2FyRm9sZFJlc3VsdE5vZGU6MTc2Mw==,2023-04-29T03:24:30+00:00,LBAND,511.5476240747656,10.390235801365654,2.370993444530977e-05,59000.0,3.1314,0.094,1356.900390625,2.345,-0.617683,0.05,0.09722222222222222
UHVsc2FyRm9sZFJlc3VsdE5vZGU6Mzg5NTU=,2021-05-10T17:56:36+00:00,UHF_NS,280.0000000000001,None,None,None,None,None,3.81091332435608,None,None,None,None
UHVsc2FyRm9sZFJlc3VsdE5vZGU6Mzg5ODE=,2022-01-20T01:14:08+00:00,UHF_NS,278.0781158400001,None,None,None,None,None,3.51092886924744,None,None,None,None
UHVsc2FyRm9sZFJlc3VsdE5vZGU6Mzg4MTA=,2023-06-16T15:33:14+00:00,UHF_NS,279.99996928000013,None,None,None,None,None,4.31029462814331,None,None,None,None
UHVsc2FyRm9sZFJlc3VsdE5vZGU6MzkwMDc=,2022-09-22T09:06:55+00:00,UHF_NS,280.0000000000001,None,None,None,None,None,1.89607262611389,None,None,None,None
UHVsc2FyRm9sZFJlc3VsdE5vZGU6MTczNA==,2022-06-18T23:51:33+00:00,LBAND,511.5476240747657,10.390418720986494,1.782564399549346e-05,59000.0,3.6219,0.041,3752.74560546875,5.775,-0.572265,0.04,0.10207403273809523
UHVsc2FyRm9sZFJlc3VsdE5vZGU6MTY3NQ==,2020-07-30T21:51:37+00:00,LBAND,255.89076695327034,10.390729407810328,1.640150458397709e-05,59000.0,1.2055,0.066,1265.59594726562,3.006,-0.779982,0.04,0.12934727822580644
UHVsc2FyRm9sZFJlc3VsdE5vZGU6Mzg5NTY=,2021-06-15T15:35:35+00:00,UHF_NS,279.99996928000013,None,None,None,None,None,10.5124645233154,0.010472296892480588,None,None,None
UHVsc2FyRm9sZFJlc3VsdE5vZGU6Mzg5ODI=,2022-07-26T12:54:57+00:00,UHF_NS,296.05391360000016,None,None,None,None,None,2.22840189933777,None,None,None,None
UHVsc2FyRm9sZFJlc3VsdE5vZGU6MzkwMDg=,2022-08-01T12:31:23+00:00,UHF_NS,296.9999564800001,None,None,None,None,None,4.56798887252808,None,None,None,None
UHVsc2FyRm9sZFJlc3VsdE5vZGU6MTY1Mw==,2020-05-10T20:53:03+00:00,LBAND,512.8017321869152,10.390678874736432,2.035752769681917e-05,59000.0,0.9173,0.088,920.263488769531,1.508,-0.395787,0.06,0.25851004464285715
UHVsc2FyRm9sZFJlc3VsdE5vZGU6MTYwMw==,2020-02-27T03:55:16+00:00,LBAND,514.6049244112143,10.390578822601347,8.43305807002107e-05,59000.0,1.4333,0.299,357.250946044922,0.633,-0.641024,0.15,0.09619915674603174
UHVsc2FyRm9sZFJlc3VsdE5vZGU6Mzg5NTc=,2022-07-06T14:13:36+00:00,UHF_NS,296.06049792000016,None,None,None,None,None,3.36657905578613,None,None,None,None
UHVsc2FyRm9sZFJlc3VsdE5vZGU6Mzg5ODM=,2021-06-16T15:31:38+00:00,UHF_NS,279.99996928000013,None,None,None,None,None,5.80629968643188,None,None,None,None
UHVsc2FyRm9sZFJlc3VsdE5vZGU6MzkwMDk=,2022-11-02T06:25:45+00:00,UHF_NS,280.0000000000001,None,None,None,None,None,5.05131149291992,None,None,None,None
UHVsc2FyRm9sZFJlc3VsdE5vZGU6MzUzNzY=,2023-06-19T23:30:51+00:00,LBAND,511.54544927102796,10.39021226789922,1.997368262481941e-05,59000.0,1.1375,0.077,1157.73461914062,1.737,-0.68428,0.05,0.10072544642857142
UHVsc2FyRm9sZFJlc3VsdE5vZGU6MzcyMDk=,2023-11-13T17:46:33+00:00,LBAND,511.54544927102796,10.390180771886847,3.263967018401859e-05,59000.0,1.857,0.085,1142.35864257812,1.78,-2.52955,0.07,0.1033296130952381
UHVsc2FyRm9sZFJlc3VsdE5vZGU6MzcyMTQ=,2023-11-17T11:34:41+00:00,LBAND,510.60717099065414,10.390178725644526,4.5901233604573e-05,59000.0,1.8683,0.178,625.017517089844,1.158,-3.17198,0.08,0.06818611391129033
UHVsc2FyRm9sZFJlc3VsdE5vZGU6MzUzNTY=,2023-09-25T20:58:07+00:00,LBAND,255.56959222429902,10.390250354085092,2.593359455800557e-05,59000.0,1.3388,0.092,991.73095703125,2.458,-1.38879,0.05,0.10279107862903226
UHVsc2FyRm9sZFJlc3VsdE5vZGU6MzUzNTM=,2023-07-06T02:42:54+00:00,LBAND,511.54544927102796,10.390172549056906,1.334199214938682e-05,59000.0,2.1098,0.027,4050.04956054688,6.258,-0.795374,0.03,0.14476376488095238
UHVsc2FyRm9sZFJlc3VsdE5vZGU6Mzg5NTg=,2021-10-11T07:51:14+00:00,UHF_NS,280.0000000000001,None,None,None,None,None,8.28189563751221,0.0073131131312457005,None,None,None
UHVsc2FyRm9sZFJlc3VsdE5vZGU6Mzg5ODQ=,2022-04-12T19:45:48+00:00,UHF_NS,280.0000000000001,None,None,None,None,None,2.47107315063477,None,None,None,None
UHVsc2FyRm9sZFJlc3VsdE5vZGU6MzkwMTA=,2023-04-11T19:52:36+00:00,UHF_NS,300.0000000000001,None,None,None,None,None,2.57772922515869,None,None,None,None
UHVsc2FyRm9sZFJlc3VsdE5vZGU6MTY0NA==,2020-04-09T05:04:04+00:00,LBAND,514.5269544672891,10.390567943813117,4.409350410137343e-05,59000.0,1.904,0.087,1179.20263671875,1.778,-0.395862,0.21,0.09712921626984126
UHVsc2FyRm9sZFJlc3VsdE5vZGU6MTYzNg==,2020-03-31T04:40:02+00:00,LBAND,514.6049244112143,10.390598364987632,2.404888790317189e-05,59000.0,1.2408,0.075,1117.25598144531,1.819,-0.594004,0.06,0.0890531994047619
UHVsc2FyRm9sZFJlc3VsdE5vZGU6MzU0MDY=,2023-08-27T21:44:47+00:00,LBAND,255.56959222429902,10.390253700241555,0.0006544853029670907,59000.0,477.5956,3.039,555.755920410156,1.245,-0.716397,0.07,0.1036101310483871
UHVsc2FyRm9sZFJlc3VsdE5vZGU6MTczOA==,2022-08-08T22:14:38+00:00,LBAND,511.4696541308404,10.390429657255705,4.953119819026672e-05,59000.0,0.8657,0.201,404.933624267578,0.739,-1.22759,0.1,0.1712859623015873
UHVsc2FyRm9sZFJlc3VsdE5vZGU6MTU4NA==,2019-10-30T20:52:36+00:00,LBAND,514.526216373832,10.390533830130385,1.647135313280573e-05,59000.0,0.421,0.064,1008.50158691406,1.569,-1.08375,0.07,0.04604542966611932
UHVsc2FyRm9sZFJlc3VsdE5vZGU6MTU3OQ==,2019-10-16T18:33:52+00:00,LBAND,257.53764007476656,10.39054232317296,2.517947116292746e-05,59000.0,0.3653,0.06,893.88330078125,2.175,-1.3856,0.08,0.10956618464961068
UHVsc2FyRm9sZFJlc3VsdE5vZGU6MTc2Nw==,2023-05-28T04:18:52+00:00,LBAND,511.46806549532704,10.390191954913773,1.638669328209976e-05,59000.0,5.111,0.029,6336.6669921875,9.072,-0.559699,0.03,0.1007719494047619
UHVsc2FyRm9sZFJlc3VsdE5vZGU6MTcyMQ==,2021-12-14T14:04:44+00:00,LBAND,511.5476240747657,10.390482863575365,2.525609748339989e-05,59000.0,1.6477,0.077,1410.11669921875,2.109,-1.63913,0.06,0.10005890376984126
UHVsc2FyRm9sZFJlc3VsdE5vZGU6MTY5OQ==,2021-03-18T07:33:08+00:00,LBAND,255.57778900934514,10.391001913198533,2.905762277770941e-05,59000.0,1.0091,0.11,690.278747558594,1.565,-0.87724,0.07,0.09652217741935484
UHVsc2FyRm9sZFJlc3VsdE5vZGU6MzUzMzI=,2023-07-24T01:45:12+00:00,LBAND,510.5201142429906,10.39030102662411,3.613111306956109e-05,59000.0,0.8543,0.089,719.388244628906,1.209,-1.2205,0.1,0.22139616935483872
UHVsc2FyRm9sZFJlc3VsdE5vZGU6NDM1NTE=,2023-12-27T15:35:40+00:00,LBAND,511.545449271028,10.390241298123527,3.316596161829934e-05,59000.0,1.418,0.082,1038.34826660156,1.777,-2.75339,0.08,0.12721664186507936
UHVsc2FyRm9sZFJlc3VsdE5vZGU6NDQ3OTc=,2024-01-23T11:57:11+00:00,LBAND,254.4765463925233,10.39028097125386,1.985433080512556e-05,59000.0,0.475,0.052,919.810607910156,2.435,-3.42044,0.06,0.09145035282258064
UHVsc2FyRm9sZFJlc3VsdE5vZGU6MzUzNzI=,2023-10-08T16:12:54+00:00,LBAND,511.54544927102796,10.390273123342858,2.776141403250352e-05,59000.0,3.0933,0.071,1837.97399902344,3.103,-3.11665,0.05,0.14405071924603174
UHVsc2FyRm9sZFJlc3VsdE5vZGU6MTYxMA==,2020-03-04T02:25:44+00:00,LBAND,258.5571194018685,10.390624591470083,5.762931695821326e-05,59000.0,1.3696,0.148,623.559265136719,1.578,-0.424917,0.11,0.09576612903225806
UHVsc2FyRm9sZFJlc3VsdE5vZGU6MTc2NA==,2023-05-06T01:59:21+00:00,LBAND,255.5777890093451,10.390161576375608,2.843840592108931e-05,59000.0,2.094,0.084,1187.92041015625,2.808,-0.396223,0.06,0.08177923387096774
UHVsc2FyRm9sZFJlc3VsdE5vZGU6MTY4OA==,2020-11-03T15:36:41+00:00,LBAND,255.49872089719557,10.390899219769274,5.147761428791986e-05,59000.0,1.4547,0.153,667.752746582031,1.517,-1.53559,0.1,0.10102696572580645
UHVsc2FyRm9sZFJlc3VsdE5vZGU6MTY1OA==,2020-05-22T22:48:08+00:00,LBAND,2.2732082242990663,10.387527421528898,0.01027397604060525,59000.0,199.8878,19.084,39.0189819335938,2.103,1.24262,0.29,0.1015625
UHVsc2FyRm9sZFJlc3VsdE5vZGU6MTczMQ==,2022-05-08T02:40:53+00:00,LBAND,511.5476240747657,10.390441783311513,4.948621294153397e-05,59000.0,1.0617,0.161,506.130310058594,0.839,-0.587204,0.12,0.09241691468253968
UHVsc2FyRm9sZFJlc3VsdE5vZGU6MTc0Nw==,2022-12-03T12:43:35+00:00,LBAND,511.54806190654233,10.39043814801124,1.868838598617425e-05,59000.0,1.8186,0.061,1792.85949707031,3.032,-2.42597,0.05,0.07722594246031746
UHVsc2FyRm9sZFJlc3VsdE5vZGU6MTY3MA==,2020-07-10T03:21:47+00:00,LBAND,1023.8013703177563,10.39069589437999,1.437269824787047e-05,59000.0,1.4727,0.085,1260.67041015625,2.503,-0.782125,0.04,0.0743033341535433
UHVsc2FyRm9sZFJlc3VsdE5vZGU6MTYyOA==,2020-03-06T06:32:10+00:00,LBAND,904.5578718504665,10.390578428269114,1.82152337064854e-05,59000.0,0.9419,0.078,956.520385742188,1.277,-0.769309,0.06,0.09810093470982142
UHVsc2FyRm9sZFJlc3VsdE5vZGU6MTY0OA==,2020-04-26T08:55:54+00:00,LBAND,257.8509972336442,10.39060000432,4.574178184631091e-05,59000.0,1.6814,0.126,672.743835449219,1.774,-0.826663,0.08,0.07654989919354839
UHVsc2FyRm9sZFJlc3VsdE5vZGU6MTU3OA==,2019-10-05T14:00:26+00:00,LBAND,257.61560044859834,10.390506948854012,4.691832216669829e-05,59000.0,1.4202,0.177,591.902954101562,1.443,-1.5488,0.08,0.06646273637374861
UHVsc2FyRm9sZFJlc3VsdE5vZGU6MTU0MA==,2019-05-21T03:46:49+00:00,LBAND,513.6641973831778,10.390421259754573,1.455116517848356e-05,59000.0,0.9711,0.04,2151.71069335938,3.48,-0.626013,0.05,0.08607006020799124
UHVsc2FyRm9sZFJlc3VsdE5vZGU6MTU4OQ==,2019-11-26T08:40:58+00:00,LBAND,257.53764007476656,10.390574855569948,5.20143231958158e-05,59000.0,1.5082,0.161,600.517944335938,1.425,-1.36381,0.08,0.08061040044493882
UHVsc2FyRm9sZFJlc3VsdE5vZGU6MTcyNg==,2022-03-03T06:37:54+00:00,LBAND,511.4696541308404,10.390508598602345,1.462391089975477e-05,59000.0,1.1934,0.042,1861.62951660156,3.43,-1.48569,0.04,0.09998139880952381
UHVsc2FyRm9sZFJlc3VsdE5vZGU6MTUzMA==,2019-02-12T05:03:41+00:00,LBAND,512.0,10.390343820305404,0.00018516501494781178,59000.0,10.1241,0.694,362.041290283203,0.642,-0.571927,0.13,0.045315650201612906
UHVsc2FyRm9sZFJlc3VsdE5vZGU6MzU0MTg=,2023-07-29T22:44:23+00:00,LBAND,255.49220844859806,10.390194172823085,8.926579838424517e-05,59000.0,7.4235,0.187,844.569458007812,2.036,-0.924677,0.1,0.10509072580645161
UHVsc2FyRm9sZFJlc3VsdE5vZGU6NzgxNTQ=,2024-09-17T17:36:14+00:00,LBAND,255.49220844859806,10.390103451855206,1.594795822168665e-05,59000.0,0.5216,0.046,1141.025390625,2.791,-2.09327,0.05,0.14544480846774194
UHVsc2FyRm9sZFJlc3VsdE5vZGU6NzgxOTg=,2024-09-19T16:46:18+00:00,LBAND,511.54544927102796,10.390099564077806,1.681247781102524e-05,59000.0,2.3409,0.069,1650.07946777344,2.544,-2.78635,0.04,0.10363963293650794
UHVsc2FyRm9sZFJlc3VsdE5vZGU6Nzc3OTU=,2024-08-13T20:42:27+00:00,LBAND,255.56959222429902,10.390291699730817,6.007023596520273e-05,59000.0,1.5184,0.356,241.197052001953,0.613,-1.42355,0.1,0.12181829637096774
UHVsc2FyRm9sZFJlc3VsdE5vZGU6Nzc3NjM=,2024-08-12T20:19:21+00:00,LBAND,511.54544927102796,10.390202364967132,2.816687387610053e-05,59000.0,2.6158,0.099,1122.07373046875,1.898,-1.04961,0.04,0.11168464781746032
UHVsc2FyRm9sZFJlc3VsdE5vZGU6NzkwNzQ=,2024-11-25T17:28:39+00:00,LBAND,511.54544927102796,10.390047233830337,2.59864699716534e-05,59000.0,1.3625,0.102,955.500122070312,1.676,-2.80001,0.06,0.08793712797619048
UHVsc2FyRm9sZFJlc3VsdE5vZGU6ODA1NTQ=,2024-12-13T10:28:50+00:00,LBAND,254.55393016822424,10.390142417267676,3.142428969677137e-05,59000.0,1.4984,0.153,663.412719726562,1.561,-3.49791,0.05,0.0848664314516129
UHVsc2FyRm9sZFJlc3VsdE5vZGU6ODA1MzA=,2024-12-09T12:07:58+00:00,LBAND,511.54544927102796,10.390163156314165,1.897157868581563e-05,59000.0,1.1243,0.06,1562.38500976562,2.435,-3.47612,0.05,0.11617993551587301
UHVsc2FyRm9sZFJlc3VsdE5vZGU6ODA4MDM=,2025-01-01T11:38:46+00:00,LBAND,511.46806549532704,10.390075357414132,9.64239939824956e-06,59000.0,6.378,0.047,5013.880859375,8.402,-3.45362,0.02,0.09830729166666667
UHVsc2FyRm9sZFJlc3VsdE5vZGU6ODEyMDk=,2025-01-13T13:50:57+00:00,LBAND,510.5201142429906,10.390173036837307,3.204418478439246e-05,59000.0,1.774,0.055,2011.46496582031,3.154,-3.22797,0.07,0.10023941532258064
UHVsc2FyRm9sZFJlc3VsdE5vZGU6ODE0MzY=,2025-01-16T11:23:10+00:00,LBAND,255.56959222429902,10.390078540456315,2.128578470550566e-05,59000.0,1.2822,0.072,1285.42614746094,3.272,-2.76718,0.05,0.09154485887096774
UHVsc2FyRm9sZFJlc3VsdE5vZGU6ODE2ODI=,2025-02-02T12:41:03+00:00,LBAND,511.54544927102796,10.390107627761362,1.302728255138726e-05,59000.0,5.5042,0.049,4661.77587890625,7.49,-2.26365,0.03,0.09502108134920635
UHVsc2FyRm9sZFJlc3VsdE5vZGU6ODIwNDU=,2025-02-22T09:10:27+00:00,LBAND,255.49220844859806,10.390127241540503,6.151325220072525e-05,59000.0,2.2332,0.194,742.458740234375,1.555,-3.36139,0.08,0.10118447580645161
UHVsc2FyRm9sZFJlc3VsdE5vZGU6ODI1MzI=,2025-03-21T07:55:08+00:00,UHF,254.245632,10.39008841253377,2.49683800473105e-05,59000.0,1.2389,0.23,949.825927734375,2.791,-2.88299,0.03,0.07730594758064516
UHVsc2FyRm9sZFJlc3VsdE5vZGU6ODMwMzc=,2025-04-26T05:14:17+00:00,UHF,255.22898823529434,10.39005052105454,1.860835021426266e-05,59000.0,0.6899,0.172,875.640686035156,2.775,-0.412813,0.03,0.1083039314516129
UHVsc2FyRm9sZFJlc3VsdE5vZGU6ODMwMjA=,2025-04-26T01:47:01+00:00,LBAND,255.569592224299,10.390115041123233,6.548009900725344e-05,59000.0,1.2217,0.157,555.571350097656,1.264,-0.715101,0.11,0.11863659274193548
UHVsc2FyRm9sZFJlc3VsdE5vZGU6ODMyNDA=,2025-04-14T06:52:38+00:00,LBAND,255.4922084485981,10.390097198733095,3.155661220778944e-05,59000.0,0.7488,0.087,513.431335449219,1.209,-2.22823,0.07,0.1181640625
UHVsc2FyRm9sZFJlc3VsdE5vZGU6ODM0MjY=,2025-04-15T05:02:08+00:00,LBAND,511.5454492710279,10.390030927646832,6.648461227642083e-05,59000.0,1.0699,0.093,716.424743652344,1.119,-0.749303,0.15,0.14027847782258066
UHVsc2FyRm9sZFJlc3VsdE5vZGU6ODM1NDY=,2025-04-25T02:29:31+00:00,LBAND,511.54544927102796,10.390108080128897,1.29973751997593e-05,59000.0,0.8074,0.061,1103.845703125,2.048,-0.574315,0.04,0.11628844246031746
UHVsc2FyRm9sZFJlc3VsdE5vZGU6ODM4NTU=,2025-05-14T03:09:38+00:00,LBAND,511.46806549532704,10.39008069629794,2.800461537995995e-05,59000.0,1.5011,0.049,1716.142578125,2.868,-0.593635,0.05,0.10963851686507936
UHVsc2FyRm9sZFJlc3VsdE5vZGU6ODM3OTE=,2025-05-09T01:53:43+00:00,LBAND,511.54544927102796,10.390083580266927,3.450864667247689e-05,59000.0,0.7945,0.16,433.721862792969,0.985,-0.633387,0.08,0.3126085069444444
UHVsc2FyRm9sZFJlc3VsdE5vZGU6ODQzMzE=,2025-05-27T03:23:43+00:00,LBAND,511.46806549532704,10.390061921664776,3.993990930527763e-05,59000.0,1.8687,0.111,894.043090820312,1.781,-0.5537,0.07,0.1146453373015873
UHVsc2FyRm9sZFJlc3VsdE5vZGU6ODQ0NjY=,2025-05-28T21:27:11+00:00,LBAND,255.56959222429902,10.390158302180359,8.648591495894244e-05,59000.0,1.9766,0.288,420.569396972656,1.024,-1.11679,0.13,0.09226940524193548
UHVsc2FyRm9sZFJlc3VsdE5vZGU6ODQ1MDg=,2025-06-10T23:48:56+00:00,LBAND,511.54544927102796,10.390076654413946,2.202799541765966e-05,59000.0,1.985,0.079,1443.36755371094,2.579,-0.607322,0.04,0.12052671370967742
UHVsc2FyRm9sZFJlc3VsdE5vZGU6ODUyMTI=,2025-06-28T00:43:49+00:00,LBAND,255.4922084485981,10.390112726390045,2.642109957464476e-05,59000.0,1.8812,0.116,1072.21789550781,2.282,-0.844111,0.05,0.11668346774193548
UHVsc2FyRm9sZFJlc3VsdE5vZGU6ODUxNjE=,2025-06-24T02:05:04+00:00,LBAND,510.5201142429906,10.390141815231514,2.516398417967364e-05,59000.0,1.9339,0.052,2103.24926757812,3.475,-0.71176,0.07,0.1171875
UHVsc2FyRm9sZFJlc3VsdE5vZGU6ODU0MzI=,2025-07-08T21:34:42+00:00,LBAND,511.54544927102796,10.390154390156237,1.829043689746844e-05,59000.0,1.1449,0.067,1242.86547851562,1.98,-0.945329,0.05,0.12876674107142858
UHVsc2FyRm9sZFJlc3VsdE5vZGU6ODU3MDk=,2025-07-24T21:04:15+00:00,LBAND,510.5201142429906,10.390131757892354,1.992684902242184e-05,59000.0,1.0654,0.065,1287.49938964844,2.107,-1.04375,0.06,0.13292100694444445
UHVsc2FyRm9sZFJlc3VsdE5vZGU6ODYyMjI=,2025-08-07T20:28:41+00:00,UHF,511.19816470588256,10.390122298799833,1.12316860814628e-05,59000.0,0.3675,0.096,1597.95080566406,3.621,-0.404874,0.03,0.10890997023809523
UHVsc2FyRm9sZFJlc3VsdE5vZGU6ODYxNTc=,2025-08-04T17:13:15+00:00,LBAND,255.49220844859806,10.390217377195475,5.126513873240546e-05,59000.0,1.1822,0.157,422.238922119141,1.051,-1.17403,0.08,0.111328125
UHVsc2FyRm9sZFJlc3VsdE5vZGU6ODYyNDU=,2025-08-05T23:42:19+00:00,LBAND,511.54544927102796,10.390122980952164,1.781502737085087e-05,59000.0,5.0721,0.081,2184.56665039062,4.267,-0.897485,0.03,0.10695684523809523
UHVsc2FyRm9sZFJlc3VsdE5vZGU6ODY0ODY=,2025-08-18T21:26:04+00:00,LBAND,255.49220844859806,10.3901454017248,3.652514253641693e-05,59000.0,1.2304,0.11,689.854064941406,1.824,-1.09,0.07,0.11476184475806452
UHVsc2FyRm9sZFJlc3VsdE5vZGU6ODY1NjI=,2025-08-30T13:31:49+00:00,LBAND,1022.5395391401868,10.390158388552251,2.869833183139603e-05,59000.0,1.8495,0.048,1804.08178710938,2.027,-1.39305,0.07,0.09666430856299213
UHVsc2FyRm9sZFJlc3VsdE5vZGU6ODY1Nzc=,2025-08-30T18:13:47+00:00,LBAND,1023.5648741682242,10.39017336802578,3.81262033259613e-05,59000.0,1.0821,0.126,668.353393554688,0.794,-1.52734,0.1,0.1277605191929134
UHVsc2FyRm9sZFJlc3VsdE5vZGU6ODY1Njg=,2025-08-30T15:14:34+00:00,LBAND,1022.5395391401868,10.390148429900481,1.348658767626673e-05,59000.0,0.2989,0.036,1120.86938476562,1.279,-1.96562,0.07,0.10519961860236221
UHVsc2FyRm9sZFJlc3VsdE5vZGU6ODY1NjM=,2025-08-30T13:48:56+00:00,LBAND,1022.5395391401868,10.39020243050821,2.810552237210123e-05,59000.0,1.3248,0.051,1627.22900390625,1.855,-1.50975,0.07,0.189453125
UHVsc2FyRm9sZFJlc3VsdE5vZGU6ODY1Njc=,2025-08-30T14:57:27+00:00,LBAND,1022.5395391401868,10.390182359700148,2.662130012522969e-05,59000.0,1.4864,0.077,1161.494140625,1.373,-1.91136,0.06,0.10370786171259842
UHVsc2FyRm9sZFJlc3VsdE5vZGU6ODY1NTM=,2025-08-26T13:55:31+00:00,LBAND,817.0565957383176,10.39016122418149,1.358377087686372e-05,59000.0,2.9083,0.035,4062.14282226562,6.199,-1.49937,0.04,0.1561146349009901
UHVsc2FyRm9sZFJlc3VsdE5vZGU6ODY1NzM=,2025-08-30T17:05:17+00:00,LBAND,1023.5648741682242,10.390136212477593,2.296487878529847e-05,59000.0,1.066,0.119,813.487731933594,0.847,-1.36093,0.07,0.1381720595472441
UHVsc2FyRm9sZFJlc3VsdE5vZGU6ODY1NTI=,2025-08-26T13:38:24+00:00,LBAND,1023.5648741682242,10.390143559955193,1.691618025147089e-05,59000.0,5.9151,0.044,4807.09521484375,6.482,-1.43848,0.04,0.1043914310515873
UHVsc2FyRm9sZFJlc3VsdE5vZGU6ODY1NzQ=,2025-08-30T17:22:25+00:00,LBAND,1023.4874903925233,10.390208083193796,4.026784930843087e-05,59000.0,1.4291,0.165,654.806701660156,0.777,-1.48138,0.09,0.18786140501968504
UHVsc2FyRm9sZFJlc3VsdE5vZGU6ODY1NzA=,2025-08-30T15:48:47+00:00,LBAND,1023.5648741682243,10.390182703433144,2.753431507441189e-05,59000.0,1.2346,0.088,802.225280761719,0.963,-1.88998,0.07,0.11521899606299213
UHVsc2FyRm9sZFJlc3VsdE5vZGU6ODY0OTE=,2025-08-18T22:12:31+00:00,LBAND,511.54544927102796,10.39013199356504,2.660881469232776e-05,59000.0,0.9978,0.068,1189.78259277344,1.7,-0.931949,0.07,0.08365885416666667
UHVsc2FyRm9sZFJlc3VsdE5vZGU6ODY1NzU=,2025-08-30T17:39:33+00:00,LBAND,1022.5395391401868,10.390112685052555,4.126595232991384e-05,59000.0,1.3553,0.16,605.314086914062,0.762,-1.38073,0.1,0.1654158464566929
UHVsc2FyRm9sZFJlc3VsdE5vZGU6ODY1NjY=,2025-08-30T14:40:19+00:00,LBAND,1023.5648741682243,10.39012340591582,2.454042024951821e-05,59000.0,1.5271,0.076,1480.98510742188,1.553,-1.93238,0.06,0.12030173474409449
UHVsc2FyRm9sZFJlc3VsdE5vZGU6ODY1NjE=,2025-08-30T13:14:42+00:00,LBAND,1022.5395391401869,10.390164872279751,2.035412498904182e-05,59000.0,1.1403,0.039,1942.98608398438,2.204,-1.15592,0.06,0.10026297982283465
UHVsc2FyRm9sZFJlc3VsdE5vZGU6ODY1NjA=,2025-08-30T12:57:34+00:00,LBAND,1023.5648741682242,10.3901933703032,2.457573463644914e-05,59000.0,2.6859,0.057,1986.58422851562,2.367,-0.962756,0.05,0.11933286171259842
UHVsc2FyRm9sZFJlc3VsdE5vZGU6ODY1NzY=,2025-08-30T17:56:40+00:00,LBAND,1022.5395391401868,10.39012630737947,3.801510864735599e-05,59000.0,1.1094,0.136,569.063232421875,0.755,-1.56092,0.11,0.11723400297619048
UHVsc2FyRm9sZFJlc3VsdE5vZGU6ODY1NzI=,2025-08-30T16:23:03+00:00,LBAND,1023.5648741682242,10.390161177378605,2.026493623674233e-05,59000.0,0.6976,0.098,696.233032226562,0.865,-1.80171,0.07,0.1927365280511811
UHVsc2FyRm9sZFJlc3VsdE5vZGU6ODY1NjU=,2025-08-30T14:23:11+00:00,LBAND,1023.4874903925232,10.390157981293587,2.772875038607871e-05,59000.0,1.6538,0.064,1520.28601074219,1.798,-1.81764,0.06,0.13286632627952755
UHVsc2FyRm9sZFJlc3VsdE5vZGU6ODY1NTE=,2025-08-26T13:21:15+00:00,LBAND,1023.5648741682243,10.390162818428934,1.304290041101516e-05,59000.0,3.9284,0.035,4827.4521484375,6.516,-1.26014,0.03,0.0975947342519685
UHVsc2FyRm9sZFJlc3VsdE5vZGU6ODY1NjQ=,2025-08-30T14:06:03+00:00,LBAND,1023.5648741682242,10.390086926224805,2.531671728863411e-05,59000.0,0.9191,0.041,1651.62438964844,1.944,-1.84224,0.08,0.10546106053149606
UHVsc2FyRm9sZFJlc3VsdE5vZGU6ODY1Njk=,2025-08-30T15:31:41+00:00,LBAND,1022.5395391401869,10.390206168435963,4.016225065144205e-05,59000.0,2.1172,0.109,903.53125,1.128,-2.15685,0.07,0.19413601131889763
UHVsc2FyRm9sZFJlc3VsdE5vZGU6ODY1OTI=,2025-08-30T22:43:09+00:00,LBAND,1023.4874903925232,10.39014027054437,1.588520840187476e-05,59000.0,1.1079,0.058,1119.22412109375,1.412,-1.04356,0.06,0.09191990649606299
UHVsc2FyRm9sZFJlc3VsdE5vZGU6ODY1OTg=,2025-08-31T00:25:53+00:00,LBAND,1023.4874903925233,10.390146999159493,2.103533293438685e-05,59000.0,2.1697,0.063,1789.58178710938,1.9,-0.799318,0.06,0.10512272391732283
UHVsc2FyRm9sZFJlc3VsdE5vZGU6ODY1ODk=,2025-08-30T21:51:47+00:00,LBAND,1023.5648741682243,10.390153931854815,4.33786682817729e-05,59000.0,6.6354,0.169,1288.24462890625,1.306,-1.06574,0.06,0.09342704232283465
UHVsc2FyRm9sZFJlc3VsdE5vZGU6ODY1OTM=,2025-08-30T23:00:17+00:00,LBAND,1023.5648741682243,10.390137099356988,1.823662156443345e-05,59000.0,1.23,0.058,1186.65551757812,1.474,-0.930835,0.06,0.09348855807086615
UHVsc2FyRm9sZFJlc3VsdE5vZGU6ODY1ODU=,2025-08-30T20:30:47+00:00,LBAND,1023.5648741682243,10.39017807552179,2.132475457431959e-05,59000.0,1.5825,0.07,1282.19274902344,1.454,-1.13701,0.06,0.09840981791338582
UHVsc2FyRm9sZFJlc3VsdE5vZGU6ODY1OTE=,2025-08-30T22:26:01+00:00,LBAND,1023.5648741682242,10.390158416807907,2.025032783290342e-05,59000.0,1.6264,0.082,1133.47546386719,1.29,-0.934759,0.06,0.09749477116141732
UHVsc2FyRm9sZFJlc3VsdE5vZGU6ODY1Nzg=,2025-08-30T18:30:55+00:00,LBAND,1023.4874903925233,10.390249733506243,3.420597205547806e-05,59000.0,1.0118,0.107,698.511291503906,0.841,-1.35431,0.1,0.12225485974409449
UHVsc2FyRm9sZFJlc3VsdE5vZGU6ODY1ODI=,2025-08-30T19:39:25+00:00,LBAND,1023.5648741682243,10.390164654259799,1.796887916563634e-05,59000.0,1.6561,0.061,1409.29699707031,1.683,-0.978604,0.06,0.10370786171259842
UHVsc2FyRm9sZFJlc3VsdE5vZGU6ODY1OTA=,2025-08-30T22:08:55+00:00,LBAND,1022.4621553644859,10.39013863956465,3.486097402427415e-05,59000.0,4.5471,0.15,1102.28173828125,1.188,-0.979157,0.06,0.1099363312007874
UHVsc2FyRm9sZFJlc3VsdE5vZGU6ODY1OTc=,2025-08-31T00:08:45+00:00,LBAND,1023.5648741682243,10.390172747537815,1.313635122938407e-05,59000.0,0.8403,0.038,1649.63940429688,2.081,-0.930258,0.06,0.10380782480314961
UHVsc2FyRm9sZFJlc3VsdE5vZGU6ODY1ODY=,2025-08-30T21:00:24+00:00,LBAND,1023.4874903925233,10.390142661836938,2.890493847095471e-05,59000.0,1.8273,0.094,1136.88342285156,1.208,-0.925123,0.07,0.08703031994047619
UHVsc2FyRm9sZFJlc3VsdE5vZGU6ODY1ODc=,2025-08-30T21:17:31+00:00,LBAND,1023.5648741682242,10.390183201747451,3.838632186419684e-05,59000.0,3.904,0.122,1055.72021484375,1.291,-0.932911,0.07,0.08612973671259842
UHVsc2FyRm9sZFJlc3VsdE5vZGU6ODY1OTQ=,2025-08-30T23:17:25+00:00,LBAND,1022.4621553644859,10.39017060165026,1.627735090024633e-05,59000.0,1.068,0.046,1599.78869628906,1.655,-0.887829,0.06,0.11355038139763779
UHVsc2FyRm9sZFJlc3VsdE5vZGU6ODY1Nzk=,2025-08-30T18:48:03+00:00,LBAND,1023.5648741682242,10.390118311084601,3.970142928211433e-05,59000.0,1.8387,0.123,799.5966796875,0.973,-1.36837,0.09,0.10224686269685039
UHVsc2FyRm9sZFJlc3VsdE5vZGU6ODY1OTU=,2025-08-30T23:34:31+00:00,LBAND,1023.5648741682242,10.39019510632326,1.953662421925021e-05,59000.0,1.8414,0.054,1727.06604003906,2.002,-0.887448,0.06,0.12024790846456693
UHVsc2FyRm9sZFJlc3VsdE5vZGU6ODY1ODE=,2025-08-30T19:22:19+00:00,LBAND,1022.5395391401869,10.390171226278015,1.690290818390234e-05,59000.0,0.835,0.06,1148.50756835938,1.267,-1.26188,0.07,0.09002829724409449
UHVsc2FyRm9sZFJlc3VsdE5vZGU6ODY1ODA=,2025-08-30T19:05:11+00:00,LBAND,1023.5648741682242,10.390142649279108,3.06348996351908e-05,59000.0,1.4781,0.106,852.707336425781,1.019,-1.17138,0.08,0.09910187007874016
UHVsc2FyRm9sZFJlc3VsdE5vZGU6ODY1ODg=,2025-08-30T21:34:39+00:00,LBAND,1023.5648741682242,10.390169790408573,2.159022678101077e-05,59000.0,1.4957,0.072,1232.34631347656,1.408,-0.86857,0.06,0.09205062746062992
UHVsc2FyRm9sZFJlc3VsdE5vZGU6ODY1ODQ=,2025-08-30T20:13:39+00:00,LBAND,1023.5648741682242,10.39014853602527,1.835067679398326e-05,59000.0,1.7802,0.061,1494.87548828125,1.782,-0.973917,0.06,0.11287370816929133
UHVsc2FyRm9sZFJlc3VsdE5vZGU6ODY4NTY=,2025-09-06T15:40:00+00:00,LBAND,1023.5648741682242,10.39026922104716,7.133948472613785e-05,59000.0,10.2037,0.227,1154.29418945312,1.346,-2.32537,0.07,0.11625744047619048
UHVsc2FyRm9sZFJlc3VsdE5vZGU6ODY4NTg=,2025-09-06T15:57:06+00:00,LBAND,1023.4874903925233,10.389716809078479,0.0001730169302611766,59000.0,74.3328,0.645,1107.24072265625,1.315,-2.41794,0.06,0.2305687130905512
UHVsc2FyRm9sZFJlc3VsdE5vZGU6ODY4NjI=,2025-09-06T17:55:28+00:00,LBAND,1023.4874903925232,10.390213089794438,6.647805141227049e-05,59000.0,12.8103,0.182,1913.32983398438,2.03,-1.61005,0.06,0.11416480654761904
UHVsc2FyRm9sZFJlc3VsdE5vZGU6ODY4NTQ=,2025-09-06T14:48:42+00:00,LBAND,1022.4621553644859,10.390084960977727,5.624232278610341e-05,59000.0,7.9445,0.207,1339.22912597656,1.305,-2.44513,0.06,0.1079832062007874
UHVsc2FyRm9sZFJlc3VsdE5vZGU6ODY4NjY=,2025-09-06T19:03:52+00:00,LBAND,1023.5648741682242,10.39006295222828,5.855652378400562e-05,59000.0,6.7272,0.298,672.003845214844,0.727,-1.29264,0.07,0.09647817460317461
UHVsc2FyRm9sZFJlc3VsdE5vZGU6ODY4NTc=,2025-09-06T15:22:54+00:00,LBAND,1023.4874903925232,10.390223267639625,6.08320352299484e-05,59000.0,7.7299,0.198,1036.89367675781,1.274,-2.23009,0.07,0.10995939960629922
UHVsc2FyRm9sZFJlc3VsdE5vZGU6ODY4NTM=,2025-09-06T14:31:35+00:00,LBAND,1023.5648741682243,10.39016117129061,5.875872619394987e-05,59000.0,9.1764,0.218,1279.3359375,1.386,-2.23101,0.06,0.09085107037401575
UHVsc2FyRm9sZFJlc3VsdE5vZGU6ODY4NjE=,2025-09-06T17:38:22+00:00,LBAND,1023.5648741682243,10.389980108910596,6.553359907012085e-05,59000.0,11.1559,0.177,1824.48596191406,2.148,-1.64979,0.06,0.11134350393700787
UHVsc2FyRm9sZFJlc3VsdE5vZGU6ODY4MzA=,2025-09-01T18:45:22+00:00,LBAND,511.54544927102796,10.390154045498592,2.922638870782661e-05,59000.0,10.8479,0.105,2515.57250976562,3.95,-1.34775,0.04,0.10835193452380952
UHVsc2FyRm9sZFJlc3VsdE5vZGU6ODY4NjQ=,2025-09-06T18:29:40+00:00,LBAND,1023.5648741682242,10.389981998206663,5.869897519476165e-05,59000.0,10.8132,0.226,1244.55749511719,1.322,-1.54159,0.06,0.09794076033464567
UHVsc2FyRm9sZFJlc3VsdE5vZGU6ODY4NjU=,2025-09-06T18:46:47+00:00,LBAND,1022.5395391401868,10.3902062838847,0.00010320108101944486,59000.0,22.396,0.467,910.524475097656,0.964,-1.42758,0.07,0.08859036663385826
UHVsc2FyRm9sZFJlc3VsdE5vZGU6ODY4NjA=,2025-09-06T17:21:16+00:00,LBAND,1023.5648741682243,10.390015157998134,0.00010595465746627417,59000.0,28.8001,0.281,1704.05285644531,1.926,-1.80726,0.07,0.11216627706692914
UHVsc2FyRm9sZFJlc3VsdE5vZGU6ODY4MjU=,2025-09-01T17:31:09+00:00,LBAND,254.47654639252332,10.390195136909329,3.374720501206292e-05,59000.0,0.6576,0.062,880.064392089844,2.217,-1.75996,0.09,0.12062121975806452
UHVsc2FyRm9sZFJlc3VsdE5vZGU6ODY4NjM=,2025-09-06T18:12:34+00:00,LBAND,1023.4874903925232,10.390157261120752,6.341063767169457e-05,59000.0,11.6997,0.196,1584.205078125,1.733,-1.49347,0.06,0.10318497785433071
UHVsc2FyRm9sZFJlc3VsdE5vZGU6ODY4NTk=,2025-09-06T17:04:10+00:00,LBAND,1023.5648741682243,10.390320793330028,9.989707923155993e-05,59000.0,35.7704,0.355,1460.82922363281,1.79,-1.81574,0.05,0.1519900344488189
UHVsc2FyRm9sZFJlc3VsdE5vZGU6ODY4Njc=,2025-09-06T19:20:59+00:00,LBAND,1022.5395391401869,10.39017392754543,4.27193013961034e-05,59000.0,3.916,0.217,678.733581542969,0.703,-1.418,0.07,0.10649144931102363
UHVsc2FyRm9sZFJlc3VsdE5vZGU6ODY4NTU=,2025-09-06T15:05:47+00:00,LBAND,1023.4874903925232,10.390363111727563,7.683026737715676e-05,59000.0,13.8177,0.287,1047.47595214844,1.229,-2.31289,0.07,0.17919537401574803
UHVsc2FyRm9sZFJlc3VsdE5vZGU6ODY4NTI=,2025-09-06T14:14:29+00:00,LBAND,1023.4874903925233,10.390142986058763,8.401199492420766e-05,59000.0,16.6198,0.28,1360.40441894531,1.431,-2.34655,0.06,0.10899052657480315
UHVsc2FyRm9sZFJlc3VsdE5vZGU6ODY4NzU=,2025-09-06T21:55:35+00:00,LBAND,1023.5648741682242,10.390242524001975,8.051295025586255e-05,59000.0,37.3748,0.366,1507.09350585938,1.759,-1.15436,0.05,0.08264640748031496
UHVsc2FyRm9sZFJlc3VsdE5vZGU6ODY5MDc=,2025-09-07T12:24:03+00:00,LBAND,1023.4874903925233,10.39028540557946,6.118610890197355e-05,59000.0,9.4133,0.193,1684.43347167969,1.915,-0.922053,0.06,0.09700264517716535
UHVsc2FyRm9sZFJlc3VsdE5vZGU6ODY5NjA=,2025-09-12T23:08:10+00:00,LBAND,1023.4874903925232,10.390161687701044,1.472564163441515e-05,59000.0,1.3793,0.053,2033.25830078125,2.197,-1.2521,0.05,0.09214290108267717
UHVsc2FyRm9sZFJlc3VsdE5vZGU6ODY4Nzc=,2025-09-06T22:29:47+00:00,LBAND,1023.4874903925232,10.390085748679653,0.00011549648948789479,59000.0,29.6005,0.29,2122.73095703125,2.259,-1.13327,0.07,0.09356545275590551
UHVsc2FyRm9sZFJlc3VsdE5vZGU6ODY4OTA=,2025-09-05T23:45:26+00:00,LBAND,1022.5395391401868,10.390176636297788,6.617916905432328e-05,59000.0,6.0045,0.226,950.880920410156,1.09,-1.17988,0.08,0.0925658218503937
UHVsc2FyRm9sZFJlc3VsdE5vZGU6ODY5Mjc=,2025-09-07T22:21:58+00:00,LBAND,1023.4874903925232,10.390187826520002,5.748464013522282e-05,59000.0,8.773,0.221,1267.6943359375,1.355,-1.03452,0.06,0.07636411171259842
UHVsc2FyRm9sZFJlc3VsdE5vZGU6ODY5NDA=,2025-09-12T13:49:38+00:00,LBAND,1023.4874903925232,10.390131835248246,1.730180897358886e-05,59000.0,1.7007,0.056,1603.20190429688,1.74,-1.8819,0.04,0.10626845472440945
UHVsc2FyRm9sZFJlc3VsdE5vZGU6ODY5MjQ=,2025-09-07T21:30:41+00:00,LBAND,1022.5395391401869,10.390228638632202,5.744905631988821e-05,59000.0,11.1573,0.227,1777.96118164062,1.785,-0.976389,0.05,0.08093067956349206
UHVsc2FyRm9sZFJlc3VsdE5vZGU6ODY4Nzk=,2025-09-06T23:04:00+00:00,LBAND,1022.5395391401868,10.390071617465576,9.60382471302809e-05,59000.0,13.517,0.19,1922.58715820312,2.264,-1.1902,0.08,0.14092726934523808
UHVsc2FyRm9sZFJlc3VsdE5vZGU6ODY4ODk=,2025-09-05T23:28:19+00:00,LBAND,1023.5648741682242,10.390232065965783,5.179400163917791e-05,59000.0,4.2452,0.175,984.179260253906,1.134,-1.05724,0.08,0.09365003690944881
UHVsc2FyRm9sZFJlc3VsdE5vZGU6ODY5NDg=,2025-09-12T16:36:21+00:00,LBAND,1023.4874903925232,10.390113447209144,1.208909261614696e-05,59000.0,2.1852,0.05,2343.75756835938,2.704,-2.03377,0.04,0.11804103100393701
UHVsc2FyRm9sZFJlc3VsdE5vZGU6ODY4Njk=,2025-09-06T19:55:11+00:00,LBAND,1023.4874903925232,10.390233622422256,5.609953326362342e-05,59000.0,7.1863,0.265,843.84130859375,0.96,-1.27239,0.07,0.09252737450787402
UHVsc2FyRm9sZFJlc3VsdE5vZGU6ODY5MTU=,2025-09-07T14:40:51+00:00,LBAND,1023.5648741682243,10.390218787019837,3.35364798238007e-05,59000.0,4.3151,0.092,3620.92846679688,3.92,-2.17385,0.05,0.10633765994094488
UHVsc2FyRm9sZFJlc3VsdE5vZGU6ODY4OTY=,2025-09-05T23:11:13+00:00,LBAND,1023.4874903925232,10.390325920021906,0.00010247379311399782,59000.0,25.5301,0.372,1192.59826660156,1.329,-0.978509,0.07,0.12579970472440946
UHVsc2FyRm9sZFJlc3VsdE5vZGU6ODY4ODc=,2025-09-05T22:02:49+00:00,LBAND,1023.4874903925232,10.389979560086344,6.22834722288791e-05,59000.0,13.886,0.192,1577.49560546875,1.645,-1.27271,0.06,0.10240834153543307
UHVsc2FyRm9sZFJlc3VsdE5vZGU6ODY5Njc=,2025-09-13T17:55:06+00:00,LBAND,1023.4874903925232,10.390150687993609,1.659871931092292e-05,59000.0,0.8499,0.058,1292.50634765625,1.46,-1.47476,0.06,0.1099363312007874
UHVsc2FyRm9sZFJlc3VsdE5vZGU6ODY5NDk=,2025-09-12T16:53:28+00:00,LBAND,137.26914512149528,10.390090034645429,2.484919100286248e-05,59000.0,1.1872,0.109,795.551818847656,2.473,-1.9578,0.05,0.11175537109375
UHVsc2FyRm9sZFJlc3VsdE5vZGU6ODY4OTQ=,2025-09-06T00:19:37+00:00,LBAND,1023.4874903925232,10.39014799372587,4.303868916917452e-05,59000.0,2.7412,0.176,751.933349609375,0.876,-0.983261,0.08,0.08699095718503937
UHVsc2FyRm9sZFJlc3VsdE5vZGU6ODY5MDQ=,2025-09-06T23:38:11+00:00,LBAND,1023.5648741682242,10.39004311131536,7.98132037663453e-05,59000.0,19.0888,0.256,1345.43334960938,1.609,-1.01384,0.06,0.1003783218503937
UHVsc2FyRm9sZFJlc3VsdE5vZGU6ODY5NDM=,2025-09-12T14:53:56+00:00,LBAND,1023.5648741682242,10.390155675442552,1.245192930982833e-05,59000.0,2.3038,0.05,2329.78100585938,2.636,-2.19671,0.04,0.11536509596456693
UHVsc2FyRm9sZFJlc3VsdE5vZGU6ODY4OTE=,2025-09-06T00:02:31+00:00,LBAND,1023.5648741682243,10.390166257013155,4.26686069886435e-05,59000.0,2.6491,0.158,917.643005371094,0.97,-1.22799,0.08,0.09988619586614174
UHVsc2FyRm9sZFJlc3VsdE5vZGU6ODY5MTA=,2025-09-07T13:15:22+00:00,LBAND,1022.5395391401868,10.390272025678659,7.744181150472993e-05,59000.0,12.9864,0.216,1717.43920898438,1.906,-1.59818,0.07,0.12390809547244094
UHVsc2FyRm9sZFJlc3VsdE5vZGU6ODY5Mjg=,2025-09-07T22:39:04+00:00,LBAND,1023.5648741682242,10.390184881687953,6.410144985935988e-05,59000.0,10.9551,0.236,1380.38549804688,1.456,-0.968342,0.07,0.08042689732142858
UHVsc2FyRm9sZFJlc3VsdE5vZGU6ODY5NDU=,2025-09-12T15:28:08+00:00,LBAND,1023.5648741682243,10.390156987644314,1.067730861463046e-05,59000.0,1.4292,0.038,2256.22192382812,2.747,-2.24888,0.03,0.17338634672619047
UHVsc2FyRm9sZFJlc3VsdE5vZGU6ODY5MTc=,2025-09-07T15:15:04+00:00,LBAND,1023.4874903925232,10.389991346676908,6.208512203381247e-05,59000.0,20.7815,0.196,3770.38623046875,4.23,-2.30935,0.04,0.17755611359126985
UHVsc2FyRm9sZFJlc3VsdE5vZGU6ODY5MDE=,2025-09-06T13:40:17+00:00,LBAND,1023.4874903925232,10.390135932766496,4.868225918977248e-05,59000.0,5.8395,0.133,1441.33972167969,1.753,-1.95491,0.07,0.10167784202755906
UHVsc2FyRm9sZFJlc3VsdE5vZGU6ODY4NzY=,2025-09-06T22:12:42+00:00,LBAND,1022.5395391401868,10.390047111433347,0.00010810890435631783,59000.0,46.0561,0.389,1945.41931152344,2.038,-1.13979,0.05,0.08573757381889764
UHVsc2FyRm9sZFJlc3VsdE5vZGU6ODY5Mjk=,2025-09-07T22:56:11+00:00,LBAND,1022.5395391401868,10.39023206058857,8.144766714693982e-05,59000.0,16.7045,0.285,1373.55480957031,1.519,-0.971106,0.07,0.11482683316929133
UHVsc2FyRm9sZFJlc3VsdE5vZGU6ODY5NTI=,2025-09-12T20:51:22+00:00,LBAND,1023.5648741682242,10.39014277029246,1.055746699716172e-05,59000.0,1.6751,0.053,2040.87133789062,2.335,-1.19283,0.04,0.09380382627952756
UHVsc2FyRm9sZFJlc3VsdE5vZGU6ODY5MTM=,2025-09-07T14:06:39+00:00,LBAND,1023.4874903925232,10.390113944220946,4.989746654554496e-05,59000.0,9.6376,0.149,2712.60327148438,2.962,-1.97961,0.05,0.10194697342519685
UHVsc2FyRm9sZFJlc3VsdE5vZGU6ODY5NjE=,2025-09-12T23:25:16+00:00,LBAND,1023.4874903925232,10.390140033114534,1.43992898019742e-05,59000.0,2.4241,0.053,2621.7080078125,2.977,-1.10821,0.04,0.09115095964566929
UHVsc2FyRm9sZFJlc3VsdE5vZGU6ODY4ODI=,2025-09-05T20:54:26+00:00,LBAND,1022.5395391401868,10.39019497798035,2.634559381593255e-05,59000.0,5.8139,0.076,2224.86889648438,2.535,-1.26749,0.04,0.09186608021653543
UHVsc2FyRm9sZFJlc3VsdE5vZGU6ODY5MTQ=,2025-09-07T14:23:45+00:00,LBAND,1023.5648741682243,10.390178684793973,4.419569341114014e-05,59000.0,7.1579,0.123,3279.51123046875,3.535,-2.04432,0.05,0.10310808316929133
UHVsc2FyRm9sZFJlc3VsdE5vZGU6ODY5MDg=,2025-09-07T12:41:09+00:00,LBAND,1023.5648741682243,10.390312447540738,3.560293779866857e-05,59000.0,3.428,0.114,1769.44677734375,1.93,-1.16694,0.06,0.09657972440944881
UHVsc2FyRm9sZFJlc3VsdE5vZGU6ODY5MDM=,2025-09-06T16:47:04+00:00,LBAND,1023.5648741682242,10.390104262820733,6.408174088921813e-05,59000.0,17.3899,0.247,1523.54577636719,1.721,-1.92853,0.05,0.11002604166666667
UHVsc2FyRm9sZFJlc3VsdE5vZGU6ODY5MjM=,2025-09-07T21:13:34+00:00,LBAND,1023.5648741682243,10.390039762256361,4.852546760483865e-05,59000.0,9.4718,0.212,1621.95397949219,1.721,-1.08694,0.05,0.08447650098425197
UHVsc2FyRm9sZFJlc3VsdE5vZGU6ODY5NTU=,2025-09-12T21:42:40+00:00,LBAND,1023.4004336448597,10.390161764097433,2.856482981790573e-05,59000.0,1.8748,0.108,977.514892578125,1.076,-1.18498,0.07,0.08216300843253968
UHVsc2FyRm9sZFJlc3VsdE5vZGU6ODY5MjU=,2025-09-07T21:47:47+00:00,LBAND,1022.4621553644859,10.390303487732758,5.878637349291691e-05,59000.0,11.142,0.242,1492.91345214844,1.547,-1.00908,0.05,0.08638348917322834
UHVsc2FyRm9sZFJlc3VsdE5vZGU6ODY5MTg=,2025-09-07T15:32:10+00:00,LBAND,1023.5648741682242,10.389980162811199,5.430225092202178e-05,59000.0,20.0225,0.179,4539.74853515625,4.51,-2.18421,0.04,0.11560346948818898
UHVsc2FyRm9sZFJlc3VsdE5vZGU6ODY5MTk=,2025-09-07T15:49:16+00:00,LBAND,1023.5648741682242,10.39006881234434,5.737721253656113e-05,59000.0,22.4413,0.185,4440.2666015625,4.978,-2.0524,0.04,0.11301980807086615
UHVsc2FyRm9sZFJlc3VsdE5vZGU6ODY5NDQ=,2025-09-12T15:11:02+00:00,LBAND,1023.5648741682242,10.390140234248756,1.099950205207137e-05,59000.0,1.642,0.042,2411.98095703125,2.708,-2.32047,0.03,0.12076310285433071
UHVsc2FyRm9sZFJlc3VsdE5vZGU6ODY5NjM=,2025-09-12T23:59:28+00:00,LBAND,1023.4874903925233,10.390150239607353,1.538652738967637e-05,59000.0,2.2691,0.047,2316.14135742188,2.85,-1.2168,0.04,0.0938507564484127
UHVsc2FyRm9sZFJlc3VsdE5vZGU6ODY4NzA=,2025-09-06T20:12:17+00:00,LBAND,1023.5648741682242,10.390033106182175,5.76205794781781e-05,59000.0,6.9763,0.244,999.029663085938,1.046,-1.29854,0.07,0.08723702017716535
UHVsc2FyRm9sZFJlc3VsdE5vZGU6ODY5NTE=,2025-09-12T20:34:16+00:00,LBAND,1023.4874903925232,10.390135876181374,9.9497872856036e-06,59000.0,2.3264,0.05,2680.5146484375,3.016,-1.20501,0.03,0.08630952380952381
UHVsc2FyRm9sZFJlc3VsdE5vZGU6ODY5NDc=,2025-09-12T16:19:15+00:00,LBAND,1023.4874903925232,10.390129312310084,1.282554993234547e-05,59000.0,2.1784,0.043,2497.70532226562,2.801,-2.15657,0.04,0.11551888533464567
UHVsc2FyRm9sZFJlc3VsdE5vZGU6ODY5NTc=,2025-09-12T22:16:52+00:00,LBAND,1023.5648741682243,10.39013393891973,1.760640499130446e-05,59000.0,1.3114,0.064,1377.78637695312,1.577,-1.04906,0.06,0.08569143700787402
UHVsc2FyRm9sZFJlc3VsdE5vZGU6ODY5MzE=,2025-09-07T23:30:22+00:00,LBAND,1023.4874903925233,10.39014233447785,6.353532854045322e-05,59000.0,11.1248,0.26,1170.92407226562,1.215,-0.933339,0.07,0.08874415600393701
UHVsc2FyRm9sZFJlc3VsdE5vZGU6ODY4OTk=,2025-09-06T13:57:23+00:00,LBAND,1023.5648741682243,10.390142575242207,7.39962195352477e-05,59000.0,11.2471,0.206,1394.64782714844,1.589,-2.10437,0.07,0.10487666092519685
UHVsc2FyRm9sZFJlc3VsdE5vZGU6ODY5NjU=,2025-09-13T17:20:51+00:00,LBAND,1023.4004336448597,10.390165983574478,3.447483551814317e-05,59000.0,2.4136,0.061,1724.87890625,1.753,-1.63243,0.07,0.12471548966535433
UHVsc2FyRm9sZFJlc3VsdE5vZGU6ODY4NzI=,2025-09-06T21:04:17+00:00,LBAND,1023.4874903925233,10.389979389596578,5.555091707096335e-05,59000.0,14.2686,0.209,1493.57824707031,1.77,-1.14024,0.04,0.08633735236220473
UHVsc2FyRm9sZFJlc3VsdE5vZGU6ODY5NDY=,2025-09-12T16:02:09+00:00,LBAND,1023.4874903925232,10.390138515811513,1.903724280295817e-05,59000.0,3.15,0.05,2452.25439453125,2.972,-2.21503,0.04,0.18806902066929135
UHVsc2FyRm9sZFJlc3VsdE5vZGU6ODY5Mzk=,2025-09-12T13:32:32+00:00,LBAND,1023.5648741682242,10.390195887642093,1.798376198542134e-05,59000.0,1.0726,0.056,1272.47351074219,1.528,-1.86348,0.05,0.17412264384920634
UHVsc2FyRm9sZFJlc3VsdE5vZGU6ODY5MTE=,2025-09-07T13:32:27+00:00,LBAND,1023.5648741682242,10.390454457554375,0.0001651223662962083,59000.0,70.7614,0.479,1650.95935058594,2.028,-1.66241,0.06,0.18180210383858267
UHVsc2FyRm9sZFJlc3VsdE5vZGU6ODY5MjI=,2025-09-07T20:56:28+00:00,LBAND,1023.5648741682242,10.390008233359476,4.418752143223402e-05,59000.0,9.8821,0.212,1668.54187011719,1.611,-1.08314,0.04,0.0839228592519685
UHVsc2FyRm9sZFJlc3VsdE5vZGU6ODY5MzY=,2025-09-12T12:41:15+00:00,LBAND,1022.4621553644859,10.39012546808363,1.965982050503264e-05,59000.0,1.5305,0.077,1387.6826171875,1.756,-1.32476,0.05,0.1565575787401575
UHVsc2FyRm9sZFJlc3VsdE5vZGU6ODY5NDI=,2025-09-12T14:36:50+00:00,LBAND,1023.4874903925232,10.39013297336197,9.6047898707928e-06,59000.0,1.2499,0.041,2205.79907226562,2.456,-2.15002,0.04,0.1710445374015748
UHVsc2FyRm9sZFJlc3VsdE5vZGU6ODY4ODU=,2025-09-05T20:37:20+00:00,LBAND,1022.5395391401868,10.390155827643746,2.231425861821277e-05,59000.0,5.1015,0.077,2282.16430664062,2.49,-1.23945,0.04,0.10680183531746032
UHVsc2FyRm9sZFJlc3VsdE5vZGU6ODY5MDI=,2025-09-06T13:23:11+00:00,LBAND,1023.4874903925232,10.390527432279368,9.321672493762439e-05,59000.0,19.0883,0.265,1437.51123046875,1.633,-1.57357,0.07,0.18019500492125984
UHVsc2FyRm9sZFJlc3VsdE5vZGU6ODY5NTM=,2025-09-12T21:08:28+00:00,LBAND,1023.5648741682242,10.390131447878677,1.488353041648993e-05,59000.0,1.6311,0.07,1549.8515625,1.733,-1.20552,0.04,0.09509565698818898
UHVsc2FyRm9sZFJlc3VsdE5vZGU6ODY4NzE=,2025-09-06T20:47:11+00:00,LBAND,1023.5648741682242,10.389995926083563,4.276604046004239e-05,59000.0,7.0182,0.168,1035.78918457031,1.296,-1.14159,0.05,0.07844026820866142
UHVsc2FyRm9sZFJlc3VsdE5vZGU6ODY4Njg=,2025-09-06T19:38:04+00:00,LBAND,1023.5648741682243,10.390165480236387,5.830917057903451e-05,59000.0,5.9663,0.293,675.648864746094,0.735,-1.50865,0.08,0.10541492372047244
UHVsc2FyRm9sZFJlc3VsdE5vZGU6ODY5NjQ=,2025-09-13T17:03:44+00:00,LBAND,1023.4874903925232,10.390165942969714,2.487892740629617e-05,59000.0,0.8653,0.033,1679.58776855469,1.93,-2.08427,0.08,0.10909598214285714
UHVsc2FyRm9sZFJlc3VsdE5vZGU6ODY4ODM=,2025-09-05T21:11:31+00:00,LBAND,1023.5648741682242,10.390148884311252,3.791808622367948e-05,59000.0,8.3038,0.09,2285.2099609375,2.54,-1.30564,0.05,0.0924197219488189
UHVsc2FyRm9sZFJlc3VsdE5vZGU6ODY4ODE=,2025-09-05T21:28:37+00:00,LBAND,1023.4874903925232,10.390127626562878,2.931572459650418e-05,59000.0,3.8117,0.062,2185.697265625,2.405,-1.36128,0.05,0.10869063730314961
UHVsc2FyRm9sZFJlc3VsdE5vZGU6ODY5MDU=,2025-09-07T00:12:23+00:00,LBAND,1023.4874903925232,10.39030181409729,7.902993364730512e-05,59000.0,21.3798,0.336,1139.22399902344,1.389,-1.09931,0.05,0.09155850147637795
UHVsc2FyRm9sZFJlc3VsdE5vZGU6ODY5NTA=,2025-09-12T20:17:10+00:00,LBAND,1023.4874903925233,10.390142447546083,1.164438885298619e-05,59000.0,3.8443,0.056,3577.78930664062,3.597,-1.22369,0.03,0.08973609744094488
UHVsc2FyRm9sZFJlc3VsdE5vZGU6ODY5MzU=,2025-09-12T12:24:08+00:00,LBAND,1023.5648741682243,10.390157347523408,2.287189828022117e-05,59000.0,2.5187,0.08,1670.29296875,1.981,-1.17231,0.05,0.09727647569444445
UHVsc2FyRm9sZFJlc3VsdE5vZGU6ODY4OTU=,2025-09-05T22:37:01+00:00,LBAND,1023.4874903925232,10.39003638872716,3.172654285676763e-05,59000.0,2.9786,0.115,1282.91052246094,1.388,-1.1692,0.06,0.09077417568897637
UHVsc2FyRm9sZFJlc3VsdE5vZGU6ODY5NDE=,2025-09-12T14:06:44+00:00,LBAND,760.5374205607476,10.390149626451013,1.776160757004911e-05,59000.0,2.1008,0.064,1680.91662597656,2.139,-2.04935,0.04,0.10545836103723404
UHVsc2FyRm9sZFJlc3VsdE5vZGU6ODY4OTc=,2025-09-06T12:48:59+00:00,LBAND,1023.4874903925232,10.390142836086572,3.539927765642534e-05,59000.0,3.8786,0.1,1628.25927734375,1.948,-1.25463,0.07,0.0996939591535433
UHVsc2FyRm9sZFJlc3VsdE5vZGU6ODY5MTI=,2025-09-07T13:49:33+00:00,LBAND,1023.4874903925232,10.390137207892973,5.48151606220166e-05,59000.0,10.3221,0.156,2346.619140625,2.538,-1.93593,0.06,0.10275436761811024
UHVsc2FyRm9sZFJlc3VsdE5vZGU6ODY5NjY=,2025-09-13T17:37:58+00:00,LBAND,1023.4874903925232,10.390174223782337,1.163862879513526e-05,59000.0,0.5011,0.035,1637.44860839844,1.664,-1.59921,0.05,0.12243940698818898
UHVsc2FyRm9sZFJlc3VsdE5vZGU6ODY5NTQ=,2025-09-12T21:25:34+00:00,LBAND,1023.4874903925232,10.390120994307615,2.094724948620641e-05,59000.0,1.6062,0.082,1314.50927734375,1.406,-1.03083,0.06,0.0918583907480315
UHVsc2FyRm9sZFJlc3VsdE5vZGU6ODY4NzQ=,2025-09-06T21:38:30+00:00,LBAND,1022.5395391401868,10.390312221267472,8.703356471361264e-05,59000.0,49.0968,0.398,1541.75,1.74,-1.12593,0.04,0.10710660679133858
UHVsc2FyRm9sZFJlc3VsdE5vZGU6ODY5MjY=,2025-09-07T22:04:52+00:00,LBAND,1023.5648741682243,10.390265814735853,5.884330375987244e-05,59000.0,9.8882,0.232,1260.76831054688,1.452,-1.04571,0.06,0.08977454478346457
UHVsc2FyRm9sZFJlc3VsdE5vZGU6ODY4OTM=,2025-09-05T22:54:08+00:00,LBAND,1022.5395391401868,10.390058060074299,2.113909256261206e-05,59000.0,1.3284,0.079,1218.61584472656,1.371,-1.21385,0.06,0.11096385168650794
UHVsc2FyRm9sZFJlc3VsdE5vZGU6ODY4OTg=,2025-09-06T13:06:05+00:00,LBAND,1023.5648741682242,10.390156642442339,5.462491973508171e-05,59000.0,7.8879,0.151,1673.40356445312,1.771,-1.38653,0.07,0.1067990280511811
UHVsc2FyRm9sZFJlc3VsdE5vZGU6ODY5MjE=,2025-09-07T20:39:22+00:00,LBAND,1023.4874903925232,10.390012001068072,2.315432900119087e-05,59000.0,3.465,0.122,1459.02416992188,1.541,-1.09078,0.04,0.08075479822834646
UHVsc2FyRm9sZFJlc3VsdE5vZGU6ODY4ODY=,2025-09-06T23:21:05+00:00,LBAND,1023.4874903925233,10.389950699432038,9.624367738606279e-05,59000.0,21.6847,0.264,1636.17578125,1.85,-1.06357,0.07,0.10989788385826772
UHVsc2FyRm9sZFJlc3VsdE5vZGU6ODY5MDY=,2025-09-07T00:29:29+00:00,LBAND,1023.4874903925232,10.39012316538546,6.605415039555685e-05,59000.0,18.6298,0.305,1122.31860351562,1.294,-1.18494,0.05,0.0888671875
UHVsc2FyRm9sZFJlc3VsdE5vZGU6ODY5MTY=,2025-09-07T14:57:58+00:00,LBAND,1022.5395391401868,10.390106491723252,4.404255953034532e-05,59000.0,8.5621,0.123,3585.28271484375,4.114,-2.32667,0.05,0.1060915969488189
UHVsc2FyRm9sZFJlc3VsdE5vZGU6ODY4NzM=,2025-09-06T21:21:23+00:00,LBAND,1023.5648741682243,10.390312743130911,6.907041768188524e-05,59000.0,26.104,0.262,1555.99475097656,1.841,-1.08857,0.04,0.0988404281496063
UHVsc2FyRm9sZFJlc3VsdE5vZGU6ODY5NTk=,2025-09-12T22:51:04+00:00,LBAND,1023.4874903925232,10.390128559439743,2.537669932667822e-05,59000.0,2.4925,0.091,1455.92712402344,1.656,-1.11998,0.06,0.09574187748015874
UHVsc2FyRm9sZFJlc3VsdE5vZGU6ODY5MzA=,2025-09-07T23:13:17+00:00,LBAND,1022.462155364486,10.390084839690457,5.338534481849102e-05,59000.0,7.2748,0.194,1241.32397460938,1.44,-1.00583,0.07,0.09015901820866142
UHVsc2FyRm9sZFJlc3VsdE5vZGU6ODY4ODA=,2025-09-05T21:45:43+00:00,LBAND,1023.5648741682243,10.39005128797809,6.449660017981935e-05,59000.0,13.384,0.143,1865.22717285156,2.034,-1.37876,0.06,0.11245847687007875
UHVsc2FyRm9sZFJlc3VsdE5vZGU6ODY5Mzc=,2025-09-12T12:58:20+00:00,LBAND,1023.4874903925232,10.390143550111073,1.562297363570623e-05,59000.0,1.001,0.068,1400.16345214844,1.525,-1.55943,0.05,0.11152036171259842
UHVsc2FyRm9sZFJlc3VsdE5vZGU6ODY5MzI=,2025-09-07T23:47:28+00:00,LBAND,1023.4874903925233,10.39018594672528,3.050363151912249e-05,59000.0,2.2863,0.127,947.440490722656,1.09,-1.04558,0.07,0.09183562748015874
UHVsc2FyRm9sZFJlc3VsdE5vZGU6ODY5MDk=,2025-09-07T12:58:15+00:00,LBAND,1023.5648741682243,10.390289932741739,4.896573678442821e-05,59000.0,6.1688,0.147,1535.93273925781,1.889,-1.32595,0.06,0.10605314960629922
UHVsc2FyRm9sZFJlc3VsdE5vZGU6ODY4Nzg=,2025-09-06T22:46:53+00:00,LBAND,1023.5648741682242,10.390056868637156,7.943154819735602e-05,59000.0,8.6917,0.155,2063.97119140625,2.385,-1.0921,0.08,0.10569943405511811
UHVsc2FyRm9sZFJlc3VsdE5vZGU6ODY5MzQ=,2025-09-12T12:07:02+00:00,LBAND,1023.5648741682243,10.390161070611244,1.740372973709412e-05,59000.0,1.4513,0.054,1869.822265625,2.107,-0.942481,0.05,0.09679502952755906
UHVsc2FyRm9sZFJlc3VsdE5vZGU6ODY4ODg=,2025-09-05T22:19:55+00:00,LBAND,1023.4874903925233,10.389998287675015,5.077170500220675e-05,59000.0,8.9472,0.185,1421.12023925781,1.46,-1.18403,0.06,0.0859144315944882
UHVsc2FyRm9sZFJlc3VsdE5vZGU6ODY4OTI=,2025-09-06T12:31:54+00:00,LBAND,1022.5395391401868,10.390212784453427,9.095650355629326e-05,59000.0,26.0889,0.265,1663.93737792969,1.857,-0.984708,0.07,0.1147576279527559
UHVsc2FyRm9sZFJlc3VsdE5vZGU6ODY5NTg=,2025-09-12T22:33:58+00:00,LBAND,1023.4874903925232,10.39011558336218,1.004573698875394e-05,59000.0,0.4234,0.036,1405.58129882812,1.68,-1.09683,0.06,0.1103515625
UHVsc2FyRm9sZFJlc3VsdE5vZGU6ODY5NjI=,2025-09-12T23:42:22+00:00,LBAND,1023.4874903925232,10.39016855784566,1.798486099229632e-05,59000.0,3.6332,0.059,2739.34399414062,3.02,-1.12519,0.04,0.09042046013779527
UHVsc2FyRm9sZFJlc3VsdE5vZGU6ODY5Mzg=,2025-09-12T13:15:26+00:00,LBAND,1023.5648741682242,10.390209780621769,2.157929561684225e-05,59000.0,1.5671,0.078,1296.89294433594,1.472,-1.82726,0.05,0.0971564345472441
UHVsc2FyRm9sZFJlc3VsdE5vZGU6ODY4ODQ=,2025-09-05T20:20:13+00:00,LBAND,1023.5648741682243,10.390124988626287,2.408812391304536e-05,59000.0,4.719,0.083,1802.96350097656,2.067,-1.33738,0.04,0.10830616387795275
UHVsc2FyRm9sZFJlc3VsdE5vZGU6ODY5NTY=,2025-09-12T21:59:46+00:00,LBAND,1023.4874903925233,10.39015551264473,2.775155104750386e-05,59000.0,2.2784,0.108,1023.40838623047,1.213,-0.999867,0.06,0.08873646653543307
UHVsc2FyRm9sZFJlc3VsdE5vZGU6ODY5MzM=,2025-09-08T00:04:35+00:00,LBAND,1022.5395391401868,10.390096251975836,5.826180856066715e-05,59000.0,6.1572,0.234,913.02099609375,1.034,-0.961317,0.08,0.08185439222440945
UHVsc2FyRm9sZFJlc3VsdE5vZGU6ODY5MDA=,2025-09-06T23:55:17+00:00,LBAND,1023.4874903925233,10.390391066157516,9.481638461720077e-05,59000.0,33.6727,0.359,1344.70239257812,1.462,-1.02163,0.06,0.09218134842519685
UHVsc2FyRm9sZFJlc3VsdE5vZGU6ODcxNDE=,2025-09-14T20:23:28+00:00,LBAND,1023.5648741682242,10.390131669676359,1.151355193040521e-05,59000.0,13.4322,0.044,9792.763671875,10.713,-1.25222,0.02,0.1092742435515873
UHVsc2FyRm9sZFJlc3VsdE5vZGU6ODcxNDQ=,2025-09-15T16:40:39+00:00,LBAND,1023.5648741682243,10.390149506755586,8.33705489670901e-06,59000.0,1.4462,0.033,3220.93481445312,3.808,-1.82067,0.03,0.11990188238188976
UHVsc2FyRm9sZFJlc3VsdE5vZGU6ODcxNDI=,2025-09-15T16:06:25+00:00,LBAND,1023.5648741682242,10.390148581290491,1.240559212145199e-05,59000.0,5.3773,0.054,3923.96166992188,4.583,-1.95073,0.03,0.1480222687007874
UHVsc2FyRm9sZFJlc3VsdE5vZGU6ODcxNDM=,2025-09-15T16:23:32+00:00,LBAND,1023.5648741682242,10.390120218305341,1.179084783153021e-05,59000.0,3.7667,0.049,3659.62182617188,4.45,-1.80002,0.03,0.2233252337598425
UHVsc2FyRm9sZFJlc3VsdE5vZGU6ODcxNDA=,2025-09-14T20:06:20+00:00,LBAND,1023.5648741682243,10.390137613355988,1.344103634246446e-05,59000.0,17.0779,0.051,9664.1953125,9.856,-1.26465,0.02,0.0853992372047244
UHVsc2FyRm9sZFJlc3VsdE5vZGU6ODcxMzg=,2025-09-14T19:49:13+00:00,LBAND,1022.5395391401868,10.390133464387809,1.095437039968343e-05,59000.0,10.9425,0.044,8348.8388671875,8.799,-1.29533,0.02,0.1046781994047619
UHVsc2FyRm9sZFJlc3VsdE5vZGU6ODcxMzk=,2025-09-15T16:57:46+00:00,LBAND,1023.5648741682243,10.390149024980289,1.48512858459081e-05,59000.0,2.8415,0.062,2357.48291015625,2.953,-1.68312,0.04,0.13834891732283464
UHVsc2FyRm9sZFJlc3VsdE5vZGU6ODcyNTQ=,2025-09-28T18:11:25+00:00,LBAND,1022.4621553644859,10.39014972367288,1.400844933261012e-05,59000.0,10.0493,0.046,6721.6806640625,7.906,-2.16384,0.03,0.10324649360236221
UHVsc2FyRm9sZFJlc3VsdE5vZGU6ODcyMDI=,2025-09-16T21:30:56+00:00,LBAND,255.49220844859806,10.390075803911635,1.963253970756374e-05,59000.0,1.7421,0.092,1203.29553222656,2.997,-1.201,0.04,0.09143880208333334
UHVsc2FyRm9sZFJlc3VsdE5vZGU6ODcyMDY=,2025-09-17T16:04:33+00:00,LBAND,1023.5648741682243,10.390153297429965,1.126886893708756e-05,59000.0,5.7488,0.039,5869.39697265625,6.436,-1.99519,0.03,0.137818343996063
UHVsc2FyRm9sZFJlc3VsdE5vZGU6ODcyMDk=,2025-09-17T16:55:56+00:00,LBAND,1023.4874903925232,10.390127282402364,1.105005420863675e-05,59000.0,3.5161,0.039,4111.56396484375,5.131,-1.90321,0.03,0.12127829724409449
UHVsc2FyRm9sZFJlc3VsdE5vZGU6ODcyNDk=,2025-09-27T16:02:35+00:00,LBAND,1023.5648741682242,10.390184419606864,1.07399563416447e-05,59000.0,3.1059,0.031,6106.99609375,6.717,-3.15766,0.03,0.1268531619094488
UHVsc2FyRm9sZFJlc3VsdE5vZGU6ODcyNDI=,2025-09-19T23:07:50+00:00,LBAND,1023.4874903925233,10.39013333017798,1.77427143245195e-05,59000.0,5.868,0.06,3611.642578125,3.75,-1.30039,0.04,0.0795167937992126
UHVsc2FyRm9sZFJlc3VsdE5vZGU6ODcyMDU=,2025-09-16T22:11:49+00:00,LBAND,1023.4874903925232,10.390112932101598,1.032955352850217e-05,59000.0,1.9465,0.052,2530.72875976562,2.823,-1.14774,0.03,0.12688391978346455
UHVsc2FyRm9sZFJlc3VsdE5vZGU6ODcyNTA=,2025-09-27T16:19:43+00:00,LBAND,1023.5648741682243,10.390202301592954,9.36580248961449e-06,59000.0,2.55,0.028,5043.47509765625,6.404,-3.15307,0.03,0.12140132874015748
UHVsc2FyRm9sZFJlc3VsdE5vZGU6ODcyNDE=,2025-09-19T22:50:43+00:00,LBAND,1022.5395391401869,10.390136190307768,1.98438565725712e-05,59000.0,7.8312,0.068,3334.82763671875,4.008,-1.36345,0.04,0.0844226747047244
UHVsc2FyRm9sZFJlc3VsdE5vZGU6ODcyNTM=,2025-09-28T17:54:17+00:00,LBAND,1023.4874903925232,10.39014272372438,1.814337835335729e-05,59000.0,11.0341,0.064,5518.43701171875,5.884,-2.25976,0.03,0.10617618110236221
UHVsc2FyRm9sZFJlc3VsdE5vZGU6ODcyMzY=,2025-09-18T17:09:42+00:00,LBAND,1023.4874903925232,10.390121641208111,9.60983165650144e-06,59000.0,1.5846,0.041,2599.90234375,3.143,-1.84158,0.03,0.1152574434055118
UHVsc2FyRm9sZFJlc3VsdE5vZGU6ODcyNTI=,2025-09-27T16:53:58+00:00,LBAND,1022.5395391401868,10.390191865704178,1.047473153495591e-05,59000.0,4.888,0.034,6149.40234375,6.457,-3.00615,0.03,0.1104361466535433
UHVsc2FyRm9sZFJlc3VsdE5vZGU6ODcyNTU=,2025-09-28T18:28:32+00:00,LBAND,1022.5395391401869,10.390168359439707,1.531195567821828e-05,59000.0,17.1378,0.041,8712.1748046875,10.234,-2.07067,0.03,0.11566065228174603
UHVsc2FyRm9sZFJlc3VsdE5vZGU6ODcyNDM=,2025-09-19T23:24:58+00:00,LBAND,1023.5648741682242,10.390142919694448,1.466197212719322e-05,59000.0,3.2135,0.051,3341.185546875,3.387,-1.39425,0.04,0.09278881643700787
UHVsc2FyRm9sZFJlc3VsdE5vZGU6ODcyMDg=,2025-09-17T16:38:49+00:00,LBAND,1022.5395391401868,10.39014702625863,1.031871144730269e-05,59000.0,4.5807,0.037,5335.46923828125,6.901,-1.90833,0.03,0.17442491319444445
UHVsc2FyRm9sZFJlc3VsdE5vZGU6ODcyNTE=,2025-09-27T16:36:51+00:00,LBAND,1022.5395391401869,10.390187618872165,9.28135163260858e-06,59000.0,3.0665,0.028,5042.12646484375,6.273,-3.07145,0.03,0.1172720841535433
UHVsc2FyRm9sZFJlc3VsdE5vZGU6ODcyNDA=,2025-09-19T22:33:35+00:00,LBAND,1023.5648741682242,10.390128119130104,2.168479564371597e-05,59000.0,9.9224,0.076,3527.13134765625,3.964,-1.39996,0.03,0.08629890501968504
UHVsc2FyRm9sZFJlc3VsdE5vZGU6ODcyMzk=,2025-09-18T18:01:06+00:00,LBAND,1023.4874903925232,10.3901075740788,1.761203555029209e-05,59000.0,4.5835,0.072,2623.18896484375,3.119,-1.66579,0.04,0.10506889763779527
UHVsc2FyRm9sZFJlc3VsdE5vZGU6ODcyMDQ=,2025-09-16T21:54:41+00:00,LBAND,1023.5648741682242,10.390103135545994,1.235984196136139e-05,59000.0,3.0089,0.06,2498.76196289062,2.98,-1.19643,0.03,0.1078371062992126
UHVsc2FyRm9sZFJlc3VsdE5vZGU6ODcyMDc=,2025-09-17T16:21:41+00:00,LBAND,1023.4874903925233,10.390150795043159,1.169615903831445e-05,59000.0,6.7256,0.039,6011.3671875,7.209,-1.98722,0.03,0.13428118848425197
UHVsc2FyRm9sZFJlc3VsdE5vZGU6ODcyMzg=,2025-09-18T17:43:58+00:00,LBAND,1023.5648741682242,10.390097274387355,1.502819860914203e-05,59000.0,3.943,0.062,3065.662109375,3.243,-1.69432,0.03,0.10940575787401575
UHVsc2FyRm9sZFJlc3VsdE5vZGU6ODcyMDM=,2025-09-16T21:37:35+00:00,LBAND,1022.462155364486,10.39009707218338,1.137399970917404e-05,59000.0,2.591,0.053,2712.98706054688,3.045,-1.21877,0.03,0.10335414616141732
UHVsc2FyRm9sZFJlc3VsdE5vZGU6ODcyNTY=,2025-09-28T18:45:38+00:00,LBAND,1023.5648741682242,10.390173979577147,1.456864145441183e-05,59000.0,19.5272,0.032,11328.01953125,13.935,-2.07629,0.03,0.10565329724409449
UHVsc2FyRm9sZFJlc3VsdE5vZGU6ODcyMTQ=,2025-09-17T21:25:20+00:00,LBAND,511.54544927102796,10.390115187936495,2.712529687409045e-05,59000.0,1.9895,0.068,1834.50561523438,2.783,-1.08132,0.06,0.10148374495967742
UHVsc2FyRm9sZFJlc3VsdE5vZGU6ODcyNDc=,2025-09-25T15:55:30+00:00,LBAND,1023.5648741682243,10.390153966862712,2.151175354411534e-05,59000.0,5.5379,0.053,3259.20776367188,3.829,-3.34601,0.04,0.12474624753937008
UHVsc2FyRm9sZFJlc3VsdE5vZGU6ODcyNDQ=,2025-09-25T15:04:10+00:00,LBAND,1022.5395391401868,10.390175303093857,1.592003487502983e-05,59000.0,2.3907,0.049,2577.779296875,2.899,-3.25861,0.04,0.12355437992125984
UHVsc2FyRm9sZFJlc3VsdE5vZGU6ODcyMzc=,2025-09-18T17:26:50+00:00,LBAND,1023.4874903925233,10.390115614465344,1.338103576581443e-05,59000.0,3.4264,0.057,2715.73388671875,3.408,-1.75061,0.03,0.11519592765748031
UHVsc2FyRm9sZFJlc3VsdE5vZGU6ODcyNDU=,2025-09-25T15:21:16+00:00,LBAND,1023.5648741682243,10.39015941831577,1.549543074727342e-05,59000.0,1.9359,0.035,2497.31420898438,3.208,-3.33637,0.04,0.10738342765748031
UHVsc2FyRm9sZFJlc3VsdE5vZGU6ODc1MzY=,2025-09-21T19:28:59+00:00,LBAND,1023.5648741682242,10.390265811810963,1.215149298660416e-05,59000.0,0.6424,0.052,1349.77319335938,1.785,-1.62463,0.05,0.10242372047244094
UHVsc2FyRm9sZFJlc3VsdE5vZGU6ODc1MzM=,2025-10-01T23:00:21+00:00,LBAND,1023.4874903925232,10.390191502982685,2.474715024591295e-05,59000.0,1.5499,0.139,649.426818847656,0.907,-1.05,0.06,0.09571081446850394
UHVsc2FyRm9sZFJlc3VsdE5vZGU6ODc1MjQ=,2025-10-01T20:13:00+00:00,LBAND,1023.5648741682243,10.390222925677435,3.125297360239985e-05,59000.0,1.0606,0.097,843.89453125,1.129,-1.11995,0.1,0.11994801919291338
UHVsc2FyRm9sZFJlc3VsdE5vZGU6ODc1MjA=,2025-10-01T19:04:32+00:00,LBAND,1023.4874903925232,10.390178515367392,2.007096573238884e-05,59000.0,0.9339,0.086,833.093627929688,1.152,-1.27101,0.06,0.11069258432539683
UHVsc2FyRm9sZFJlc3VsdE5vZGU6ODc1MjU=,2025-10-01T20:30:07+00:00,LBAND,1023.5648741682242,10.390175355641468,2.925257083499695e-05,59000.0,1.3451,0.106,944.578796386719,1.172,-0.961176,0.08,0.11468073326771654
UHVsc2FyRm9sZFJlc3VsdE5vZGU6ODc1NTI=,2025-09-07T18:38:57+00:00,LBAND,1023.4874903925232,10.390167875661824,3.92527749430189e-05,59000.0,6.9366,0.143,2726.11206054688,3.184,-1.38237,0.05,0.10589167076771654
UHVsc2FyRm9sZFJlc3VsdE5vZGU6ODc1Mzc=,2025-09-21T20:03:13+00:00,LBAND,1023.5648741682243,10.390246366136235,2.314681062440362e-05,59000.0,1.9791,0.111,1001.51275634766,1.409,-1.47126,0.05,0.09754859744094488
UHVsc2FyRm9sZFJlc3VsdE5vZGU6ODc1Njg=,2025-09-21T16:26:16+00:00,LBAND,1023.5648741682243,10.39024140531763,4.632837824573169e-05,59000.0,0.7087,0.177,382.620666503906,0.495,-2.39191,0.13,0.12861173115079366
UHVsc2FyRm9sZFJlc3VsdE5vZGU6ODc1NDU=,2025-09-21T21:45:55+00:00,LBAND,1023.5648741682243,10.390172543927125,3.375691218780358e-05,59000.0,1.279,0.128,709.894897460938,0.95,-1.37328,0.08,0.10279281496062992
UHVsc2FyRm9sZFJlc3VsdE5vZGU6ODc1NTM=,2025-09-07T18:21:51+00:00,LBAND,1023.5648741682242,10.390161547945867,4.51016334853064e-05,59000.0,9.686,0.164,3384.3515625,3.712,-1.30128,0.05,0.10949803149606299
UHVsc2FyRm9sZFJlc3VsdE5vZGU6ODc1NDk=,2025-09-07T18:04:45+00:00,LBAND,1023.4874903925233,10.390145518194315,4.409074196989915e-05,59000.0,10.1397,0.161,3679.23559570312,4.089,-1.29418,0.04,0.1119509719488189
UHVsc2FyRm9sZFJlc3VsdE5vZGU6ODc1NTU=,2025-09-07T18:56:04+00:00,LBAND,1022.4621553644859,10.390206301606128,5.437021898400697e-05,59000.0,14.1465,0.206,2462.33081054688,2.669,-1.21835,0.05,0.11005936269685039
UHVsc2FyRm9sZFJlc3VsdE5vZGU6ODc1Nzg=,2025-09-21T17:34:45+00:00,LBAND,1023.4874903925233,10.390222976908284,3.018237430843207e-05,59000.0,0.7862,0.145,499.031707763672,0.655,-2.33107,0.09,0.10963644192913385
UHVsc2FyRm9sZFJlc3VsdE5vZGU6ODc1NTQ=,2025-09-21T22:20:10+00:00,LBAND,1022.5395391401868,10.390241053404289,3.217423987502287e-05,59000.0,0.9365,0.103,761.131103515625,0.915,-1.30776,0.09,0.09563391978346457
UHVsc2FyRm9sZFJlc3VsdE5vZGU6ODc1ODI=,2025-09-21T18:08:59+00:00,LBAND,1023.5648741682242,10.390207927219047,3.100628845704094e-05,59000.0,1.1886,0.111,867.508728027344,1.04,-1.96329,0.08,0.12153973917322834
UHVsc2FyRm9sZFJlc3VsdE5vZGU6ODc1MjY=,2025-10-01T20:47:14+00:00,LBAND,1023.5648741682242,10.390168786741866,2.735288667409977e-05,59000.0,1.207,0.115,788.885070800781,0.99,-1.08558,0.08,0.11824095718503937
UHVsc2FyRm9sZFJlc3VsdE5vZGU6ODc1MzQ=,2025-09-07T16:22:09+00:00,LBAND,1023.5648741682242,10.389642896031424,0.0002187177331399733,59000.0,292.2138,0.711,4617.98876953125,5.016,-2.0077,0.04,0.17466627706692914
UHVsc2FyRm9sZFJlc3VsdE5vZGU6ODc1MzI=,2025-10-01T22:43:14+00:00,LBAND,1023.4874903925232,10.390196165869952,2.975265510795846e-05,59000.0,1.1338,0.147,513.942443847656,0.759,-1.19291,0.08,0.1070066437007874
UHVsc2FyRm9sZFJlc3VsdE5vZGU6ODc1NzE=,2025-09-21T16:43:23+00:00,LBAND,1023.5648741682242,10.39021472793711,6.265514460246992e-05,59000.0,1.112,0.248,322.146301269531,0.515,-2.57757,0.14,0.12264702263779527
UHVsc2FyRm9sZFJlc3VsdE5vZGU6ODc1NDI=,2025-09-07T17:13:28+00:00,LBAND,1022.5395391401869,10.390048837820663,4.714629396590905e-05,59000.0,13.7574,0.175,3621.25805664062,4.479,-1.52596,0.04,0.14850725446428573
UHVsc2FyRm9sZFJlc3VsdE5vZGU6ODc1ODA=,2025-09-21T17:51:52+00:00,LBAND,1023.5648741682242,10.390186760725106,3.680064600140103e-05,59000.0,1.4035,0.16,639.949645996094,0.845,-2.28984,0.08,0.1072048611111111
UHVsc2FyRm9sZFJlc3VsdE5vZGU6ODc1NjI=,2025-09-07T19:47:22+00:00,LBAND,1022.5395391401869,10.390178790240295,6.043347353663736e-05,59000.0,21.9175,0.299,1478.09716796875,1.635,-1.14001,0.04,0.1142808809055118
UHVsc2FyRm9sZFJlc3VsdE5vZGU6ODc1ODg=,2025-09-21T19:00:20+00:00,LBAND,1023.5648741682243,10.39022619468164,2.277336926781423e-05,59000.0,2.4065,0.092,1479.68237304688,1.831,-1.68832,0.05,0.11646468996062992
UHVsc2FyRm9sZFJlc3VsdE5vZGU6ODc1NTY=,2025-09-21T22:54:23+00:00,LBAND,1023.4874903925233,10.39024417368928,3.501392202195301e-05,59000.0,2.3371,0.15,932.158264160156,1.117,-1.13574,0.07,0.08769069881889764
UHVsc2FyRm9sZFJlc3VsdE5vZGU6ODc1MzU=,2025-09-21T19:46:06+00:00,LBAND,1023.5648741682242,10.390240646022997,1.833496228191471e-05,59000.0,1.3161,0.085,1091.09143066406,1.565,-1.56168,0.05,0.09997846948818898
UHVsc2FyRm9sZFJlc3VsdE5vZGU6ODc1Mzk=,2025-09-21T20:20:20+00:00,LBAND,1023.5648741682243,10.390200972471824,1.954980855404109e-05,59000.0,1.2006,0.096,1005.36212158203,1.284,-1.55581,0.05,0.1025159940944882
UHVsc2FyRm9sZFJlc3VsdE5vZGU6ODc1NjM=,2025-09-21T15:34:55+00:00,LBAND,1023.5648741682242,10.390180854708118,3.118985900400815e-05,59000.0,1.1112,0.14,527.4140625,0.844,-2.60534,0.08,0.2161970964566929
UHVsc2FyRm9sZFJlc3VsdE5vZGU6ODc1NTA=,2025-09-21T22:03:03+00:00,LBAND,1022.5395391401868,10.390173067310657,5.110935970561247e-05,59000.0,2.0778,0.164,642.443969726562,0.927,-1.11219,0.09,0.1277451402559055
UHVsc2FyRm9sZFJlc3VsdE5vZGU6ODc1NzQ=,2025-09-21T17:00:30+00:00,LBAND,1023.5648741682242,10.390284802770553,6.525098925526684e-05,59000.0,1.6266,0.301,330.366149902344,0.563,-2.24819,0.11,0.1279912032480315
UHVsc2FyRm9sZFJlc3VsdE5vZGU6ODc1MTk=,2025-10-01T18:47:25+00:00,LBAND,1023.4874903925233,10.390200749896653,2.160150415214747e-05,59000.0,1.0613,0.088,858.02685546875,1.287,-1.23241,0.06,0.10402312992125984
UHVsc2FyRm9sZFJlc3VsdE5vZGU6ODc1ODY=,2025-09-21T18:43:13+00:00,LBAND,1023.5648741682243,10.39023941301547,2.724065636441514e-05,59000.0,2.4689,0.102,1285.64599609375,1.681,-1.75885,0.05,0.11155111958661418
UHVsc2FyRm9sZFJlc3VsdE5vZGU6ODc1MTg=,2025-10-01T18:30:18+00:00,LBAND,1023.4874903925232,10.390205643216378,1.795172445247732e-05,59000.0,0.8819,0.076,993.577453613281,1.326,-1.53815,0.06,0.09675658218503937
UHVsc2FyRm9sZFJlc3VsdE5vZGU6ODc1NzY=,2025-09-21T17:17:38+00:00,LBAND,1023.4874903925232,10.390182470546781,2.82230231993101e-05,59000.0,0.5854,0.145,404.303863525391,0.582,-2.05738,0.1,0.12051703986220473
UHVsc2FyRm9sZFJlc3VsdE5vZGU6ODc1NDE=,2025-09-21T20:54:34+00:00,LBAND,1023.4874903925232,10.390175472232626,2.969666508226555e-05,59000.0,2.1474,0.139,876.614562988281,1.15,-1.32536,0.06,0.08887487696850394
UHVsc2FyRm9sZFJlc3VsdE5vZGU6ODc1MzA=,2025-10-01T22:09:00+00:00,LBAND,1023.4874903925233,10.390208101944705,4.145711007187157e-05,59000.0,0.646,0.137,442.251800537109,0.605,-1.34181,0.12,0.10234682578740158
UHVsc2FyRm9sZFJlc3VsdE5vZGU6ODc1Mjg=,2025-10-01T21:21:28+00:00,LBAND,1023.4874903925232,10.390133465740561,5.317633790530396e-05,59000.0,1.3927,0.206,458.488525390625,0.624,-0.991634,0.12,0.12073722718253968
UHVsc2FyRm9sZFJlc3VsdE5vZGU6ODc1NDc=,2025-09-21T21:28:48+00:00,LBAND,1023.4874903925232,10.390147811005951,2.815596310980714e-05,59000.0,1.3945,0.12,812.641662597656,1.078,-1.24507,0.07,0.08451140873015874
UHVsc2FyRm9sZFJlc3VsdE5vZGU6ODc1NTk=,2025-09-07T19:30:15+00:00,LBAND,1023.5648741682243,10.390212292935058,5.55308345562178e-05,59000.0,16.9696,0.247,1672.33520507812,1.787,-1.19374,0.04,0.10315421998031496
UHVsc2FyRm9sZFJlc3VsdE5vZGU6ODc1Njk=,2025-09-21T16:09:09+00:00,LBAND,1023.5648741682243,10.390198990481466,5.770460665356941e-05,59000.0,1.7338,0.229,414.608764648438,0.599,-2.12036,0.1,0.12676088828740156
UHVsc2FyRm9sZFJlc3VsdE5vZGU6ODc1NTc=,2025-09-07T19:13:09+00:00,LBAND,1023.4874903925232,10.390175565350976,5.464825224432078e-05,59000.0,15.1053,0.216,2338.42797851562,2.219,-1.27371,0.05,0.10416922982283465
UHVsc2FyRm9sZFJlc3VsdE5vZGU6ODc1MjE=,2025-10-01T19:21:39+00:00,LBAND,1023.5648741682242,10.3901755727076,1.673099375820685e-05,59000.0,0.4763,0.072,756.800537109375,1.013,-1.20579,0.07,0.11775652066929133
UHVsc2FyRm9sZFJlc3VsdE5vZGU6ODc1NDQ=,2025-09-21T21:11:41+00:00,LBAND,1023.4874903925232,10.390182534546463,2.64174701318034e-05,59000.0,1.5932,0.119,871.69970703125,1.147,-1.31132,0.06,0.08842119832677166
UHVsc2FyRm9sZFJlc3VsdE5vZGU6ODc1MjI=,2025-10-01T19:38:46+00:00,LBAND,1023.4874903925232,10.39016664926031,3.117932781210832e-05,59000.0,1.0011,0.111,717.730651855469,0.915,-1.10485,0.1,0.13001353346456693
UHVsc2FyRm9sZFJlc3VsdE5vZGU6ODc1Mjc=,2025-10-01T21:04:21+00:00,LBAND,1023.4874903925232,10.390166453664447,0.0001598156973341078,59000.0,22.6997,0.688,511.081390380859,0.734,-0.903157,0.1,0.11288908710629922
UHVsc2FyRm9sZFJlc3VsdE5vZGU6ODc1NTE=,2025-09-21T22:37:16+00:00,LBAND,1023.4874903925232,10.390185270689676,3.242966352103209e-05,59000.0,1.6515,0.127,866.48046875,1.069,-1.27257,0.07,0.09321942667322834
UHVsc2FyRm9sZFJlc3VsdE5vZGU6ODc1NTg=,2025-09-21T23:11:30+00:00,LBAND,1023.5648741682243,10.390210741400853,2.396168180890098e-05,59000.0,1.0822,0.097,933.329895019531,1.161,-1.13944,0.07,0.08760611466535433
UHVsc2FyRm9sZFJlc3VsdE5vZGU6ODc1Mjk=,2025-10-01T21:38:35+00:00,LBAND,1023.5648741682242,10.390205753978016,6.28571838995955e-05,59000.0,1.2982,0.219,374.889678955078,0.574,-1.26827,0.15,0.10479976624015748
UHVsc2FyRm9sZFJlc3VsdE5vZGU6ODc1MzE=,2025-10-01T22:26:07+00:00,LBAND,1023.5648741682242,10.390215542665697,4.621737579535423e-05,59000.0,1.2186,0.182,488.703704833984,0.662,-1.0664,0.1,0.09833292322834646
UHVsc2FyRm9sZFJlc3VsdE5vZGU6ODc1NjY=,2025-09-21T15:52:02+00:00,LBAND,1023.4874903925232,10.390180401913925,3.816580429009126e-05,59000.0,1.0943,0.159,483.147399902344,0.716,-2.43986,0.09,0.1344964936023622
UHVsc2FyRm9sZFJlc3VsdE5vZGU6ODc1NDY=,2025-09-07T17:30:34+00:00,LBAND,1022.5395391401869,10.390103813831065,8.048223001064603e-05,59000.0,39.5862,0.3,3811.81420898438,4.406,-1.44171,0.04,0.13251261072834647
UHVsc2FyRm9sZFJlc3VsdE5vZGU6ODc1Mzg=,2025-09-07T16:39:15+00:00,LBAND,1023.4874903925232,10.39010183544198,9.318115205491186e-05,59000.0,53.5258,0.318,4293.7451171875,4.988,-1.74903,0.04,0.16575418307086615
UHVsc2FyRm9sZFJlc3VsdE5vZGU6ODc1NDg=,2025-09-07T17:47:39+00:00,LBAND,1023.4874903925233,10.390054132917978,5.055221492037457e-05,59000.0,14.8041,0.185,3645.74194335938,4.185,-1.33827,0.04,0.1228392593503937
UHVsc2FyRm9sZFJlc3VsdE5vZGU6ODc1NDM=,2025-09-07T16:56:21+00:00,LBAND,1023.5648741682242,10.390049973438147,4.066403147459084e-05,59000.0,10.0209,0.149,4317.16943359375,4.684,-1.72039,0.04,0.15436608021653545
UHVsc2FyRm9sZFJlc3VsdE5vZGU6ODc1MjM=,2025-10-01T19:55:53+00:00,LBAND,1023.4874903925233,10.390160571293398,3.824550118797691e-05,59000.0,1.0556,0.107,838.491271972656,0.989,-0.909315,0.11,0.12999815452755906
UHVsc2FyRm9sZFJlc3VsdE5vZGU6ODc0NjM=,2025-09-29T19:12:54+00:00,LBAND,511.54544927102796,10.390193550035875,1.81348588840133e-05,59000.0,3.3094,0.051,2976.28784179688,4.877,-1.28934,0.04,0.1189236111111111
UHVsc2FyRm9sZFJlc3VsdE5vZGU6ODc1ODQ=,2025-09-21T18:26:06+00:00,LBAND,1023.4874903925232,10.390224031664733,2.387650823694177e-05,59000.0,1.087,0.079,1052.78637695312,1.334,-1.93577,0.07,0.11601870078740158
UHVsc2FyRm9sZFJlc3VsdE5vZGU6ODc1NDA=,2025-09-21T20:37:27+00:00,LBAND,1023.5648741682243,10.39019830478092,2.697944701922014e-05,59000.0,2.015,0.132,904.552124023438,1.241,-1.46227,0.05,0.10113957923228346
UHVsc2FyRm9sZFJlc3VsdE5vZGU6ODc4MTQ=,2025-10-07T21:37:47+00:00,LBAND,835.4836073271026,10.390209624623214,2.231575794807094e-05,59000.0,5.8558,0.085,2677.33276367188,3.334,-1.16801,0.04,0.09200546116504854
UHVsc2FyRm9sZFJlc3VsdE5vZGU6ODc4MzM=,2025-10-08T21:06:37+00:00,LBAND,1023.4874903925232,10.390164904438482,2.551525125608419e-05,59000.0,1.6529,0.064,1469.78173828125,2.005,-1.53561,0.06,0.09856360728346457
UHVsc2FyRm9sZFJlc3VsdE5vZGU6ODc4Mjk=,2025-10-08T19:58:10+00:00,LBAND,1022.5395391401869,10.390145263101392,3.921953676339295e-05,59000.0,1.5753,0.156,663.112487792969,0.976,-1.46421,0.09,0.09935562253937008
UHVsc2FyRm9sZFJlc3VsdE5vZGU6ODc4MTE=,2025-10-07T20:46:24+00:00,LBAND,1023.5648741682242,10.39019622398661,1.110778251521797e-05,59000.0,3.92,0.049,3006.3388671875,3.591,-1.32437,0.03,0.11454458085317461
UHVsc2FyRm9sZFJlc3VsdE5vZGU6ODc4MjI=,2025-10-08T17:45:37+00:00,LBAND,1023.5648741682243,10.390218931807444,3.138497972846768e-05,59000.0,1.0294,0.118,558.447998046875,0.865,-1.91117,0.08,0.10105499507874016
UHVsc2FyRm9sZFJlc3VsdE5vZGU6ODc4MDI=,2025-10-07T18:00:48+00:00,LBAND,1023.5648741682242,10.390164876755902,1.501389483617986e-05,59000.0,4.9395,0.05,3976.55224609375,5.048,-2.28851,0.03,0.11002604166666667
UHVsc2FyRm9sZFJlc3VsdE5vZGU6ODc4MTI=,2025-10-07T21:03:32+00:00,LBAND,1023.5648741682243,10.390190632580065,1.225846206197009e-05,59000.0,4.4643,0.055,3082.4482421875,3.52,-1.32373,0.03,0.11021315206692914
UHVsc2FyRm9sZFJlc3VsdE5vZGU6ODc4MjY=,2025-10-08T18:54:05+00:00,LBAND,1023.5648741682243,10.390156871843473,2.233389698054002e-05,59000.0,1.2692,0.041,2112.3046875,2.924,-1.83776,0.07,0.0939576156496063
UHVsc2FyRm9sZFJlc3VsdE5vZGU6ODc4MDE=,2025-10-07T17:43:40+00:00,LBAND,1023.5648741682243,10.390159637138751,1.4222680346761e-05,59000.0,4.7587,0.05,3981.17407226562,4.842,-2.44403,0.03,0.09418061023622047
UHVsc2FyRm9sZFJlc3VsdE5vZGU6ODc4MDQ=,2025-10-07T18:35:04+00:00,LBAND,1023.4874903925233,10.390186716203692,1.930715333544103e-05,59000.0,6.2542,0.052,4332.0185546875,5.027,-1.84224,0.04,0.09506758432539683
UHVsc2FyRm9sZFJlc3VsdE5vZGU6ODc4Mjg=,2025-10-08T19:41:02+00:00,LBAND,1023.5648741682242,10.390209685989795,4.393093757404972e-05,59000.0,1.3197,0.104,919.740600585938,1.261,-1.52656,0.1,0.09983236958661418
UHVsc2FyRm9sZFJlc3VsdE5vZGU6ODc4MzY=,2025-10-08T21:57:58+00:00,LBAND,1023.4874903925233,10.390183348494315,3.715498673929999e-05,59000.0,1.126,0.098,837.599792480469,1.191,-1.29534,0.1,0.09438822588582677
UHVsc2FyRm9sZFJlc3VsdE5vZGU6ODc4MDc=,2025-10-07T19:26:28+00:00,LBAND,1023.5648741682243,10.390183420537127,1.57384314906449e-05,59000.0,3.786,0.033,4600.83740234375,5.854,-1.52587,0.04,0.0990480437992126
UHVsc2FyRm9sZFJlc3VsdE5vZGU6ODc4MjM=,2025-10-08T18:02:44+00:00,LBAND,1023.4874903925232,10.390191204202711,2.051289205007729e-05,59000.0,0.6141,0.075,773.710388183594,1.1,-1.96182,0.07,0.09432671013779527
UHVsc2FyRm9sZFJlc3VsdE5vZGU6ODc4MjE=,2025-10-08T17:28:30+00:00,LBAND,1023.5648741682243,10.39016364604498,3.115651334896445e-05,59000.0,1.1426,0.108,795.309936523438,1.06,-1.93276,0.07,0.10343873031496063
UHVsc2FyRm9sZFJlc3VsdE5vZGU6ODc4MzI=,2025-10-08T20:49:30+00:00,LBAND,1023.5648741682242,10.390210103856049,3.673008955994866e-05,59000.0,1.7701,0.077,1081.85864257812,1.611,-1.57517,0.07,0.12002491387795275
UHVsc2FyRm9sZFJlc3VsdE5vZGU6ODc4MTc=,2025-10-08T16:20:02+00:00,LBAND,1023.5648741682243,10.39017317463595,1.325674659677625e-05,59000.0,1.4872,0.044,2245.6962890625,3.042,-2.25929,0.04,0.09264271653543307
UHVsc2FyRm9sZFJlc3VsdE5vZGU6ODc4MDY=,2025-10-07T19:09:20+00:00,LBAND,1023.5648741682242,10.390178470935474,1.458107991478018e-05,59000.0,4.1708,0.034,4660.17724609375,6.19,-1.64121,0.03,0.08919270833333333
UHVsc2FyRm9sZFJlc3VsdE5vZGU6ODc4Njg=,2025-10-13T18:52:32+00:00,LBAND,255.569592224299,10.390053782073052,4.067045097997706e-05,59000.0,0.9971,0.114,764.830383300781,1.83,-1.4055,0.09,0.09680989583333334
UHVsc2FyRm9sZFJlc3VsdE5vZGU6ODc4MjQ=,2025-10-08T18:19:51+00:00,LBAND,1023.4874903925232,10.390223923794123,3.191394972782379e-05,59000.0,1.6143,0.075,1277.52026367188,1.795,-1.77405,0.07,0.09382689468503937
UHVsc2FyRm9sZFJlc3VsdE5vZGU6ODc4MDA=,2025-10-07T17:26:32+00:00,LBAND,1023.4874903925233,10.390148508833555,1.270260838104271e-05,59000.0,3.4156,0.045,3791.13891601562,4.788,-2.46684,0.03,0.11003379216269842
UHVsc2FyRm9sZFJlc3VsdE5vZGU6ODc4MTA=,2025-10-07T20:29:16+00:00,LBAND,1023.4874903925232,10.39020368821525,9.91387578550989e-06,59000.0,3.12,0.041,2873.41625976562,3.881,-1.32594,0.03,0.0948726624015748
UHVsc2FyRm9sZFJlc3VsdE5vZGU6ODc4Mjc=,2025-10-08T19:23:55+00:00,LBAND,1023.5648741682242,10.390186823000475,3.609186959956329e-05,59000.0,1.6734,0.069,1634.47619628906,2.012,-1.32214,0.08,0.11045152559055119
UHVsc2FyRm9sZFJlc3VsdE5vZGU6ODc4MDM=,2025-10-07T18:17:56+00:00,LBAND,1023.4874903925232,10.39016735804667,1.593961993889306e-05,59000.0,4.5754,0.047,3748.3837890625,4.956,-2.03335,0.03,0.10232375738188976
UHVsc2FyRm9sZFJlc3VsdE5vZGU6ODc3OTc=,2025-10-07T16:35:08+00:00,LBAND,1023.5648741682243,10.390171611499435,1.824336761204273e-05,59000.0,3.3857,0.04,3639.47705078125,4.175,-2.76215,0.04,0.11122047244094488
UHVsc2FyRm9sZFJlc3VsdE5vZGU6ODc4MTk=,2025-10-08T16:54:16+00:00,LBAND,1023.4874903925232,10.39020022187815,1.804576142954543e-05,59000.0,1.7522,0.065,1597.44848632812,2.267,-2.17557,0.04,0.11567615327380952
UHVsc2FyRm9sZFJlc3VsdE5vZGU6ODc4MDg=,2025-10-07T19:55:00+00:00,LBAND,1023.4874903925232,10.390199506936227,1.388747133655131e-05,59000.0,4.6268,0.038,4637.6259765625,5.282,-1.40963,0.03,0.10695281742125984
UHVsc2FyRm9sZFJlc3VsdE5vZGU6ODc3OTk=,2025-10-07T17:09:24+00:00,LBAND,1023.4874903925232,10.39015948177857,1.146900198795652e-05,59000.0,2.4265,0.035,4187.267578125,4.722,-2.48913,0.03,0.10647607037401575
UHVsc2FyRm9sZFJlc3VsdE5vZGU6ODc4MjA=,2025-10-08T17:11:23+00:00,LBAND,1023.5648741682242,10.390108256448473,1.967346049492872e-05,59000.0,1.26,0.077,1177.80847167969,1.595,-2.15593,0.05,0.12292384350393701
UHVsc2FyRm9sZFJlc3VsdE5vZGU6ODc4MDk=,2025-10-07T20:12:08+00:00,LBAND,1023.5648741682243,10.390191779167495,1.261513410027161e-05,59000.0,4.5545,0.046,3801.10131835938,4.463,-1.3674,0.03,0.09734623015873016
UHVsc2FyRm9sZFJlc3VsdE5vZGU6ODc4MTU=,2025-10-08T15:45:48+00:00,LBAND,1023.5648741682242,10.390169392823548,1.73165159469506e-05,59000.0,3.7557,0.051,3191.79907226562,4.392,-2.58606,0.04,0.10679133858267717
UHVsc2FyRm9sZFJlc3VsdE5vZGU6ODc4MzQ=,2025-10-08T21:23:44+00:00,LBAND,1023.5648741682242,10.390232290811344,2.54930924132141e-05,59000.0,1.8595,0.073,1517.60473632812,1.953,-1.49813,0.06,0.1013454861111111
UHVsc2FyRm9sZFJlc3VsdE5vZGU6ODc4MTY=,2025-10-08T16:02:55+00:00,LBAND,1023.5648741682242,10.39016912638444,1.794117734889755e-05,59000.0,3.209,0.055,2529.52270507812,3.727,-2.41473,0.04,0.10556102362204725
UHVsc2FyRm9sZFJlc3VsdE5vZGU6ODc4MjU=,2025-10-08T18:36:58+00:00,LBAND,1023.4874903925232,10.390185340286218,2.528194730353684e-05,59000.0,1.3733,0.046,1939.60986328125,2.646,-1.8009,0.07,0.09533403051181102
UHVsc2FyRm9sZFJlc3VsdE5vZGU6ODc4MzE=,2025-10-08T20:32:23+00:00,LBAND,1023.4874903925232,10.390171053535122,3.699600578219694e-05,59000.0,1.5015,0.092,947.203369140625,1.246,-1.51779,0.07,0.09168153297244094
UHVsc2FyRm9sZFJlc3VsdE5vZGU6ODc4MTg=,2025-10-08T16:37:09+00:00,LBAND,1023.4874903925233,10.390199428380145,1.163071366619237e-05,59000.0,1.0589,0.043,1903.58654785156,2.755,-2.19708,0.04,0.10535340797244094
UHVsc2FyRm9sZFJlc3VsdE5vZGU6ODc4MTM=,2025-10-07T21:20:40+00:00,LBAND,1022.5395391401869,10.390180267676605,1.334283180831006e-05,59000.0,4.1815,0.062,2912.98608398438,3.427,-1.29282,0.03,0.10095021081349206
UHVsc2FyRm9sZFJlc3VsdE5vZGU6ODc4Mzc=,2025-10-08T22:15:05+00:00,LBAND,1023.4874903925232,10.390166572926319,3.218224444369904e-05,59000.0,0.717,0.102,674.854736328125,0.99,-1.15747,0.1,0.09112020177165354
UHVsc2FyRm9sZFJlc3VsdE5vZGU6ODc4MDU=,2025-10-07T18:52:12+00:00,LBAND,1023.4874903925232,10.390173129172293,1.840858513107572e-05,59000.0,6.1721,0.047,4808.60498046875,5.566,-1.70929,0.03,0.09098948080708662
UHVsc2FyRm9sZFJlc3VsdE5vZGU6ODc3OTY=,2025-10-07T16:18:00+00:00,LBAND,1023.5648741682243,10.390209435881037,1.567966448334893e-05,59000.0,1.8947,0.03,3113.6123046875,3.983,-2.82167,0.04,0.10911923363095238
UHVsc2FyRm9sZFJlc3VsdE5vZGU6ODc4MzA=,2025-10-08T20:15:16+00:00,LBAND,1023.5648741682243,10.390193015293775,2.77306615371799e-05,59000.0,1.1083,0.1,757.991516113281,1.179,-1.37877,0.07,0.08993602362204725
UHVsc2FyRm9sZFJlc3VsdE5vZGU6ODc4Mzg=,2025-10-08T22:32:12+00:00,LBAND,1023.5648741682242,10.3902307220037,3.572142176881348e-05,59000.0,1.0267,0.128,625.663452148438,0.803,-0.867595,0.11,0.0931886687992126
UHVsc2FyRm9sZFJlc3VsdE5vZGU6ODc3OTg=,2025-10-07T16:52:16+00:00,LBAND,1023.5648741682242,10.39015126021734,1.5526629233693e-05,59000.0,3.8159,0.041,3708.91625976562,4.363,-2.65566,0.04,0.10605003720238096
UHVsc2FyRm9sZFJlc3VsdE5vZGU6ODc5MDg=,2025-10-20T13:14:10+00:00,LBAND,1023.5648741682242,10.390232381917738,1.91627021633161e-05,59000.0,1.7077,0.084,1103.76623535156,1.386,-3.0083,0.05,0.10183163139763779
UHVsc2FyRm9sZFJlc3VsdE5vZGU6ODc5MDE=,2025-10-16T15:41:06+00:00,LBAND,1023.4874903925232,10.390246092353296,3.047563835440544e-05,59000.0,19.1102,0.09,5059.7255859375,5.774,-2.93394,0.03,0.10355407234251969
UHVsc2FyRm9sZFJlc3VsdE5vZGU6ODc5MDU=,2025-10-16T16:52:52+00:00,LBAND,1023.5648741682242,10.390252226603844,1.02000310070315e-05,59000.0,9.88,0.033,9536.421875,10.855,-2.62846,0.02,0.10915969488188976
UHVsc2FyRm9sZFJlc3VsdE5vZGU6ODc5MDc=,2025-10-16T17:29:01+00:00,LBAND,1023.4874903925232,10.390233661164492,1.018160099384736e-05,59000.0,13.1813,0.025,12731.3037109375,15.877,-2.45616,0.02,0.08300012303149606
UHVsc2FyRm9sZFJlc3VsdE5vZGU6ODc5MDM=,2025-10-16T16:16:52+00:00,LBAND,1023.5648741682242,10.390252108003436,1.091419110222467e-05,59000.0,5.19,0.039,6250.333984375,6.961,-2.79566,0.03,0.08464566929133858
UHVsc2FyRm9sZFJlc3VsdE5vZGU6ODc5MTA=,2025-10-20T15:14:06+00:00,LBAND,1023.5648741682243,10.390248319547112,2.853538854938888e-05,59000.0,2.8997,0.073,1952.52172851562,2.301,-3.10955,0.06,0.12470011072834646
UHVsc2FyRm9sZFJlc3VsdE5vZGU6ODgwNzk=,2025-10-25T19:13:42+00:00,LBAND,1022.5395391401868,10.390201154663291,2.42055671789721e-05,59000.0,1.5744,0.107,894.252563476562,1.034,-1.85551,0.06,0.10370786171259842
UHVsc2FyRm9sZFJlc3VsdE5vZGU6ODgzMjc=,2025-10-20T13:48:26+00:00,LBAND,1023.5648741682242,10.390205643561735,3.52425025290662e-05,59000.0,2.2687,0.149,829.061584472656,1.125,-3.10337,0.06,0.17695004921259844
UHVsc2FyRm9sZFJlc3VsdE5vZGU6ODgzNjk=,2025-10-27T13:10:39+00:00,LBAND,255.56959222429902,10.390173197386499,0.0006228984673861477,59000.0,78.5771,2.573,260.906280517578,0.686,-2.87999,0.14,0.14516129032258066
UHVsc2FyRm9sZFJlc3VsdE5vZGU6ODc5MDk=,2025-10-20T14:56:58+00:00,LBAND,1023.4874903925232,10.39025423917677,3.198764039236277e-05,59000.0,2.6786,0.084,1285.53881835938,1.727,-3.08853,0.07,0.11013625738188976
UHVsc2FyRm9sZFJlc3VsdE5vZGU6ODgzMjY=,2025-10-20T13:31:18+00:00,LBAND,1023.5648741682243,10.390208535663541,2.039670970742681e-05,59000.0,1.1964,0.093,903.227783203125,1.139,-3.04828,0.06,0.13195127952755906
UHVsc2FyRm9sZFJlc3VsdE5vZGU6ODgzMjg=,2025-10-20T14:05:34+00:00,LBAND,1023.5648741682242,10.39019417334281,3.151015644602508e-05,59000.0,1.2876,0.103,853.997802734375,1.101,-3.16184,0.08,0.1244617372047244
UHVsc2FyRm9sZFJlc3VsdE5vZGU6ODg0MzA=,2025-10-28T15:22:46+00:00,LBAND,1023.5648741682243,10.390187819519488,1.955832679170642e-05,59000.0,1.1607,0.1,793.005493164062,1.044,-3.42111,0.06,0.11868694635826772
UHVsc2FyRm9sZFJlc3VsdE5vZGU6ODgwODE=,2025-10-25T19:47:55+00:00,LBAND,1023.5648741682243,10.390217217287445,3.963262079876081e-05,59000.0,1.9186,0.098,1099.71801757812,1.25,-1.58445,0.08,0.1127199187992126
UHVsc2FyRm9sZFJlc3VsdE5vZGU6MTU1OA==,2019-08-09T19:20:09+00:00,LBAND,264.2010245981311,10.390541295963198,5.721803002682605e-05,59000.0,0.5721,0.181,305.960357666016,0.819,-1.20058,0.15,0.037984913793103446
UHVsc2FyRm9sZFJlc3VsdE5vZGU6ODE2NzY=,2025-02-02T11:22:15+00:00,LBAND,255.49220844859806,10.390065570480704,1.925478861173111e-05,59000.0,9.5484,0.05,5780.65380859375,14.013,-2.16972,0.03,0.07195060483870967
UHVsc2FyRm9sZFJlc3VsdE5vZGU6MTY0MQ==,2020-04-07T05:50:33+00:00,LBAND,514.6049244112143,10.39059650155856,1.227074518158829e-05,59000.0,2.0165,0.045,2636.13159179688,4.289,-2.938,0.04,0.08874317956349206
UHVsc2FyRm9sZFJlc3VsdE5vZGU6MTU3Mw==,2019-09-24T16:08:57+00:00,LBAND,257.61560044859834,10.390535956869964,1.799750935406952e-05,59000.0,1.0561,0.074,1020.28393554688,2.806,-1.32581,0.05,0.061561457174638484
UHVsc2FyRm9sZFJlc3VsdE5vZGU6MTU4Ng==,2019-11-09T12:51:29+00:00,LBAND,265.53414699065445,10.39052178631873,5.89702534034199e-05,59000.0,0.9387,0.104,596.804016113281,1.565,-1.63084,0.12,0.09119073275862069
UHVsc2FyRm9sZFJlc3VsdE5vZGU6MTY1MQ==,2020-05-05T20:46:50+00:00,LBAND,512.8808002990647,10.390623856648016,3.528984027529686e-05,59000.0,1.5246,0.137,796.657836914062,1.284,-0.333566,0.07,0.09987289186507936
UHVsc2FyRm9sZFJlc3VsdE5vZGU6ODY1OTY=,2025-08-30T23:51:39+00:00,LBAND,1022.5395391401868,10.390196769883175,1.285327391248879e-05,59000.0,0.7532,0.036,1541.55224609375,2.149,-0.837256,0.06,0.10570712352362205
UHVsc2FyRm9sZFJlc3VsdE5vZGU6ODY5MjA=,2025-09-07T20:22:16+00:00,LBAND,1023.5648741682242,10.390022772531532,3.380186945797049e-05,59000.0,8.1141,0.183,1334.63549804688,1.581,-1.08302,0.04,0.10371713789682539
UHVsc2FyRm9sZFJlc3VsdE5vZGU6MTc0Mg==,2022-09-26T17:52:00+00:00,LBAND,511.4696541308404,10.390501767132944,4.314249511045447e-05,59000.0,1.5889,0.201,515.612548828125,0.964,-1.60136,0.08,0.1039094002016129
UHVsc2FyRm9sZFJlc3VsdE5vZGU6MTUzOQ==,2019-05-14T03:57:00+00:00,LBAND,1016.0000000000002,10.390465170299022,2.543868859041994e-05,59000.0,2.9962,0.074,1759.33410644531,2.462,-0.524671,0.05,0.06766379310344828
UHVsc2FyRm9sZFJlc3VsdE5vZGU6MTU4Mg==,2019-10-26T12:17:56+00:00,LBAND,257.53764007476656,10.39049564369347,5.977840356273887e-05,59000.0,1.3871,0.163,642.542297363281,1.466,-1.59837,0.1,0.06458565072302558
UHVsc2FyRm9sZFJlc3VsdE5vZGU6ODc4OTk=,2025-10-16T15:05:17+00:00,LBAND,1023.4874903925233,10.390259770411289,3.542831162947108e-05,59000.0,13.3399,0.086,3606.12719726562,4.412,-3.0424,0.04,0.11046690452755906
UHVsc2FyRm9sZFJlc3VsdE5vZGU6ODM3ODY=,2025-05-05T06:51:10+00:00,LBAND,255.4922084485981,10.390105945060684,3.546472313274436e-05,59000.0,1.0629,0.076,832.637390136719,2.114,-1.67561,0.06,0.10023941532258064
UHVsc2FyRm9sZFJlc3VsdE5vZGU6MTYxMg==,2020-03-06T04:32:18+00:00,LBAND,544.5530700560741,10.390585910870852,3.031912688269965e-05,59000.0,2.5047,0.1,1209.49694824219,1.937,-0.532887,0.06,0.09399778451492537
UHVsc2FyRm9sZFJlc3VsdE5vZGU6ODI0NDA=,2025-03-15T05:56:41+00:00,LBAND,510.5201142429906,10.39002684998373,1.710656100670787e-05,59000.0,2.4554,0.045,2914.67895507812,4.575,-2.06452,0.04,0.13257623487903225
UHVsc2FyRm9sZFJlc3VsdE5vZGU6ODc4MzU=,2025-10-08T21:40:51+00:00,LBAND,1023.4874903925233,10.390149304096921,3.328169554179445e-05,59000.0,2.0079,0.095,1332.4736328125,1.722,-1.46617,0.07,0.08540692667322834
UHVsc2FyRm9sZFJlc3VsdE5vZGU6MTU3Mg==,2019-09-24T11:46:56+00:00,LBAND,258.5566935327105,10.390515927229492,2.868564511316211e-05,59000.0,2.0018,0.073,1495.02233886719,4.24,-1.07268,0.04,0.1792964404894327
UHVsc2FyRm9sZFJlc3VsdE5vZGU6MTUzOA==,2019-04-23T03:06:24+00:00,LBAND,511.9998600373834,10.390404776638821,6.884841068922659e-05,59000.0,2.24,0.114,814.781677246094,1.624,1.22976,0.49,0.07117283092324805
UHVsc2FyRm9sZFJlc3VsdE5vZGU6ODU3MDQ=,2025-07-21T19:44:25+00:00,LBAND,255.569592224299,10.390140601445584,3.731293826221261e-05,59000.0,2.6092,0.143,828.223693847656,2.058,-1.04129,0.05,0.1327179939516129
UHVsc2FyRm9sZFJlc3VsdE5vZGU6ODcyNDY=,2025-09-25T15:38:23+00:00,LBAND,1023.5648741682242,10.39016721709232,1.764419936606053e-05,59000.0,2.7889,0.042,2976.51489257812,3.469,-3.42103,0.04,0.12366203248031496
UHVsc2FyRm9sZFJlc3VsdE5vZGU6MTY4Nw==,2020-11-03T12:20:46+00:00,LBAND,510.52852396261613,10.390773606402691,2.143062330881788e-05,59000.0,0.9771,0.081,978.791625976562,1.569,-1.91639,0.06,0.08156622023809523
UHVsc2FyRm9sZFJlc3VsdE5vZGU6ODU0MDk=,2025-07-07T22:44:31+00:00,LBAND,255.56959222429902,10.390188136496306,2.634718724853862e-05,59000.0,1.3352,0.091,1072.75256347656,2.449,-0.880319,0.06,0.15360383064516128
UHVsc2FyRm9sZFJlc3VsdE5vZGU6MTc2MQ==,2023-04-15T03:53:28+00:00,LBAND,511.4696541308404,10.39020760343171,3.283757597421825e-05,59000.0,0.963,0.133,569.129638671875,0.88,-0.439645,0.09,0.09411227318548387
UHVsc2FyRm9sZFJlc3VsdE5vZGU6ODgwODA=,2025-10-25T19:30:49+00:00,LBAND,1022.5395391401868,10.390252499400733,1.61293165465483e-05,59000.0,0.7091,0.066,844.129821777344,1.17,-1.69401,0.06,0.11573040674603174
UHVsc2FyRm9sZFJlc3VsdE5vZGU6ODIwMDg=,2025-02-18T07:27:51+00:00,LBAND,511.468065495327,10.390057329105039,2.18417541491475e-05,59000.0,2.5854,0.096,1437.58581542969,2.374,-1.92324,0.04,0.11352926587301587
UHVsc2FyRm9sZFJlc3VsdE5vZGU6ODY1NzE=,2025-08-30T16:05:55+00:00,LBAND,1023.5648741682242,10.390176610309307,2.039502509942828e-05,59000.0,0.7947,0.086,797.653503417969,0.893,-1.66851,0.07,0.11371186023622047
UHVsc2FyRm9sZFJlc3VsdE5vZGU6MTYwNQ==,2020-02-28T11:20:05+00:00,LBAND,257.5369211214947,10.390681529952644,0.00011664131306613889,59000.0,1.4335,0.137,523.399108886719,1.253,-1.34235,0.17,0.02331149193548387
UHVsc2FyRm9sZFJlc3VsdE5vZGU6ODgzMjk=,2025-10-20T14:22:42+00:00,LBAND,1023.4874903925233,10.39012547940586,5.976346902330185e-05,59000.0,3.777,0.165,784.124450683594,1.072,-3.05576,0.09,0.10572250246062992
UHVsc2FyRm9sZFJlc3VsdE5vZGU6MTczNw==,2022-07-26T21:25:38+00:00,LBAND,511.5476240747656,10.390478249469236,1.763111325084171e-05,59000.0,0.8832,0.051,1488.68395996094,2.317,-0.853109,0.06,0.10239955357142858
UHVsc2FyRm9sZFJlc3VsdE5vZGU6ODYyMTI=,2025-08-06T17:47:30+00:00,UHF,255.2289882352943,10.390082554133228,1.334596972955546e-05,59000.0,0.5111,0.106,1817.42370605469,6.051,-0.588073,0.03,0.10603578629032258
UHVsc2FyRm9sZFJlc3VsdE5vZGU6ODgzMjM=,2025-10-20T12:22:46+00:00,LBAND,1023.5648741682243,10.390172749488347,2.337466650164684e-05,59000.0,2.0486,0.083,1361.32983398438,1.676,-2.96976,0.06,0.11137426181102363
UHVsc2FyRm9sZFJlc3VsdE5vZGU6MTU2MA==,2019-08-11T18:49:19+00:00,LBAND,258.47873315887875,10.390172743084335,0.0007736078789888285,59000.0,35.5178,2.558,170.994262695312,0.427,-1.30592,0.25,0.045426993534482756
UHVsc2FyRm9sZFJlc3VsdE5vZGU6ODI1MzM=,2025-03-22T07:56:11+00:00,UHF,511.209984,10.390079710524768,1.979819848853611e-05,59000.0,0.9332,0.191,865.670959472656,1.979,-0.8566,0.04,0.0824342757936508
UHVsc2FyRm9sZFJlc3VsdE5vZGU6MTU1Mg==,2019-07-25T21:45:35+00:00,LBAND,301.9895315140189,10.390476704898779,2.552670305963027e-05,59000.0,1.7482,0.034,2603.07470703125,5.619,-0.850955,0.07,0.056180102516309414
UHVsc2FyRm9sZFJlc3VsdE5vZGU6ODMwMzg=,2025-04-26T05:35:23+00:00,UHF,511.19816470588256,10.39004954622224,1.413415116604353e-05,59000.0,0.4565,0.115,1326.48962402344,2.906,-0.619348,0.03,0.12203931051587301
UHVsc2FyRm9sZFJlc3VsdE5vZGU6MTYxOQ==,2020-03-06T05:31:16+00:00,LBAND,898.5212411214947,10.390605413595848,4.040030075351453e-05,59000.0,4.1851,0.099,1572.96765136719,1.918,-0.811458,0.06,0.1182960304054054
UHVsc2FyRm9sZFJlc3VsdE5vZGU6MTYwMQ==,2020-02-02T09:00:52+00:00,LBAND,257.53764007476656,10.390446624037232,1.702974581112477e-05,59000.0,0.8224,0.082,816.13037109375,1.951,-1.31563,0.05,0.08846635150166852
UHVsc2FyRm9sZFJlc3VsdE5vZGU6ODY1ODM=,2025-08-30T19:56:33+00:00,LBAND,1022.5395391401868,10.390136127831667,2.622069855005656e-05,59000.0,3.9329,0.088,1716.88977050781,1.875,-1.04141,0.06,0.10106646825396826
UHVsc2FyRm9sZFJlc3VsdE5vZGU6ODI2MDg=,2025-03-11T09:14:41+00:00,LBAND,255.49220844859806,10.39008316281475,3.255048803370068e-05,59000.0,1.2837,0.171,556.022827148438,1.399,-3.46639,0.06,0.10562626008064516
UHVsc2FyRm9sZFJlc3VsdE5vZGU6MTYwMg==,2020-02-17T05:18:32+00:00,LBAND,258.4780512897189,10.390513825036168,8.163847644070695e-05,59000.0,2.2542,0.239,464.893524169922,1.173,-0.701503,0.1,0.09230090725806452
UHVsc2FyRm9sZFJlc3VsdE5vZGU6ODgzNzQ=,2025-10-27T14:19:14+00:00,LBAND,511.545449271028,10.390170724692815,6.047736864949938e-05,59000.0,1.6035,0.189,526.470458984375,1.008,-3.1053,0.1,0.13240947420634921
UHVsc2FyRm9sZFJlc3VsdE5vZGU6MTU0NA==,2019-07-02T18:47:28+00:00,LBAND,258.71372800000023,10.390475755816468,3.085155048214113e-05,59000.0,0.7488,0.064,1043.55297851562,2.341,-0.771738,0.07,0.08502502780867631
UHVsc2FyRm9sZFJlc3VsdE5vZGU6ODc2MTc=,2025-10-02T20:21:02+00:00,LBAND,254.55393016822424,10.390255118158189,0.00012292408211421365,59000.0,1.6982,0.334,265.051727294922,0.719,-1.37013,0.17,0.09041078629032258
UHVsc2FyRm9sZFJlc3VsdE5vZGU6MTcwMg==,2021-04-30T02:48:47+00:00,LBAND,255.49872089719557,10.390893733181807,2.812329291904845e-05,59000.0,1.611,0.071,1275.11804199219,2.772,-0.453598,0.05,0.11022555443548387
UHVsc2FyRm9sZFJlc3VsdE5vZGU6ODgzMzA=,2025-10-20T14:39:50+00:00,LBAND,1023.5648741682242,10.390255819949473,3.934309687993543e-05,59000.0,1.6884,0.11,828.732421875,1.096,-2.98964,0.09,0.11438084399606299
UHVsc2FyRm9sZFJlc3VsdE5vZGU6ODg0Mjg=,2025-10-28T14:48:31+00:00,LBAND,1023.4874903925232,10.390175634921313,1.839184907116712e-05,59000.0,0.8555,0.06,1065.79919433594,1.417,-3.33176,0.06,0.1200556717519685
UHVsc2FyRm9sZFJlc3VsdE5vZGU6ODA3OTg=,2025-01-01T10:18:40+00:00,LBAND,255.569592224299,10.390077839234317,3.147743344278288e-05,59000.0,1.6973,0.17,605.339965820312,1.619,-3.11968,0.05,0.23287760416666667
UHVsc2FyRm9sZFJlc3VsdE5vZGU6MTc1NQ==,2023-02-15T04:47:41+00:00,LBAND,255.4987208971956,10.390298873936462,6.581662599235457e-05,59000.0,2.6073,0.077,1142.17541503906,2.883,-1.6161,0.08,0.10219254032258064
UHVsc2FyRm9sZFJlc3VsdE5vZGU6MzU5ODE=,2023-10-30T13:41:57+00:00,LBAND,255.56959222429902,10.390213745867715,2.228043913689908e-05,59000.0,1.534,0.097,1014.65374755859,2.574,-2.80797,0.04,0.09582913306451613
UHVsc2FyRm9sZFJlc3VsdE5vZGU6NDQ4MDM=,2024-01-23T13:15:19+00:00,LBAND,511.54544927102796,10.39052829146488,4.598621751171336e-05,59000.0,1.2276,0.153,646.983276367188,1.129,-2.89348,0.1,0.09894283234126984
UHVsc2FyRm9sZFJlc3VsdE5vZGU6ODQ1NTU=,2025-06-11T20:33:09+00:00,LBAND,255.56959222429902,10.389903139741167,6.299371234552135e-05,59000.0,1.005,0.211,383.527648925781,0.871,-0.717214,0.12,0.1086819556451613
UHVsc2FyRm9sZFJlc3VsdE5vZGU6MTYwNw==,2020-03-01T02:43:18+00:00,LBAND,258.5571194018685,10.390580654801651,2.937270108107857e-05,59000.0,0.7447,0.087,653.987548828125,1.572,-0.71229,0.08,0.090301513671875
UHVsc2FyRm9sZFJlc3VsdE5vZGU6MTYyNw==,2020-03-06T06:32:10+00:00,LBAND,905.5769719626161,10.390578500265441,1.832019643218606e-05,59000.0,0.9526,0.079,953.489868164062,1.275,-0.769251,0.06,0.09809221540178571
UHVsc2FyRm9sZFJlc3VsdE5vZGU6ODM5MzQ=,2025-05-15T01:59:27+00:00,LBAND,255.56959222429902,10.390077325759039,2.110203738178974e-05,59000.0,1.2383,0.087,1216.07763671875,2.759,-0.540416,0.05,0.10694934475806452
UHVsc2FyRm9sZFJlc3VsdE5vZGU6NzQ1NTk=,2024-03-19T05:04:02+00:00,LBAND,255.569592224299,10.390178800724701,2.235439716271376e-05,59000.0,0.5343,0.12,517.053894042969,1.34,-1.14158,0.06,0.12622857862903225
UHVsc2FyRm9sZFJlc3VsdE5vZGU6NzczODE=,2024-07-24T23:20:28+00:00,LBAND,255.56959222429902,10.39025483722238,0.00010698348022386316,59000.0,1.8682,0.275,393.333892822266,0.924,-0.799287,0.15,0.10159400201612903
UHVsc2FyRm9sZFJlc3VsdE5vZGU6MTY3Nw==,2020-08-12T22:32:47+00:00,LBAND,254.87166684112083,10.390860295771446,2.461767249711466e-05,59000.0,0.6866,0.104,616.913696289062,1.628,-0.861353,0.06,0.09242691532258064
UHVsc2FyRm9sZFJlc3VsdE5vZGU6ODgwNzg=,2025-10-25T18:56:34+00:00,LBAND,1023.5648741682242,10.390199078494057,1.452780028441384e-05,59000.0,0.5622,0.07,889.041625976562,1.045,-2.1212,0.06,0.10160094734251969
UHVsc2FyRm9sZFJlc3VsdE5vZGU6ODc5MTE=,2025-10-20T15:31:14+00:00,LBAND,1023.4874903925232,10.390195289197985,2.093270407068965e-05,59000.0,1.6559,0.057,1700.64038085938,2.116,-3.10947,0.06,0.11375030757874016
UHVsc2FyRm9sZFJlc3VsdE5vZGU6ODg0Mjk=,2025-10-28T15:05:38+00:00,LBAND,1023.5648741682243,10.390193631290055,2.570948683309347e-05,59000.0,2.2362,0.118,994.476867675781,1.279,-3.29352,0.06,0.11688761072834646
UHVsc2FyRm9sZFJlc3VsdE5vZGU6ODg0MzE=,2025-10-28T15:39:54+00:00,LBAND,1023.4874903925232,10.390234009451154,3.260235607195339e-05,59000.0,2.4671,0.17,721.885375976562,0.98,-3.51937,0.06,0.1229007750984252
UHVsc2FyRm9sZFJlc3VsdE5vZGU6ODc4NzM=,2025-10-13T19:36:44+00:00,LBAND,511.54544927102796,10.390171252652728,2.050210151799744e-05,59000.0,1.3819,0.054,1974.05004882812,3.002,-1.66251,0.06,0.09240141369047619
UHVsc2FyRm9sZFJlc3VsdE5vZGU6ODgzMjQ=,2025-10-20T12:39:54+00:00,LBAND,1023.5648741682243,10.3901906145232,1.779296612352019e-05,59000.0,1.3699,0.069,1249.48046875,1.558,-3.00375,0.05,0.11391947588582677
UHVsc2FyRm9sZFJlc3VsdE5vZGU6ODgzMjU=,2025-10-20T12:57:02+00:00,LBAND,1023.5648741682242,10.39022030192952,1.513913884811937e-05,59000.0,1.1916,0.066,1116.18872070312,1.52,-2.99301,0.05,0.10302349901574803
UHVsc2FyRm9sZFJlc3VsdE5vZGU6ODg2NjA=,2025-11-11T12:20:48+00:00,LBAND,255.56959222429902,10.390131181269693,8.967291893841534e-05,59000.0,1.2092,0.212,430.813415527344,1.201,-2.61903,0.15,0.09602864583333333
