#;PSRJ;;RAJ;;;DECJ;;;PMRA;;;PMDEC;;;Gl;Gb;
 ; ;;(hms);;;(dms);;;(mas/yr);;;(mas/yr);;;(deg);(deg);
1;J0002+6216;cwp+17;00:02:58.17;2.0e-02;cwp+17;+62:16:09.4;1.0e-01;cwp+17;*;0;*;*;0;*;117.327  ;-0.074   ;
2;J0006+1834;cnt96;00:06:04.8;2.0e-01;cn95;+18:34:59;4.0e+00;cn95;*;0;*;*;0;*;108.172  ;-42.985  ;
3;J0007+7303;aaa+09c;00:07:01.7;2.0e-01;awd+12;+73:03:07.4;8.0e-01;awd+12;*;0;*;*;0;*;119.660  ;10.463   ;
4;J0011+08;dsm+16;00:11:34;1.1e+02;dsm+16;+08:10;8.0e+00;dsm+16;*;0;*;*;0;*;106.228  ;-53.407  ;
5;J0012+5431;dcm+23;00:12:23.3;1.0e-01;dcm+23;+54:31:47;3.0e+00;dcm+23;*;0;*;*;0;*;117.231  ;-7.909   ;
6;J0014+4746;dth78;00:14:17.75;4.0e-02;hlk+04;+47:46:33.4;3.0e-01;hlk+04;19.3;1.8e+00;bfg+03;-19.7;1.5e+00;bfg+03;116.497  ;-14.631  ;
7;J0021-0909;clh+20;00:21:51.47;3.0e-02;clh+20;-09:09:58.7;1.1e+00;clh+20;*;0;*;*;0;*;100.291  ;-70.726  ;
8;J0023+0923;hrm+11;00:23:16.877498;7.0e-06;aab+21a;+09:23:23.8604;2.3e-04;aab+21a;-12.44;7.0e-02;*;-6.16;1.6e-01;*;111.383  ;-52.849  ;
9;J0024-7204aa;phl+16;00:24:05.67;0;mam+06;-72:04:52.62;0;mam+06;5.252;2.1e-02;vb21;-2.551;2.1e-02;vb21;305.895  ;-44.889  ;
10;J0024-7204ab;phl+16;00:24:08.1615;5.0e-04;frk+17;-72:04:47.602;2.0e-03;frk+17;5.252;2.1e-02;vb21;-2.551;2.1e-02;vb21;305.891  ;-44.891  ;
11;J0024-7204ac;rgf+21;00:24:05.67;0;har10a;-72:04:05;0;har10a;5.252;2.1e-02;vb21;-2.551;2.1e-02;vb21;305.898  ;-44.902  ;
12;J0024-7204ad;rgf+21;00:24:05.67;0;har10a;-72:04:05;0;har10a;5.252;2.1e-02;vb21;-2.551;2.1e-02;vb21;305.898  ;-44.902  ;
13;J0024-7204C;mld+90;00:23:50.3546;1.0e-04;frk+17;-72:04:31.5048;4.0e-04;frk+17;5.252;2.1e-02;vb21;-2.551;2.1e-02;vb21;305.923  ;-44.892  ;
14;J0024-7204D;mlr+91;00:24:13.88092;6.0e-05;frk+17;-72:04:43.8524;2.0e-04;frk+17;5.252;2.1e-02;vb21;-2.551;2.1e-02;vb21;305.881  ;-44.893  ;
15;J0024-7204E;mlr+91;00:24:11.10528;5.0e-05;frk+17;-72:05:20.1492;2.0e-04;frk+17;5.252;2.1e-02;vb21;-2.551;2.1e-02;vb21;305.883  ;-44.883  ;
16;J0024-7204F;mlr+91;00:24:03.85547;1.0e-04;frk+17;-72:04:42.8183;2.0e-04;frk+17;5.252;2.1e-02;vb21;-2.551;2.1e-02;vb21;305.899  ;-44.892  ;
17;J0024-7204G;rlm+95;00:24:07.9603;1.0e-04;frk+17;-72:04:39.7030;5.0e-04;frk+17;5.252;2.1e-02;vb21;-2.551;2.1e-02;vb21;305.891  ;-44.893  ;
18;J0024-7204H;mlr+91;00:24:06.7032;2.0e-04;frk+17;-72:04:06.8067;6.0e-04;frk+17;5.252;2.1e-02;vb21;-2.551;2.1e-02;vb21;305.896  ;-44.902  ;
19;J0024-7204I;mlr+91;00:24:07.9347;2.0e-04;frk+17;-72:04:39.6815;7.0e-04;frk+17;5.252;2.1e-02;vb21;-2.551;2.1e-02;vb21;305.892  ;-44.893  ;
20;J0024-7204J;mlr+91;00:23:59.4077;1.0e-04;frk+17;-72:03:58.7908;5.0e-04;frk+17;5.252;2.1e-02;vb21;-2.551;2.1e-02;vb21;305.909  ;-44.903  ;
21;J0024-7204L;rlm+95;00:24:03.7721;3.0e-04;frk+17;-72:04:56.923;2.0e-03;frk+17;5.252;2.1e-02;vb21;-2.551;2.1e-02;vb21;305.898  ;-44.888  ;
22;J0024-7204M;mlr+91;00:23:54.4899;3.0e-04;frk+17;-72:05:30.756;2.0e-03;frk+17;5.252;2.1e-02;vb21;-2.551;2.1e-02;vb21;305.913  ;-44.877  ;
23;J0024-7204N;rlm+95;00:24:09.1880;2.0e-04;frk+17;-72:04:28.8907;7.0e-04;frk+17;5.252;2.1e-02;vb21;-2.551;2.1e-02;vb21;305.890  ;-44.897  ;
24;J0024-7204O;clf+00;00:24:04.65254;6.0e-05;frk+17;-72:04:53.7670;2.0e-04;frk+17;5.252;2.1e-02;vb21;-2.551;2.1e-02;vb21;305.897  ;-44.889  ;
25;J0024-7204P;clf+00;00:24:20;2.9e+01;rft+16;-72:04:10;6.2e+01;rft+16;5.252;2.1e-02;vb21;-2.551;2.1e-02;vb21;305.872  ;-44.904  ;
26;J0024-7204Q;clf+00;00:24:16.4909;1.0e-04;frk+17;-72:04:25.1644;6.0e-04;frk+17;5.252;2.1e-02;vb21;-2.551;2.1e-02;vb21;305.877  ;-44.899  ;
27;J0024-7204R;clf+00;00:24:07.5851;2.0e-04;frk+17;-72:04:50.3954;5.0e-04;frk+17;5.252;2.1e-02;vb21;-2.551;2.1e-02;vb21;305.892  ;-44.890  ;
28;J0024-7204S;clf+00;00:24:03.9794;1.0e-04;frk+17;-72:04:42.3530;4.0e-04;frk+17;5.252;2.1e-02;vb21;-2.551;2.1e-02;vb21;305.898  ;-44.892  ;
29;J0024-7204T;clf+00;00:24:08.5491;5.0e-04;frk+17;-72:04:38.932;3.0e-03;frk+17;5.252;2.1e-02;vb21;-2.551;2.1e-02;vb21;305.890  ;-44.894  ;
30;J0024-7204U;clf+00;00:24:09.8366;1.0e-04;frk+17;-72:03:59.6882;4.0e-04;frk+17;5.252;2.1e-02;vb21;-2.551;2.1e-02;vb21;305.890  ;-44.905  ;
31;J0024-7204V;clf+00;00:24:05.67;0;mam+06;-72:04:52.62;0;mam+06;5.252;2.1e-02;vb21;-2.551;2.1e-02;vb21;305.895  ;-44.889  ;
32;J0024-7204W;clf+00;00:24:06.058;1.0e-03;rft+16;-72:04:49.088;2.0e-03;rft+16;5.252;2.1e-02;vb21;-2.551;2.1e-02;vb21;305.894  ;-44.890  ;
33;J0024-7204X;fre08;00:24:22.38565;9.0e-05;rft+16;-72:01:17.4414;7.0e-04;rft+16;5.252;2.1e-02;vb21;-2.551;2.1e-02;vb21;305.877  ;-44.952  ;
34;J0024-7204Y;frk+17;00:24:01.4026;1.0e-04;frk+17;-72:04:41.8363;4.0e-04;frk+17;5.252;2.1e-02;vb21;-2.551;2.1e-02;vb21;305.903  ;-44.891  ;
35;J0024-7204Z;frk+17;00:24:06.041;2.0e-03;frk+17;-72:05:01.480;6.0e-03;frk+17;5.252;2.1e-02;vb21;-2.551;2.1e-02;vb21;305.894  ;-44.887  ;
36;J0026-1955;mss+20;00:26:36;0;mbs+22;-19:55:59;0;mbs+22;*;0;*;*;0;*;83.291   ;-80.829  ;
37;J0026+6320;jml+09;00:26:50.561;8.0e-03;jml+09;+63:20:00.87;5.0e-02;jml+09;*;0;*;*;0;*;120.176  ;0.593    ;
38;J0030+0451;lzb+00;00:30:27.42750;3.8e-05;aab+21a;+04:51:39.7116;1.3e-03;aab+21a;-6.33;1.2e-01;*;0.8;2.8e-01;*;113.141  ;-57.611  ;
39;J0033+57;hrk+08;00:33;0;hrk+08;+57;0;hrk+08;*;0;*;*;0;*;120.410  ;-5.781   ;
40;J0033+61;hrk+08;00:33;0;hrk+08;+61;0;hrk+08;*;0;*;*;0;*;120.698  ;-1.792   ;
41;J0034-0534;bhl+94;00:34:21.83422;8.0e-05;dcl+16;-05:34:36.722;3.0e-03;dcl+16;7.9;3.0e-01;dcl+16;-9.2;6.0e-01;dcl+16;111.492  ;-68.069  ;
42;J0034-0721;lvw69a;00:34:08.8703;1.0e-04;cbv+09;-07:21:53.409;2.0e-03;cbv+09;10.37;8.0e-02;cbv+09;-11.13;1.6e-01;cbv+09;110.420  ;-69.815  ;
43;J0034+69;slr+14;00:34;3.0e+00;slr+14;+69:43;1.8e+01;slr+14;*;0;*;*;0;*;121.411  ;6.896    ;
44;J0036-1033;sbs+21;00:36:15.01;4.0e-02;sbs+21;-10:33:14.2;9.0e-01;sbs+21;*;0;*;*;0;*;110.033  ;-73.044  ;
45;J0038-2501;acd+19;00:38:10.264;1.0e-02;acd+19;-25:01:30.73;2.0e-02;acd+19;*;0;*;*;0;*;67.413   ;-86.354  ;
46;J0039+35;scb+19;00:39:06;1.2e+01;scb+19;+35:45;3.0e+00;scb+19;*;0;*;*;0;*;120.121  ;-27.054  ;
47;J0040+5716;dtws85;00:40:32.3899;1.0e-04;dgb+19;+57:16:24.833;1.0e-03;dgb+19;12.39;5.0e-02;dgb+19;-5.4;1.0e-01;dgb+19;121.452  ;-5.567   ;
48;J0043-73;tsm+19;00:43:25;9.5e+01;tsm+19;-73:11;7.0e+00;tsm+19;*;0;*;*;0;*;303.737  ;-43.932  ;
49;J0045-7042;mfl+06;00:45:25.69;1.7e-01;mfl+06;-70:42:07.1;1.3e+00;mfl+06;*;0;*;*;0;*;303.652  ;-46.418  ;
50;J0045-7319;mmh+91;00:45:35.16;7.0e-02;kbm+96;-73:19:03.0;2.0e-01;kbm+96;*;0;*;*;0;*;303.514  ;-43.804  ;
51;J0048+3412;dtws85;00:48:33.98;2.1e-02;hlk+04;+34:12:08.0;3.7e-01;hlk+04;*;0;*;*;0;*;122.255  ;-28.666  ;
52;J0050+03;dsm+16;00:50:31;1.1e+02;dsm+16;+03:48;8.0e+00;dsm+16;*;0;*;*;0;*;122.485  ;-59.071  ;
53;J0051+0423;snt97;00:51:30.1;2.0e-01;snt97;+04:22:49;6.0e+00;snt97;*;0;*;*;0;*;122.962  ;-58.491  ;
54;J0052-72;tsm+19;00:52:28;9.5e+01;tsm+19;-72:05;7.0e+00;tsm+19;*;0;*;*;0;*;302.820  ;-45.045  ;
55;J0054+66;hrk+08;00:54;0;hrk+08;+66;0;hrk+08;*;0;*;*;0;*;123.193  ;3.130    ;
56;J0054+69;kkl+15;00:54:28;2.5e+01;kkl+15;+69:26;2.0e+00;kkl+15;*;0;*;*;0;*;123.200  ;6.563    ;
57;J0054+6946;slr+14;00:54:59.116;6.8e-03;lsk+18;+69:46:16.85;3.5e-02;lsk+18;*;0;*;*;0;*;123.241  ;6.902    ;
58;J0055+5117;dtws85;00:55:45.3981;1.0e-04;dgb+19;+51:17:24.601;1.0e-03;dgb+19;10.47;7.0e-02;dgb+19;-17.4;1.0e-01;dgb+19;123.621  ;-11.576  ;
59;J0056+4756;dtws85;00:56:25.51;1.9e-02;hlk+04;+47:56:10.5;2.3e-01;hlk+04;*;0;*;*;0;*;123.796  ;-14.927  ;
60;J0057-7201;ckm+01;00:57:44.0;4.0e-01;ckm+01;-72:01:19;2.0e+00;ckm+01;*;0;*;*;0;*;302.244  ;-45.098  ;
61;J0058+4950;slr+14;00:58:09.98;2.7e-02;lsk+18;+49:50:26.0;2.3e-01;lsk+18;*;0;*;*;0;*;124.045  ;-13.017  ;
62;J0058+6125;hrk+08;00:58;0;hrk+08;+61:25;0;hrk+08;*;0;*;*;0;*;123.717  ;-1.445   ;
63;J0058-7218;met+21;00:58:16.7;2.0e-01;ofb+11;-72:18:06;1.0e+00;ofb+11;*;0;*;*;0;*;302.199  ;-44.817  ;
64;J0059+69;scb+19;00:59:30;3.6e+01;scb+19;+69:55;3.0e+00;scb+19;*;0;*;*;0;*;123.629  ;7.056    ;
65;J0100-7211;lfmp02;01:00:43.03;1.1e-01;mgr+05;-72:11:33.6;5.0e-01;mgr+05;*;0;*;*;0;*;301.930  ;-44.918  ;
66;J0100+8023;scb+19;01:00:16.09;1.0e-02;tbc+20;+80:23:41.75;3.0e-02;tbc+20;*;0;*;*;0;*;123.318  ;17.530   ;
67;J0101-6422;kcj+12;01:01:11.1163;2.0e-04;kcj+12;-64:22:30.171;2.0e-03;kcj+12;10;1.0e+00;kcj+12;-12;2.0e+00;kcj+12;301.192  ;-52.720  ;
68;J0102+4839;hrm+11;01:02:50.668;3.0e-03;aab+22;+48:39:42.76;4.0e-02;aab+22;*;0;*;*;0;*;124.874  ;-14.167  ;
69;J0102+6537;dbtb82;01:02:32.9914;1.0e-04;dgb+19;+65:37:13.416;1.0e-03;dgb+19;9.24;7.0e-02;dgb+19;1.77;1.5e-01;dgb+19;124.080  ;2.773    ;
70;J0103+54;kkl+15;01:03:37;2.0e+01;kkl+15;+54:02;5.0e+00;kkl+15;*;0;*;*;0;*;124.741  ;-8.796   ;
71;J0104+64;mss+20;01:04;0.0e+00;mss+20;+64;0;mss+20;*;0;*;*;0;*;124.308  ;1.162    ;
72;J0106+4855;pga+12;01:06:25.06;1.0e-02;pga+12;+48:55:51.8;2.0e-01;pga+12;*;0;*;*;0;*;125.465  ;-13.867  ;
73;J0107+1322;scb+19;01:07:39.95;2.0e-02;tbc+20;+13:22:31.7;8.0e-01;tbc+20;*;0;*;*;0;*;128.991  ;-49.305  ;
74;J0108-1431;tnj+94;01:08:08.347016;8.8e-05;dtbr09;-14:31:50.1871;1.1e-03;dtbr09;75.1;2.3e+00;dtbr09;-152.5;1.7e+00;dtbr09;140.930  ;-76.815  ;
75;J0108+6608;dls72;01:08:22.5049;3.0e-04;dgb+19;+66:08:34.499;1.0e-03;dgb+19;-32.75;3.0e-02;dgb+19;35.15;4.0e-02;dgb+19;124.646  ;3.328    ;
76;J0108+6905;dtws85;01:08:29.50;2.0e-02;hlk+04;+69:05:52.63;1.1e-01;hlk+04;*;0;*;*;0;*;124.461  ;6.277    ;
77;J0109+11;tkt22;01:09;4.0e+00;tkt22;+11:32;1.5e+01;tkt22;*;0;*;*;0;*;129.793  ;-51.104  ;
78;J0110-22;mss+20;01:10;0.0e+00;mss+20;-22;0.0e+00;mss+20;*;0;*;*;0;*;163.377  ;-83.360  ;
79;J0111+6624;slr+14;01:11:21.87;1.2e-01;lsk+18;+66:24:10.8;6.1e-01;lsk+18;*;0;*;*;0;*;124.928  ;3.609    ;
80;J0111-7131;mfl+06;01:11:28.77;9.0e-02;mfl+06;-71:31:46.8;6.0e-01;mfl+06;*;0;*;*;0;*;300.669  ;-45.510  ;
81;J0113-7220;ckm+01;01:13:11.09;3.0e-02;ckm+01;-72:20:32.20;1.5e-01;ckm+01;*;0;*;*;0;*;300.615  ;-44.688  ;
82;J0115+6325;scb+19;01:15:45.87;1.0e-02;mbc+20;+63:25:50.8;1.0e-01;mbc+20;*;0;*;*;0;*;125.648  ;0.687    ;
83;J0117+5914;stwd85;01:17:38.661;2.6e-03;hlk+04;+59:14:38.39;2.3e-02;hlk+04;-3;5.3e+00;*;18;5.7e+00;*;126.283  ;-3.457   ;
84;J0121+53;gac+21;01:21;1.1e+01;gac+21;+53:29;1.6e+01;gac+21;*;0;*;*;0;*;127.378  ;-9.133   ;
85;J0122+1416;ttk+17;01:22:01.31;3.0e-02;mbc+20;+14:16:17;1.0e+00;mbc+20;*;0;*;*;0;*;134.030  ;-47.940  ;
86;J0125-2327;mbc+19;01:25:10;0;mbc+19;-23:27:26;0;mbc+19;*;0;*;*;0;*;189.069  ;-81.541  ;
87;J0125+62;slr+14;01:26;3.0e+00;slr+14;+62:35;1.8e+01;slr+14;*;0;*;*;0;*;126.899  ;-0.022   ;
88;J0131-7310;mfl+06;01:31:28.51;3.0e-02;mfl+06;-73:10:09.34;1.3e-01;mfl+06;*;0;*;*;0;*;298.944  ;-43.648  ;
89;J0133-6957;lml+98;01:33:32.46;1.0e-02;dsb+98;-69:57:29.68;3.0e-02;dsb+98;*;0;*;*;0;*;297.691  ;-46.739  ;
90;J0134-2937;mld+96;01:34:18.6824;3.0e-04;lwy+16;-29:37:17.042;7.0e-03;lwy+16;17;1.0e+00;jbv+19;-9;2.0e+00;jbv+19;230.251  ;-80.250  ;
91;J0137+1654;lxf+05;01:37:23.88;1.0e-02;lxf+05;+16:54:42.1;4.0e-01;lxf+05;*;0;*;*;0;*;138.449  ;-44.571  ;
92;J0137+6349;slr+14;01:37:13.365;1.7e-02;lsk+18;+63:49:34.35;1.1e-01;lsk+18;*;0;*;*;0;*;127.955  ;1.402    ;
93;J0139+3336;ttm+18;01:39:57.23;4.0e-02;mbc+20;+33:36:59.7;9.0e-01;mbc+20;*;0;*;*;0;*;134.381  ;-28.174  ;
94;J0139+5621;cvh+14;01:39:38.56;2.0e-02;cvh+14;+56:21:36.8;4.0e-01;cvh+14;*;0;*;*;0;*;129.609  ;-5.885   ;
95;J0139+5814;dth78;01:39:19.7401;1.2e-03;cbv+09;+58:14:31.819;1.7e-02;cbv+09;-19.11;7.0e-02;cbv+09;-16.60;7.0e-02;cbv+09;129.216  ;-4.044   ;
96;J0141+6009;mth72;01:41:39.938;7.6e-03;hlk+04;+60:09:32.30;6.7e-02;hlk+04;*;0;*;*;0;*;129.147  ;-2.105   ;
97;J0141+63;slr+14;01:41;2.0e+00;slr+14;+63:08;8.0e+00;slr+14;*;0;*;*;0;*;128.497  ;0.798    ;
98;J0146+31;ttol16;01:46:15;4.0e+01;ttol16;+31:04;1.0e+01;ttol16;*;0;*;*;0;*;136.532  ;-30.353  ;
99;J0146+6145;ims94;01:46:22.42;1.0e-01;pkw+03;+61:45:02.8;7.0e-01;pkw+03;-4.1;1.0e+00;tck13;1.9;1.0e+00;tck13;129.384  ;-0.431   ;
100;J0147+5922;stwd85;01:47:44.6434;1.0e-04;dgb+19;+59:22:03.284;1.0e-03;dgb+19;-6.39;9.0e-02;dgb+19;3.80;8.0e-02;dgb+19;130.059  ;-2.723   ;
101;J0151-0635;mlt+78;01:51:22.7179;2.0e-04;dgb+19;-06:35:02.987;2.0e-03;dgb+19;10.7;1.0e-01;dgb+19;-5.38;7.0e-02;dgb+19;160.368  ;-65.004  ;
102;J0152+0948;clm+05;01:52:23.73;5.0e-02;clm+05;+09:48:10;2.0e+00;clm+05;*;0;*;*;0;*;146.812  ;-50.221  ;
103;J0152-1637;mlt+78;01:52:10.8539;1.0e-04;dgb+19;-16:37:53.641;2.0e-03;dgb+19;0.8;2.0e-01;dgb+19;-31.3;4.0e-01;dgb+19;179.306  ;-72.457  ;
104;J0154+1833;mgf+19;01:54:36.88273;3.0e-05;mgf+19;+18:33:50.758;9.0e-03;mgf+19;10.3;9.0e-01;mgf+19;-8.9;1.9e+00;mgf+19;143.185  ;-41.810  ;
105;J0156+04;dsm+16;01:56:01;1.1e+02;dsm+16;+04:02;8.0e+00;dsm+16;*;0;*;*;0;*;151.975  ;-55.155  ;
106;J0156+3949;dtws85;01:56:55.2;2.1e-01;hlk+04;+39:49:29;4.1e+00;hlk+04;*;0;*;*;0;*;136.369  ;-21.332  ;
107;J0157+6212;dls72;01:57:49.9434;1.0e-04;dgb+19;+62:12:26.648;1.0e-03;dgb+19;1.57;6.0e-02;dgb+19;44.80;4.0e-02;dgb+19;130.586  ;0.326    ;
108;J0158+21;dsm+13;01:58:29;3.2e+01;dsm+13;+21:08;8.0e+00;dsm+13;*;0;*;*;0;*;143.208  ;-39.084  ;
109;J0201+7005;kkl+15;02:01:41.344;7.0e-03;kkl+15;+70:05:18.11;6.0e-02;kkl+15;*;0;*;*;0;*;128.889  ;8.033    ;
110;J0203-0150;mzl+23;02:03:33.91215;4.0e-05;mzl+23;-01:50:01.5874;9.0e-04;mzl+23;*;0;*;*;0;*;160.317  ;-59.365  ;
111;J0205+6449;mss+02;02:05:37.92247;1.5e-04;bkr+13;+64:49:41.3343;1.0e-03;bkr+13;-1.40;1.6e-01;bkr+13;0.54;1.6e-01;bkr+13;130.719  ;3.084    ;
112;J0206-4028;mlt+78;02:06:01.293;5.0e-03;jbv+19;-40:28:03.62;7.0e-02;jbv+19;9;4.0e+00;jbv+19;26;5.0e+00;jbv+19;258.595  ;-69.633  ;
113;J0209+5759;gac+21;02:09:37.304;1.6e-02;gac+21;+57:59:45.31;1.8e-01;gac+21;*;0;*;*;0;*;133.162  ;-3.314   ;
114;J0210+5845;scb+19;02:10:55.4;1.0e-01;tbc+20;+58:45:04;1.0e+00;tbc+20;*;0;*;*;0;*;133.098  ;-2.543   ;
115;J0211-8159;lml+98;02:11:59.0;3.0e-01;dsb+98;-81:59:36.2;3.0e-01;dsb+98;*;0;*;*;0;*;299.592  ;-34.606  ;
116;J0212+5222;bck+13;02:12:52.138;6.0e-03;lsk+18;+52:22:49.50;4.1e-02;lsk+18;*;0;*;*;0;*;135.331  ;-8.520   ;
117;J0214+5222;slr+14;02:14:55.2713;3.4e-03;slr+14;+52:22:40.95;1.9e-01;slr+14;*;0;*;*;0;*;135.632  ;-8.423   ;
118;J0215+6218;llc98;02:15:56.626;9.5e-03;hlk+04;+62:18:33.37;9.8e-02;hlk+04;*;0;*;*;0;*;132.575  ;1.030    ;
119;J0218+4232;nbf+95;02:18:06.358569;4.0e-06;dyc+14;+42:32:17.37515;8.0e-05;dyc+14;5.35;5.0e-02;dyc+14;-3.74;1.2e-01;dyc+14;139.508  ;-17.527  ;
120;J0220+3626;ttol16;02:20:42.12;2.0e-02;sbo+22;+36:26:55.7;2.0e-01;sbo+22;*;0;*;*;0;*;142.317  ;-23.040  ;
121;J0227+3356;dcm+23;02:26:57.060;1.0e-03;dcm+23;+33:56:27.76;7.0e-02;dcm+23;*;0;*;*;0;*;144.657  ;-24.870  ;
122;J0229+20;dsm+13;02:29:03;3.2e+01;dsm+13;+20:58;8.0e+00;dsm+13;*;0;*;*;0;*;151.579  ;-36.417  ;
123;J0231+7026;dtws85;02:31:13.99;2.6e-02;hlk+04;+70:26:33.88;1.7e-01;hlk+04;*;0;*;*;0;*;131.155  ;9.181    ;
124;J0241+16;dsm+13;02:41:46;3.1e+01;dsm+13;+16:04;8.0e+00;dsm+13;*;0;*;*;0;*;157.964  ;-39.185  ;
125;J0242+62;hrk+08;02:42:35;3.0e+00;cvh+14;+62:56:50;3.6e+01;cvh+14;*;0;*;*;0;*;135.187  ;2.751    ;
126;J0243+6027;hrk+08;02:43;0;hrk+08;+60:27;0;hrk+08;*;0;*;*;0;*;136.271  ;0.500    ;
127;J0244+14;dsm+13;02:44:51;3.1e+01;dsm+13;+14:27;8.0e+00;dsm+13;*;0;*;*;0;*;159.914  ;-40.140  ;
128;J0248+4230;brj+21;02:48:31.003;1.0e-03;brj+21;+42:30:20.49;5.0e-02;brj+21;*;0;*;*;0;*;144.877  ;-15.322  ;
129;J0248+6021;tpc+11;02:48:18.617;1.0e-03;tpc+11;+60:21:34.72;1.0e-02;tpc+11;48;1.0e+01;tpc+11;48;4.0e+00;tpc+11;136.903  ;0.697    ;
130;J0250+5854;tbc+18;02:50:17.78;3.0e-02;tbc+18;+58:54:01.3;2.0e-01;tbc+18;*;0;*;*;0;*;137.767  ;-0.505   ;
131;J0251+2606;cck+16;02:51:02.5537;5.0e-04;drc+21;+26:06:09.97;2.0e-02;drc+21;17;3.0e+00;drc+21;*;0;*;153.881  ;-29.486  ;
132;J0255-5304;lvw69b;02:55:56.2925;9.0e-04;jbv+19;-53:04:21.275;9.0e-03;jbv+19;25;4.0e+00;jbv+19;7;3.0e+00;jbv+19;269.862  ;-55.310  ;
133;J0301+35;mgf+19;03:01;0.0e+00;mgf+19;+35;0.0e+00;mgf+19;*;0;*;*;0;*;150.915  ;-20.736  ;
134;J0302+2252;ttol16;03:02:31.990;4.0e-03;mbc+20;+22:52:12.1;2.0e-01;mbc+20;*;0;*;*;0;*;158.436  ;-30.815  ;
135;J0304+1932;fss73;03:04:33.115;1.6e-02;hlk+04;+19:32:51.4;8.0e-01;hlk+04;6;7.0e+00;las82;-37;4.0e+00;las82;161.135  ;-33.270  ;
136;J0305+11;scb+19;03:05:06;1.2e+01;scb+19;+11:23;3.0e+00;scb+19;*;0;*;*;0;*;167.463  ;-39.662  ;
137;J0307+7443;hrm+11;03:07:55;0;aab+22;+74:43:12;0;aab+22;*;0;*;*;0;*;131.704  ;14.223   ;
138;J0312-0921;trr+21;03:12:06.2;0;aab+22;-9:21:56;0;aab+22;*;0;*;*;0;*;191.510  ;-52.378  ;
139;J0317+13;ttm18;03:17:54;1.2e+01;scb+19;+13:29;3.0e+00;scb+19;*;0;*;*;0;*;168.763  ;-36.040  ;
140;J0318+0253;wlz+18;03:18:15.541;1.0e-03;wlc+21;+02:53:01.48;5.0e-02;wlc+21;*;0;*;*;0;*;178.457  ;-43.605  ;
141;J0323+3944;dth78;03:23:26.6619;1.0e-04;dgb+19;+39:44:52.403;1.0e-03;dgb+19;26.50;5.0e-02;dgb+19;-30.77;2.0e-02;dgb+19;152.180  ;-14.338  ;
142;J0324+5239;bck+13;03:24:55.46;4.0e-02;bck+13;+52:39:31.3;2.0e-01;bck+13;*;0;*;*;0;*;145.094  ;-3.480   ;
143;J0325+6744;slr+14;03:25:05.11;2.1e-02;lsk+18;+67:44:59.39;1.1e-01;lsk+18;*;0;*;*;0;*;136.715  ;9.089    ;
144;J0329+1654;lxf+05;03:29:08.55;3.0e-02;lxf+05;+16:54:02;2.0e+00;lxf+05;*;0;*;*;0;*;168.499  ;-31.683  ;
145;J0332+5434;cp68;03:32:59.4096;1.0e-04;dgb+19;+54:34:43.329;1.0e-03;dgb+19;16.97;3.0e-02;dgb+19;-10.37;5.0e-02;dgb+19;144.995  ;-1.221   ;
146;J0335+4555;dtws85;03:35:16.6416;1.0e-04;dgb+19;+45:55:53.452;1.0e-03;dgb+19;-3.66;5.0e-02;dgb+19;-0.08;1.2e-01;dgb+19;150.348  ;-8.038   ;
147;J0335+6623;slr+14;03:35:57.06;1.3e-01;lsk+18;+66:23:23.6;1.0e+00;lsk+18;*;0;*;*;0;*;138.383  ;8.588    ;
148;J0337+1715;rsa+14;03:37:43.82589;1.3e-04;rsa+14;+17:15:14.828;2.0e-03;rsa+14;4.81;4.9e-01;jkc+18;-4.42;4.2e-01;jkc+18;169.990  ;-30.039  ;
149;J0337+79;kkl+15;03:37:22;0.0e+00;mss+20;+79:01:44;0.0e+00;mss+20;*;0;*;*;0;*;130.580  ;18.709   ;
150;J0340+4130;wmg+22;03:40:23.287961;1.1e-05;abb+18;+41:30:45.2911;2.8e-04;abb+18;-0.53;1.1e-01;*;-3.3;2.9e-01;*;153.783  ;-11.022  ;
151;J0341+5711;hrk+08;03:41;0;hrk+08;+57:11;0;hrk+08;*;0;*;*;0;*;144.371  ;1.546    ;
152;J0343+06;mgf+19;03:43;0.0e+00;mgf+19;+06;0.0e+00;mgf+19;*;0;*;*;0;*;180.791  ;-36.929  ;
153;J0343-3000;bjd+06;03:43:27.94;3.0e-02;bjd+06;-30:00:27.5;4.0e-01;bjd+06;*;0;*;*;0;*;227.758  ;-52.338  ;
154;J0343+5312;dth78;03:43:12.90;4.1e-02;hlk+04;+53:12:53.4;6.3e-01;hlk+04;*;0;*;*;0;*;147.017  ;-1.428   ;
155;J0344-0901;clh+20;03:44:37.471;2.0e-03;clh+20;-09:01:02.66;1.0e-01;clh+20;*;0;*;*;0;*;197.397  ;-45.333  ;
156;J0348+0432;lbr+13;03:48:43.639000;4.0e-06;afw+13;+04:32:11.4580;2.0e-04;afw+13;+4.04;1.6e-01;afw+13;+3.5;6.0e-01;afw+13;183.337  ;-36.774  ;
157;J0349+2340;scb+19;03:49:57.38;4.0e-02;mbc+20;+23:40:53;2.0e+00;mbc+20;*;0;*;*;0;*;167.434  ;-23.384  ;
158;J0355+28;mss+20;03:55;0.0e+00;mss+20;+28;0.0e+00;mss+20;*;0;*;*;0;*;165.177  ;-19.444  ;
159;J0357-05;mss+20;03:57:56;0.0e+00;mss+20;-05:09:44;0.0e+00;mss+20;*;0;*;*;0;*;195.176  ;-40.525  ;
160;J0357+3205;aaa+09c;03:57:52.5;2.0e-01;rkp+11;+32:05:25;6.0e+00;rkp+11;117;2.0e+01;lmm+13;115;2.0e+01;lmm+13;162.760  ;-16.006  ;
161;J0357+5236;dtws85;03:57:44.8403;2.0e-04;dgb+19;+52:36:57.493;1.0e-03;dgb+19;13.88;9.0e-02;dgb+19;-10.61;8.0e-02;dgb+19;149.099  ;-0.522   ;
162;J0358+4155;slr+14;03:58:03.1746;1.2e-03;lsk+18;+41:55:19.03;2.1e-02;lsk+18;*;0;*;*;0;*;156.112  ;-8.620   ;
163;J0358+5413;mth72;03:58:53.7238;2.0e-04;lwy+16;+54:13:13.784;3.0e-03;lwy+16;9.3;5.0e-01;lwy+16;8.3;8.0e-01;lwy+16;148.190  ;0.811    ;
164;J0358+6627;slr+14;03:58:37.929;3.4e-03;lsk+18;+66:27:46.57;2.2e-02;lsk+18;*;0;*;*;0;*;140.128  ;10.064   ;
165;J0359+5414;cwp+17;03:59:26.01;2.0e-02;cwp+17;+54:14:55.7;3.0e-01;cwp+17;*;0;*;*;0;*;148.231  ;0.883    ;
166;J0401-7608;mlt+78;04:01:51.75;1.0e-02;lbs+20;-76:08:12.95;5.0e-02;lbs+20;*;0;*;*;0;*;290.313  ;-35.907  ;
167;J0402+4825;ccl+21;04:02:40.633;9.0e-03;ccl+21;+48:25:57.51;7.0e-02;ccl+21;*;0;*;*;0;*;152.428  ;-3.177   ;
168;J0405+3347;mss+20;04:05;0;mss+20;+33;0.0e+00;mss+20;*;0;*;*;0;*;163.260  ;-14.318  ;
169;J0406+30;mss+20;04:06;0.0e+00;mss+20;+30;0.0e+00;mss+20;*;0;*;*;0;*;165.571  ;-16.338  ;
170;J0406+6138;dth78;04:06:30.0806;2.0e-04;dgb+19;+61:38:41.408;1.0e-03;dgb+19;12.4;1.0e-01;dgb+19;22.74;8.0e-02;dgb+19;144.025  ;7.046    ;
171;J0407+1607;lxf+05;04:07:54.939;3.0e-03;lxf+05;+16:07:16.4;2.0e-01;lxf+05;*;0;*;*;0;*;176.618  ;-25.656  ;
172;J0408+551;hrk+08;04:08;0;hrk+08;+55;0;hrk+08;*;0;*;*;0;*;148.663  ;2.267    ;
173;J0408+552;hrk+08;04:08;0;hrk+08;+55;0;hrk+08;*;0;*;*;0;*;148.663  ;2.267    ;
174;J0410-31;bbj+11;04:10:39;3.3e+01;bbj+11;-31:07:29;4.2e+02;bbj+11;*;0;*;*;0;*;230.586  ;-46.671  ;
175;J0413+58;hrk+08;04:13;0;hrk+08;+58;0;hrk+08;*;0;*;*;0;*;147.122  ;4.934    ;
176;J0414+31;mss+20;04:14;0.0e+00;mss+20;+31;0.0e+00;mss+20;*;0;*;*;0;*;166.112  ;-14.415  ;
177;J0415+6954;dtws85;04:15:55.653;3.4e-03;hlk+04;+69:54:09.89;2.5e-02;hlk+04;-0.8;5.2e+00;*;-13;6.9e+00;*;138.911  ;13.667   ;
178;J0417+35;cnst96;04:17:43;1.6e+01;cnst96;+35:45;5.0e+00;cnst96;*;0;*;*;0;*;163.219  ;-10.518  ;
179;J0417+61;slr+14;04:17;3.0e+00;slr+14;+61:08;1.8e+01;slr+14;*;0;*;*;0;*;145.299  ;7.540    ;
180;J0418-4154;bcm+16;04:18:03.7748;4.0e-04;lbs+20;-41:54:14.42;6.0e-02;lbs+20;*;0;*;*;0;*;246.262  ;-45.682  ;
181;J0418+5732;vck+10;04:18:33.867;4.3e-02;vck+10;+57:32:22.91;3.5e-01;vck+10;*;0;*;*;0;*;147.979  ;5.119    ;
182;J0418+6635;trr+21;04:18:48.0;0;aab+22;+66:35:25;0;aab+22;*;0;*;*;0;*;141.525  ;11.536   ;
183;J0419+44;hrk+08;04:19;0;hrk+08;+44;0;hrk+08;*;0;*;*;0;*;157.525  ;-4.494   ;
184;J0420-5022;hmz+04;04:20:01.95;4.0e-02;hmz+04;-50:22:48.1;6.0e-01;hmz+04;*;0;*;*;0;*;258.136  ;-44.386  ;
185;J0421-0345;mld+96;04:21:33.556;1.5e-02;hlk+04;-03:45:06.6;6.0e-01;hlk+04;*;0;*;*;0;*;197.504  ;-34.757  ;
186;J0421+3255;ttol16;04:21:33.2;2.0e-01;tbc+20;+32:55:50;1.0e+01;tbc+20;*;0;*;*;0;*;165.840  ;-11.921  ;
187;J0426+4933;hrk+08;04:26:06.813;1.0e-03;bck+13;+49:33:38.46;4.0e-02;bck+13;*;0;*;*;0;*;154.436  ;0.288    ;
188;J0435+2749;rtj+96;04:35:51.818;4.0e-03;bfrs18;+27:49:01.7;4.0e-01;bfrs18;*;0;*;*;0;*;171.842  ;-13.071  ;
189;J0437-4715;jlh+93;04:37:15.8961737;6.0e-07;rhc+16;-47:15:09.110714;7.0e-06;rhc+16;121.4385;2.0e-03;rhc+16;-71.4754;2.0e-03;rhc+16;253.394  ;-41.963  ;
190;J0447-04;kkl+15;04:47;1.0e+00;kkl+15;-04:35;1.8e+01;kkl+15;*;0;*;*;0;*;202.072  ;-29.657  ;
191;J0448-2749;lml+98;04:48:41.567;5.4e-03;hlk+04;-27:49:46.74;1.1e-01;hlk+04;*;0;*;*;0;*;228.347  ;-37.918  ;
192;J0449-7031;mfl+06;04:49:05.67;5.0e-02;mfl+06;-70:31:31.7;3.0e-01;mfl+06;*;0;*;*;0;*;282.286  ;-35.512  ;
193;J0450-1248;mlt+78;04:50:08.781;3.0e-03;hlk+04;-12:48:07.10;9.0e-02;hlk+04;*;0;*;*;0;*;211.075  ;-32.629  ;
194;J0451-67;mfl+06;04:51:50;7.0e+01;mfl+06;-67:18;7.0e+00;mfl+06;*;0;*;*;0;*;278.410  ;-36.290  ;
195;J0452-1759;vlw69;04:52:34.1057;1.0e-04;cbv+09;-17:59:23.371;2.0e-03;cbv+09;11.5;9.0e-01;jbv+19;6;2.0e+00;jbv+19;217.078  ;-34.087  ;
196;J0453+1559;dsm+13;04:53:45.41368;5.0e-05;msf+15;+15:59:21.3063;5.9e-03;msf+15;-5.5;5.0e-01;msf+15;-6.0;4.2e+00;msf+15;184.125  ;-17.137  ;
197;J0454+4529;mhl+18;04:54:59.310;8.0e-03;tbc+20;+45:29:46.7;1.0e-01;tbc+20;*;0;*;*;0;*;160.706  ;1.243    ;
198;J0454+5543;dth78;04:54:07.7506;1.0e-04;cbv+09;+55:43:41.437;2.0e-03;cbv+09;53.34;6.0e-02;cbv+09;-17.56;1.4e-01;cbv+09;152.617  ;7.547    ;
199;J0455-6951;mmh+91;04:55:47.55;8.0e-02;ckm+01;-69:51:34.3;6.0e-01;ckm+01;*;0;*;*;0;*;281.290  ;-35.187  ;
200;J0456-69;rcl+13;04:56:30;0;rcl+13;-69:10;0;rcl+13;*;0;*;*;0;*;280.457  ;-35.334  ;
201;J0456-7031;mfl+06;04:56:02.5;3.0e-01;mfl+06;-70:31:06.6;1.2e+00;mfl+06;*;0;*;*;0;*;282.049  ;-34.966  ;
202;J0457+23;dsm+13;04:57:06;7.0e+00;dsm+13;+23:34:00;1.0e+02;dsm+13;*;0;*;*;0;*;178.305  ;-12.005  ;
203;J0457-6337;mfl+06;04:57:07.79;8.0e-02;mfl+06;-63:37:30.4;9.0e-01;mfl+06;*;0;*;*;0;*;273.816  ;-36.701  ;
204;J0457-69;rcl+13;04:57:02;0;rcl+13;-69:46;0;rcl+13;*;0;*;*;0;*;281.143  ;-35.113  ;
205;J0458-0505;lbr+13;04:58:37.121;2.6e-02;lbr+13;-05:05:05.1;4.0e+00;lbr+13;*;0;*;*;0;*;204.139  ;-27.348  ;
206;J0458-67;rcl+13;04:58:59;0;rcl+13;-67:43;0;rcl+13;*;0;*;*;0;*;278.670  ;-35.518  ;
207;J0459-0210;mld+96;04:59:51.941;6.7e-03;hlk+04;-02:10:06.6;2.1e-01;hlk+04;*;0;*;*;0;*;201.444  ;-25.678  ;
208;J0501+4516;gwk08;05:01:06.76;1.0e-02;gwk+10;+45:16:33.92;1.1e-01;gwk+10;*;0;*;*;0;*;161.547  ;1.949    ;
209;J0502+4654;dth78;05:02:04.561;4.0e-03;hlk+04;+46:54:06.09;9.0e-02;hlk+04;-8;3.0e+00;hla93;8;5.0e+00;hla93;160.363  ;3.077    ;
210;J0502-6617;mmh+91;05:02:50.53;1.0e-01;ckm+01;-66:17:58.8;9.0e-01;ckm+01;*;0;*;*;0;*;276.869  ;-35.504  ;
211;J0506+50;qpl+19;05:06:14.1;0;aab+22;+50:30:30;0;aab+22;*;0;*;*;0;*;157.896  ;5.803    ;
212;J0509+0856;mgf+19;05:09:22.23485;1.0e-05;mgf+19;+08:56:25.0248;8.0e-04;mgf+19;5.4;2.0e-01;mgf+19;-4.3;5.0e-01;mgf+19;192.486  ;-17.931  ;
213;J0509+37;tkt22;05:09;4.0e+00;tkt22;+37:32;1.5e+01;tkt22;*;0;*;*;0;*;168.605  ;-1.562   ;
214;J0509+3801;slr+14;05:09:31.7880;2.6e-04;lsk+18;+38:01:18.083;1.4e-02;lsk+18;*;0;*;*;0;*;168.275  ;-1.187   ;
215;J0511-6508;mfl+06;05:11:56.50;2.0e-02;mfl+06;-65:08:36.5;3.0e-01;mfl+06;*;0;*;*;0;*;275.250  ;-34.827  ;
216;J0514-4002A;fgri04;05:14:06.69271;2.0e-04;rfgr19;-40:02:48.8930;1.9e-03;rfgr19;2.145;2.4e-02;vb21;-0.650;2.4e-02;vb21;244.514  ;-35.036  ;
217;J0514-4002B;rfg+22;05:14:06.73;8.0e-02;rfg+22;-40:02:47.9;6.0e-01;rfg+22;2.145;2.4e-02;vb21;-0.650;2.4e-02;vb21;244.513  ;-35.036  ;
218;J0514-4002C;rfg+22;05:14:06.69;4.0e-02;rfg+22;-40:02:49.4;3.0e-01;rfg+22;2.145;2.4e-02;vb21;-0.650;2.4e-02;vb21;244.514  ;-35.036  ;
219;J0514-4002D;rfg+22;05:14:06.73;5.0e-02;rfg+22;-40:02:48.2;5.0e-01;rfg+22;2.145;2.4e-02;vb21;-0.650;2.4e-02;vb21;244.513  ;-35.036  ;
220;J0514-4002E;rfg+22;05:14:06.68;6.0e-02;rfg+22;-40:02:47.7;5.0e-01;rfg+22;2.145;2.4e-02;vb21;-0.650;2.4e-02;vb21;244.513  ;-35.036  ;
221;J0514-4002F;rfg+22;05:14:06.7;1.0e-01;rfg+22;-40:02:48.5;8.0e-01;rfg+22;2.145;2.4e-02;vb21;-0.650;2.4e-02;vb21;244.513  ;-35.036  ;
222;J0514-4002G;rfg+22;05:14:06.63;5.0e-02;rfg+22;-40:02:48.1;4.0e-01;rfg+22;2.145;2.4e-02;vb21;-0.650;2.4e-02;vb21;244.513  ;-35.036  ;
223;J0514-4002H;rfg+22;05:14:06.6;1.0e-01;rfg+22;-40:02:48;1.0e+00;rfg+22;2.145;2.4e-02;vb21;-0.650;2.4e-02;vb21;244.513  ;-35.037  ;
224;J0514-4002I;rfg+22;05:14:06.75;7.0e-02;rfg+22;-40:02:48.2;6.0e-01;rfg+22;2.145;2.4e-02;vb21;-0.650;2.4e-02;vb21;244.513  ;-35.036  ;
225;J0514-4002J;rfg+22;05:14:06.7;2.0e-01;rfg+22;-40:02:48;2.0e+00;rfg+22;2.145;2.4e-02;vb21;-0.650;2.4e-02;vb21;244.513  ;-35.036  ;
226;J0514-4002K;rfg+22;05:14:06.8;2.0e-01;rfg+22;-40:02:48;2.0e+00;rfg+22;2.145;2.4e-02;vb21;-0.650;2.4e-02;vb21;244.513  ;-35.036  ;
227;J0514-4002L;rfg+22;05:14:06.8;1.0e-01;rfg+22;-40:02:48.0;8.0e-01;rfg+22;2.145;2.4e-02;vb21;-0.650;2.4e-02;vb21;244.513  ;-35.036  ;
228;J0514-4002M;rfg+22;05:14:06.8;2.5e+00;rfg+22;-40:02:48;2.8e+01;rfg+22;2.145;2.4e-02;vb21;-0.650;2.4e-02;vb21;244.513  ;-35.036  ;
229;J0514-4002N;rfg+22;05:14:06.7;1.0e-01;rfg+22;-40:02:47;1.0e+00;rfg+22;2.145;2.4e-02;vb21;-0.650;2.4e-02;vb21;244.513  ;-35.036  ;
230;J0514-4408;bcm+16;05:14:52.190;3.0e-03;brs+19;-44:08:37.38;2.0e-02;brs+19;*;0;*;*;0;*;249.515  ;-35.365  ;
231;J0517+2212;cha03;05:17:17.147;2.0e-03;bfrs18;+22:12:51.9;2.0e-01;bfrs18;*;0;*;*;0;*;182.176  ;-9.012   ;
232;J0518+5125;scb+19;05:18:26.145;8.0e-03;mbc+20;+51:25:58.7;2.0e-01;mbc+20;*;0;*;*;0;*;158.262  ;7.903    ;
233;J0518+5416;slr+14;05:18:53.199;1.8e-02;lsk+18;+54:16:50.0;2.9e-01;lsk+18;*;0;*;*;0;*;155.916  ;9.557    ;
234;J0519+44;hrk+08;05:19;0;hrk+08;+44;0;hrk+08;*;0;*;*;0;*;164.464  ;3.754    ;
235;J0519-6932;mfl+06;05:19:46.917;1.2e-02;mfl+06;-69:32:23.48;7.0e-02;mfl+06;*;0;*;*;0;*;280.287  ;-33.254  ;
236;J0520-2553;lml+98;05:20:36.185;3.4e-03;hlk+04;-25:53:12.29;1.1e-01;hlk+04;*;0;*;*;0;*;228.434  ;-30.543  ;
237;J0521-68;rcl+13;05:21:44;0;rcl+13;-68:35;0;rcl+13;*;0;*;*;0;*;279.124  ;-33.262  ;
238;J0522-6847;mfl+06;05:22:23.06;8.0e-02;mfl+06;-68:47:02.2;3.0e-01;mfl+06;*;0;*;*;0;*;279.348  ;-33.168  ;
239;J0523-7125;wmk+22;05:23:48.66;3.0e-02;wmk+22;-71:25:52.58;1.5e-01;wmk+22;*;0;*;*;0;*;282.415  ;-32.547  ;
240;J0525+1115;mlt+78;05:25:56.4483;1.1e-03;hlk+04;+11:15:19.08;7.0e-02;hlk+04;31;2.0e+00;jbv+19;-1;8.0e+00;jbv+19;192.695  ;-13.246  ;
241;J0525-6607;mgi+79;05:26:00.9;1.0e-01;kkm+03;-66:04:36.3;6.0e-01;kkm+03;*;0;*;*;0;*;276.087  ;-33.246  ;
242;J0528+2200;sr68;05:28:52.264;9.0e-03;ywml10;+22:00:04;2.0e+00;ywml10;-20;1.9e+01;hla93;7;9.0e+00;hla93;183.856  ;-6.896   ;
243;J0529-0715;clh+20;05:29:08.973;2.0e-03;clh+20;-07:15:26.43;1.0e-01;clh+20;*;0;*;*;0;*;210.065  ;-21.582  ;
244;J0529-6652;mhah83;05:29:50.90;3.0e-02;lbs+20;-66:52:39.9;3.0e-01;lbs+20;*;0;*;*;0;*;276.975  ;-32.763  ;
245;J0530-39;mss+20;05:30;0.0e+00;mss+20;-39;0.0e+00;mss+20;*;0;*;*;0;*;243.875  ;-31.843  ;
246;J0532-6639;mfl+06;05:32:59.51;6.0e-02;mfl+06;-66:39:37.3;5.0e-01;mfl+06;*;0;*;*;0;*;276.675  ;-32.481  ;
247;J0532-69;rcl+13;05:32:04;0;rcl+13;-69:46;0;rcl+13;*;0;*;*;0;*;280.333  ;-32.163  ;
248;J0533+0402;snt97;05:33:25.828;5.0e-03;lbs+20;+04:01:59.7;2.0e-01;lbs+20;*;0;*;*;0;*;200.085  ;-15.326  ;
249;J0533-4524;ovm+20;05:33:13.89;4.0e-02;ovm+20;-45:24:50.2;2.0e-01;ovm+20;*;0;*;*;0;*;251.461  ;-32.264  ;
250;J0533+6759;san16;05:33:55.1401;3.0e-04;san16;+67:59:17.489;3.0e-03;san16;*;0;*;*;0;*;144.780  ;18.183   ;
251;J0534-13;mss+20;05:34;0.0e+00;mss+20;-13;0.0e+00;mss+20;*;0;*;*;0;*;216.227  ;-22.957  ;
252;J0534+2200;sr68;05:34:31.973;5.0e-03;mcn71;+22:00:52.06;6.0e-02;mcn71;-14.7;8.0e-01;nr06;2.0;8.0e-01;nr06;184.558  ;-5.784   ;
253;J0534+34;ttm18;05:34:30;2.0e+01;ttm18;+34:07;1.5e+01;ttm18;*;0;*;*;0;*;174.353  ;0.746    ;
254;J0534-6703;mfl+06;05:34:36.17;1.0e-01;mfl+06;-67:03:48.8;8.0e-01;mfl+06;*;0;*;*;0;*;277.129  ;-32.279  ;
255;J0535-66;rcl+13;05:35:40;0;rcl+13;-66:52;0;rcl+13;*;0;*;*;0;*;276.884  ;-32.197  ;
256;J0535-6935;ckm+01;05:35;2.0e+00;ckm+01;-69:35;7.0e+00;ckm+01;*;0;*;*;0;*;280.076  ;-31.936  ;
257;J0536-7543;mlt+78;05:36:30.82;1.0e-02;jbv+19;-75:43:54.8;1.0e-01;jbv+19;3;4.0e+01;jbv+19;65;8.0e+00;jbv+19;287.161  ;-30.821  ;
258;J0537-69;rcl+13;05:37:43;0;rcl+13;-69:21;0;rcl+13;*;0;*;*;0;*;279.768  ;-31.730  ;
259;J0537-6910;mgz+98;05:37:47.416;1.1e-01;tbf+06;-69:10:19.88;6.0e-01;tbf+06;*;0;*;*;0;*;279.559  ;-31.745  ;
260;J0538+2817;fcwa95;05:38:25.0572;1.0e-04;cbv+09;+28:17:09.161;2.0e-03;cbv+09;-23.57;1.0e-01;cbv+09;52.87;1.0e-01;cbv+09;179.719  ;-1.686   ;
261;J0540+3207;cfl+06;05:40:37.116;1.0e-03;nab+13;+32:07:37.3;1.0e-01;nab+13;*;0;*;*;0;*;176.719  ;0.761    ;
262;J0540-6919;shh84;05:40:11.202;9.0e-03;msl+10;-69:19:54.17;5.0e-02;msl+10;*;0;*;*;0;*;279.717  ;-31.516  ;
263;J0540-7125;lml+98;05:40:30.8;3.0e-01;dsb+98;-71:25:31.4;5.0e-01;dsb+98;*;0;*;*;0;*;282.148  ;-31.236  ;
264;J0542-68;rcl+13;05:42:35;0;rcl+13;-68:16;0;rcl+13;*;0;*;*;0;*;278.449  ;-31.406  ;
265;J0543+2329;dls72;05:43:09.660;1.1e-02;hlk+04;+23:29:05;5.0e+00;hlk+04;*;0;*;*;0;*;184.363  ;-3.318   ;
266;J0543-6851;mfl+06;05:43:52.71;1.1e-01;mfl+06;-68:51:25.3;9.0e-01;mfl+06;*;0;*;*;0;*;279.125  ;-31.235  ;
267;J0544+20;dsm+16;05:44:12;1.2e+02;dsm+16;+20:50;8.0e+00;dsm+16;*;0;*;*;0;*;186.756  ;-4.495   ;
268;J0545-03;kkl+15;05:45;2.0e+00;kkl+15;-03:10;3.6e+01;kkl+15;*;0;*;*;0;*;208.094  ;-16.213  ;
269;J0546+2441;clm+05;05:46:28.76;3.0e-02;clm+05;+24:41:21;6.0e+00;clm+05;*;0;*;*;0;*;183.728  ;-2.045   ;
270;J0550+09;dsm+16;05:50:28;1.1e+02;dsm+16;+09:51;8.0e+00;dsm+16;*;0;*;*;0;*;197.055  ;-8.774   ;
271;J0554+3107;pga+13;05:54:05.01;3.0e-02;pga+13;+31:07:41;4.0e+00;pga+13;*;0;*;*;0;*;179.058  ;2.697    ;
272;J0555+3948;bck+13;05:55;5.0e+00;bck+13;+39:48;5.0e+00;bck+13;*;0;*;*;0;*;171.610  ;7.192    ;
273;J0555-7056;mfl+06;05:55:01.85;1.2e-01;mfl+06;-70:56:45.6;6.0e-01;mfl+06;*;0;*;*;0;*;281.460  ;-30.119  ;
274;J0556-67;hcb+22;05:56:25;0;hcb+22;-67:29;0;hcb+22;*;0;*;*;0;*;277.454  ;-30.150  ;
275;J0557+1550;skl+15;05:57:31.44918;9.0e-05;skl+15;+15:50:06.046;8.0e-03;skl+15;*;0;*;*;0;*;192.684  ;-4.309   ;
276;J0557-2948;kmk+18;05:57:32.9995;7.0e-04;kmk+18;-29:48:16.804;7.0e-03;kmk+18;*;0;*;*;0;*;235.470  ;-23.989  ;
277;J0600-5756;mlt+78;06:00:46.5;3.0e-01;nmc81;-57:56:54;3.0e+00;nmc81;*;0;*;*;0;*;266.492  ;-29.343  ;
278;J0601-0527;mlt+78;06:01:58.9752;2.0e-04;dgb+19;-05:27:50.871;4.0e-03;dgb+19;-7.36;7.0e-02;dgb+19;-15.24;9.0e-02;dgb+19;212.199  ;-13.481  ;
279;J0605+3757;san16;06:05:05.5439;1.0e-04;san16;+37:57:35.96;1.0e-02;san16;*;0;*;*;0;*;174.193  ;8.022    ;
280;J0608+00;dsm+13;06:08:49;3.0e+01;dsm+13;+00:39;8.0e+00;dsm+13;*;0;*;*;0;*;207.445  ;-9.171   ;
281;J0608+1635;ttk+17;06:08:51.662;5.0e-03;psf+22;+16:35:09.4;4.0e-01;psf+22;*;0;*;*;0;*;193.366  ;-1.569   ;
282;J0609+2130;lxf+05;06:09:58.8861;2.0e-04;lxf+05;+21:30:02.84;9.0e-02;lxf+05;*;0;*;*;0;*;189.192  ;1.040    ;
283;J0610-2100;bjd+06;06:10:13.596735;7.0e-06;vbc+22;-21:00:27.89913;1.1e-04;vbc+22;9.11;3.0e-02;vbc+22;16.45;3.0e-02;vbc+22;227.747  ;-18.184  ;
284;J0611+04;dsm+16;06:11:18;1.1e+02;dsm+16;+04:06;8.0e+00;dsm+16;*;0;*;*;0;*;204.655  ;-7.012   ;
285;J0611+1436;lsb+17;06:11:18.649;1.3e-02;lsb+17;+14:36:52;4.0e+00;lsb+17;*;0;*;*;0;*;195.378  ;-2.004   ;
286;J0611+30;cnst96;06:11:16;2.3e+01;cnst96;+30:16;5.0e+00;cnst96;*;0;*;*;0;*;181.624  ;5.496    ;
287;J0612+3721;stwd85;06:12:48.6867;1.5e-03;hlk+04;+37:21:37.36;1.1e-01;hlk+04;5;3.0e+00;*;5;1.2e+01;*;175.450  ;9.093    ;
288;J0612+37216;slr+14;06:12:44.10;3.0e-02;lsk+18;+37:21:40;2.2e+00;lsk+18;*;0;*;*;0;*;175.442  ;9.080    ;
289;J0613-0200;wmg+22;06:13:43.975901;2.2e-06;rsc+21;-02:00:47.23742;7.2e-05;rsc+21;1.834;5.0e-03;*;-10.353;1.3e-02;*;210.413  ;-9.305   ;
290;J0613+3731;cvh+14;06:13:12.150;1.1e-02;cvh+14;+37:31:38.3;9.0e-01;cvh+14;*;0;*;*;0;*;175.336  ;9.239    ;
291;J0614+2229;dls72;06:14:17.0058;1.0e-04;dgb+19;+22:29:56.848;1.0e-03;dgb+19;-0.24;4.0e-02;dgb+19;-1.25;4.0e-02;dgb+19;188.795  ;2.394    ;
292;J0614-3329;rrc+11;06:14:10.3478;3.0e-04;rrc+11;-33:29:54.118;4.0e-03;rrc+11;0.58;9.0e-02;gsl+16;-1.92;1.2e-01;gsl+16;240.501  ;-21.827  ;
293;J0614+83;slr+14;06:14;1.0e+01;slr+14;+83:14;1.8e+01;slr+14;*;0;*;*;0;*;130.353  ;25.833   ;
294;J0621+0336;bkl+13;06:21:11.221;5.0e-03;bkl+13;+03:36:45.52;1.0e-01;bkl+13;*;0;*;*;0;*;206.246  ;-5.058   ;
295;J0621+1002;cnst96;06:21:22.11436;3.0e-05;dcl+16;+10:02:38.7352;1.5e-03;dcl+16;3.23;1.2e-01;dcl+16;-0.5;5.0e-01;dcl+16;200.570  ;-2.013   ;
296;J0621+2514;san16;06:21:10.8542;1.0e-04;san16;+25:14:03.83;3.0e-02;san16;*;0;*;*;0;*;187.120  ;5.073    ;
297;J0621-55;kbj+18;06:20:42;3.0e+01;kbj+18;-56:05;7.0e+00;kbj+18;*;0;*;*;0;*;264.804  ;-26.411  ;
298;J0622+3749;pga+12;06:22:10.51;2.0e-02;pga+12;+37:49:13.6;9.0e-01;pga+12;*;0;*;*;0;*;175.877  ;10.958   ;
299;J0623+0340;bkl+13;06:23:46.759;1.0e-02;bkl+13;+03:40:06.8;4.0e-01;bkl+13;*;0;*;*;0;*;206.497  ;-4.459   ;
300;J0624-0424;mlt+78;06:24:20.028;2.6e-03;hlk+04;-04:24:50.45;1.1e-01;hlk+04;*;0;*;*;0;*;213.792  ;-8.036   ;
301;J0625+10;cnst96;06:25:45;1.6e+01;cnst96;+10:16;5.0e+00;cnst96;*;0;*;*;0;*;200.878  ;-0.956   ;
302;J0627+0649;bkl+13;06:27:53.6286;8.0e-04;bkl+13;+06:49:54.13;5.0e-02;bkl+13;*;0;*;*;0;*;204.166  ;-2.085   ;
303;J0627+0706;cha03;06:27:44.172;4.0e-03;lbs+20;+07:06:33.0;2.0e-01;lbs+20;*;0;*;*;0;*;203.902  ;-1.991   ;
304;J0627+16;dcm+09;06:27:13;7.0e+00;dcm+09;+16:12;2.0e+00;dcm+09;*;0;*;*;0;*;195.793  ;2.124    ;
305;J0628+0909;cfl+06;06:28:36.183;5.0e-03;nab+13;+09:09:13.9;3.0e-01;nab+13;*;0;*;*;0;*;202.190  ;-0.851   ;
306;J0629+2415;dth78;06:29:05.7273;1.0e-04;dgb+19;+24:15:41.546;1.0e-03;dgb+19;3.56;1.2e-01;dgb+19;-4.68;8.0e-02;dgb+19;188.817  ;6.223    ;
307;J0630-0046;bkl+13;06:30:26.956;1.2e-02;bkl+13;-00:46:05.85;1.7e-01;bkl+13;*;0;*;*;0;*;211.220  ;-5.020   ;
308;J0630+19;dsm+16;06:30:04;1.2e+02;dsm+16;+19:37;8.0e+00;dsm+16;*;0;*;*;0;*;193.071  ;4.303    ;
309;J0630-2834;lvw69a;06:30:49.404393;4.3e-05;dtbr09;-28:34:42.77881;3.7e-04;dtbr09;-46.30;9.9e-01;dtbr09;21.26;5.2e-01;dtbr09;236.952  ;-16.758  ;
310;J0631+0646;cwp+17;06:31:52.38;2.0e-02;cwp+17;+06:46:14.2;7.0e-01;cwp+17;*;0;*;*;0;*;204.678  ;-1.238   ;
311;J0631+1036;zcwl96;06:31:27.524;4.0e-03;ywml10;+10:37:02.5;3.0e-01;ywml10;*;0;*;*;0;*;201.219  ;0.450    ;
312;J0633+0632;aaa+09c;06:33:44.21;2.0e-02;rkp+11;+06:32:34.9;1.6e+00;rkp+11;*;0;*;*;0;*;205.093  ;-0.932   ;
313;J0633+1746;hh92;06:33:54.1530;2.8e-03;clm+98;+17:46:12.909;4.0e-02;clm+98;138;4.0e+00;cbmt96;97;4.0e+00;cbmt96;195.134  ;4.266    ;
314;J0633-2015;bjd+06;06:33:08.86;4.0e-02;bjd+06;-20:15:07.1;6.0e-01;bjd+06;*;0;*;*;0;*;229.260  ;-12.968  ;
315;J0635+0533;cmn+00;06:35:18;2.0e+00;cmn+00;+05:33:11;3.0e+01;cmn+00;*;0;*;*;0;*;206.151  ;-1.043   ;
316;J0636-23;mss+20;06:36;0.0e+00;mss+20;-23;0.0e+00;mss+20;*;0;*;*;0;*;232.113  ;-13.492  ;
317;J0636-3044;mbc+19;06:37:09;0;mbc+19;-30:50:42;0;mbc+19;*;0;*;*;0;*;239.683  ;-16.344  ;
318;J0636-4549;bjd+06;06:36:33.744;1.6e-02;bjd+06;-45:49:32.62;1.6e-01;bjd+06;*;0;*;*;0;*;254.547  ;-21.547  ;
319;J0636+5128;slr+14;06:36:04.847464;4.8e-06;aab+21a;+51:28:59.96547;1.1e-04;aab+21a;3.22;4.1e-02;*;-1.67;1.1e-01;*;163.909  ;18.643   ;
320;J0641+07;ttm+18;06:41:10;1.2e+02;ttm+18;+07:44;2.5e+01;ttm+18;*;0;*;*;0;*;204.882  ;1.252    ;
321;J0645+5158;slr+14;06:45:59.082310;4.1e-06;aab+21a;+51:58:14.91313;6.5e-05;aab+21a;1.546;1.9e-02;*;-7.47;5.0e-02;*;163.963  ;20.251   ;
322;J0645+80;slr+14;06:46;7.0e+00;slr+14;+80:09;1.8e+01;slr+14;*;0;*;*;0;*;133.945  ;26.465   ;
323;J0646+0905;bkl+13;06:46:31.025;5.0e-03;lbs+20;+09:05:49.6;3.0e-01;lbs+20;*;0;*;*;0;*;204.271  ;3.051    ;
324;J0646-54;ckr+15;06:46:22.4;0;aab+22;-54:52:57;0;aab+22;*;0;*;*;0;*;264.400  ;-22.600  ;
325;J0647+0913;bkl+13;06:47:15.68;3.0e-02;bkl+13;+09:13:59.5;6.0e-01;bkl+13;*;0;*;*;0;*;204.233  ;3.277    ;
326;J0648-27;mss+20;06:48;0.0e+00;mss+20;-27;0.0e+00;mss+20;*;0;*;*;0;*;237.001  ;-12.645  ;
327;J0652-0142;bkl+13;06:52:11.106;1.2e-02;bkl+13;-01:42:30.3;4.0e-01;bkl+13;*;0;*;*;0;*;214.538  ;-0.613   ;
328;J0653+06;dcm+23;06:53;1.7e+01;dcm+23;-06:16;3.6e+01;dcm+23;*;0;*;*;0;*;218.690  ;-2.507   ;
329;J0653+4706;bph+17a;06:53:05.813;3.0e-03;aab+22;+47:06:26.92;4.0e-02;aab+22;*;0;*;*;0;*;169.259  ;19.783   ;
330;J0653+8051;dbtb82;06:53:15.09;3.0e-02;hlk+04;+80:52:00.22;1.1e-01;hlk+04;19;3.0e+00;hla93;-1;3.0e+00;hla93;133.178  ;26.828   ;
331;J0656-2228;bjd+06;06:56:30.207;9.0e-03;bjd+06;-22:28:25.55;1.5e-01;bjd+06;*;0;*;*;0;*;233.655  ;-8.982   ;
332;J0656-5449;jbo+09;06:56:48.990;7.0e-03;jbo+09;-54:49:14.92;4.0e-02;jbo+09;*;0;*;*;0;*;264.795  ;-21.141  ;
333;J0658+0022;bkl+13;06:58:15.209;5.0e-03;bkl+13;+00:22:35.3;3.0e-01;bkl+13;*;0;*;*;0;*;213.374  ;1.688    ;
334;J0658+2936;dcm+23;06:57:44.62;8.0e-02;dcm+23;+29:36:29;7.0e+00;dcm+23;*;0;*;*;0;*;186.671  ;14.275   ;
335;J0659+1414;mlt+78;06:59:48.196;3.0e-03;jbv+19;+14:14:19.4;3.0e-01;jbv+19;44.07;6.3e-01;btgg03;-2.40;2.9e-01;btgg03;201.108  ;8.258    ;
336;J0659-36;mss+20;06:59;0.0e+00;mss+20;-36;0.0e+00;mss+20;*;0;*;*;0;*;246.437  ;-14.139  ;
337;J0700+6418;dth78;07:00:37.802;4.0e-03;hlk+04;+64:18:11.20;4.0e-02;hlk+04;-2;5.6e+00;*;-10;7.6e+00;*;151.551  ;25.237   ;
338;J0702-4956;bcm+16;07:02:39.3;2.0e-01;bcm+16;-49:56:34.2;6.0e-01;bcm+16;*;0;*;*;0;*;260.190  ;-18.723  ;
339;J0709+0458;mgf+19;07:09:08.36539;2.0e-05;mgf+19;+04:58:51.4941;6.0e-04;mgf+19;-0.7;2.0e-01;mgf+19;-1.3;4.0e-01;mgf+19;210.498  ;6.200    ;
340;J0709-5923;jbo+09;07:09:32.533;8.0e-03;jbo+09;-59:23:55.60;4.0e-02;jbo+09;*;0;*;*;0;*;270.029  ;-20.899  ;
341;J0711+0931;lzb+00;07:11:36.18;2.0e-02;lzb+00;+09:31:25;1.0e+00;lzb+00;*;0;*;*;0;*;206.674  ;8.776    ;
342;J0711-6830;bjb+97;07:11:54.180042;7.2e-06;rsc+21;-68:30:47.36454;4.0e-05;rsc+21;-15.565;9.0e-03;*;14.180;9.0e-03;*;279.531  ;-23.280  ;
343;J0719-2545;bjd+06;07:19:07.380;5.0e-03;bjd+06;-25:45:00.23;9.0e-02;bjd+06;*;0;*;*;0;*;238.934  ;-5.826   ;
344;J0720-3125;hmb+97;07:20:24.9620;9.0e-04;kva07;-31:25:50.083;1.1e-02;kva07;-93.9;1.2e+00;kva07;52.8;1.3e+00;kva07;244.158  ;-8.165   ;
345;J0721-2038;bkl+13;07:21:42.9047;1.1e-03;bkl+13;-20:38:07.061;1.7e-02;bkl+13;*;0;*;*;0;*;234.669  ;-2.922   ;
346;J0725-1635;mld+96;07:25:00.404;6.1e-03;hlk+04;-16:35:45.82;1.4e-01;hlk+04;*;0;*;*;0;*;231.473  ;-0.330   ;
347;J0726-2612;bjd+06;07:26:08.12;4.0e-02;bjd+06;-26:12:38.1;8.0e-01;bjd+06;*;0;*;*;0;*;240.079  ;-4.644   ;
348;J0729-1448;mhl+02;07:29:16.45;2.0e-02;mhl+02;-14:48:36.8;8.0e-01;mhl+02;*;0;*;*;0;*;230.392  ;1.424    ;
349;J0729-1836;mlt+78;07:29:32.3369;1.0e-04;dgb+19;-18:36:42.244;2.0e-03;dgb+19;-13.06;1.1e-01;dgb+19;13.27;4.4e-01;dgb+19;233.760  ;-0.341   ;
350;J0732+2314;mgf+19;07:32:37.5156;8.0e-04;mgf+19;+23:14:54.21;7.0e-02;mgf+19;*;0;*;*;0;*;195.931  ;19.035   ;
351;J0733-2345;lfl+06;07:33:24.60;4.0e-02;lfl+06;-23:45:56.2;1.1e+00;lfl+06;*;0;*;*;0;*;238.713  ;-2.030   ;
352;J0734-1559;sbd+11;07:34:45.695;3.0e-03;aab+22;-15:59:18.24;4.0e-02;aab+22;*;0;*;*;0;*;232.062  ;2.016    ;
353;J0736-6304;bb10;07:36:20.01;2.7e-01;jcs+17;-63:04:16;2.0e+00;jcs+17;*;0;*;*;0;*;274.881  ;-19.153  ;
354;J0737-2202;mhl+02;07:37:44.071;6.0e-03;mhl+02;-22:02:05.32;1.4e-01;mhl+02;*;0;*;*;0;*;237.685  ;-0.318   ;
355;J0737-3039A;bdp+03;07:37:51.248419;2.6e-05;dbt09;-30:39:40.71431;1.0e-04;dbt09;-3.82;6.2e-01;dbt09;2.13;2.3e-01;dbt09;245.236  ;-4.505   ;
356;J0737-3039B;lbk+04;07:37:51.248419;2.6e-05;dbt09;-30:39:40.71431;1.0e-04;dbt09;-3.82;6.2e-01;dbt09;2.13;2.3e-01;dbt09;245.236  ;-4.505   ;
357;J0738-4042;lvw68;07:38:32.262;2.0e-03;jbv+19;-40:42:39.42;2.0e-02;jbv+19;-14.0;1.2e+00;bfg+03;13;2.0e+00;bfg+03;254.193  ;-9.192   ;
358;J0738+6904;slr+14;07:38:22.60;3.5e-02;lsk+18;+69:04:20.0;3.2e-01;lsk+18;*;0;*;*;0;*;146.593  ;29.377   ;
359;J0740+6620;slr+14;07:40:45.792765;5.0e-06;cfr+20;+66:20:33.51965;7.0e-05;cfr+20;-10.32;3.1e-02;*;-30.87;4.0e-02;*;149.730  ;29.599   ;
360;J0741+17;dcm+23;07:41;1.7e+01;dcm+23;+17:03;2.3e+01;dcm+23;*;0;*;*;0;*;202.768  ;18.438   ;
361;J0742-2822;fss73;07:42:49.058;2.0e-03;hlk+04;-28:22:43.76;4.0e-02;hlk+04;-29;2.0e+00;fgml97;4;2.0e+00;fgml97;243.773  ;-2.444   ;
362;J0742+4110;slr+14;07:42:12.22;2.0e-02;sbo+22;+41:10:15.0;2.0e-01;sbo+22;*;0;*;*;0;*;178.128  ;26.575   ;
363;J0742+4334;scb+19;07:42:42.13;1.0e-02;mbc+20;+43:34:02.2;3.0e-01;mbc+20;*;0;*;*;0;*;175.536  ;27.214   ;
364;J0744-2525;nie+20;06:46:22.4;0;aab+22;-54:52:57;0;aab+22;*;0;*;*;0;*;264.400  ;-22.600  ;
365;J0745-5353;mlt+78;07:45:04.48;4.0e-02;psj+19;-53:53:09.56;3.0e-02;psj+19;-60;1.0e+01;psj+19;50;1.0e+01;psj+19;266.660  ;-14.283  ;
366;J0746-4529;bjd+06;07:46:59.518;1.6e-02;bjd+06;-45:29:26.65;1.7e-01;bjd+06;*;0;*;*;0;*;259.203  ;-10.103  ;
367;J0747+6646;slr+14;07:47:39.687;1.1e-02;lsk+18;+66:46:56.77;1.7e-01;lsk+18;*;0;*;*;0;*;149.218  ;30.283   ;
368;J0749-4247;mld+96;07:49:49.675;4.0e-03;dsb+98;-42:47:42.14;4.0e-02;dsb+98;*;0;*;*;0;*;257.066  ;-8.349   ;
369;J0750+57;slr+14;07:50;2.0e+00;slr+14;+57:00;1.8e+01;slr+14;*;0;*;*;0;*;160.557  ;30.327   ;
370;J0750-6846;kbj+18;07:50:35.85;2.0e-02;sfj+20;-68:46:33.81;1.0e-01;sfj+20;*;0;*;*;0;*;281.056  ;-20.048  ;
371;J0751+1807;lzc95;07:51:09.155331;1.3e-05;dcl+16;+18:07:38.4864;1.0e-03;dcl+16;-2.73;5.0e-02;dcl+16;-13.4;3.0e-01;dcl+16;202.730  ;21.086   ;
372;J0753-0816;mbc+19;07:53:33;0;mbc+19;-08:19:35;0;mbc+19;*;0;*;*;0;*;227.607  ;9.771    ;
373;J0754+3231;dth78;07:54:40.688;5.0e-03;hlk+04;+32:31:56.2;2.0e-01;hlk+04;-4;5.0e+00;hla93;7;3.0e+00;hla93;188.187  ;26.721   ;
374;J0758-1528;mlt+78;07:58:29.0708;7.0e-04;hlk+04;-15:28:08.738;1.9e-02;hlk+04;-10;4.0e+00;jbv+19;12;3.0e+00;jbv+19;234.464  ;7.224    ;
375;J0758-30;mss+20;07:58;0.0e+00;mss+20;-30;0.0e+00;mss+20;*;0;*;*;0;*;246.856  ;-0.417   ;
376;J0802-5613;nie+20;08:02:24.0;0;aab+22;-56:13:02;0;aab+22;*;0;*;*;0;*;269.979  ;-13.191  ;
377;J0803-0942;aac+18;08:03:26.848;1.3e-02;clh+20;-09:42:50.81;1.4e-01;clh+20;*;0;*;*;0;*;230.070  ;11.196   ;
378;J0803+34;ttm18;08:03:05;8.5e+01;ttm18;+34:19;1.5e+01;ttm18;*;0;*;*;0;*;186.778  ;28.890   ;
379;J0804-3647;bkl+13;08:04:22.20;4.0e-02;bkl+13;-36:47:35.5;5.0e-01;bkl+13;*;0;*;*;0;*;253.331  ;-2.872   ;
380;J0806+08;dsm+13;08:06:05;3.0e+01;dsm+13;+08:17;8.0e+00;dsm+13;*;0;*;*;0;*;213.920  ;20.334   ;
381;J0806-4123;hmz+04;08:06:23.40;4.0e-02;hmz+04;-41:22:30.9;6.0e-01;hmz+04;*;0;*;*;0;*;257.426  ;-4.983   ;
382;J0807-5421;bbb+12;08:07:47.185;8.0e-03;bbb+12;-54:21:26.46;8.0e-02;bbb+12;*;0;*;*;0;*;268.727  ;-11.594  ;
383;J0808-3937;bkl+13;08:08:11.63;3.0e-02;bkl+13;-39:37:52.9;3.0e-01;bkl+13;*;0;*;*;0;*;256.134  ;-3.759   ;
384;J0809-4753;mlt+78;08:09:43.835;6.0e-03;jbv+19;-47:53:54.70;6.0e-02;jbv+19;-19;5.0e+00;jbv+19;15;4.0e+00;jbv+19;263.301  ;-7.957   ;
385;J0811+37;ttk+17;08:11:12;1.8e+01;scb+19;+37:28;3.0e+00;scb+19;*;0;*;*;0;*;183.676  ;31.217   ;
386;J0812-3905;bkl+13;08:12:14.802;1.0e-02;bkl+13;-39:05:48.92;9.0e-02;bkl+13;*;0;*;*;0;*;256.111  ;-2.811   ;
387;J0813+22;scb+19;08:13:54;1.2e+01;scb+19;+22:01;3.0e+00;scb+19;*;0;*;*;0;*;200.909  ;27.480   ;
388;J0814+7429;cp68;08:14:59.50;2.0e-02;hlk+04;+74:29:05.70;1.1e-01;hlk+04;24.02;9.0e-02;bbgt02;-44.0;4.0e-01;bbgt02;139.998  ;31.618   ;
389;J0815+0939;clm+05;08:15:08.776;9.0e-03;clm+05;+09:39:50.7;6.0e-01;clm+05;*;0;*;*;0;*;213.626  ;22.950   ;
390;J0815+4611;scb+19;08:15:59.4623;8.0e-04;mbc+20;+46:11:53.24;2.0e-02;mbc+20;*;0;*;*;0;*;173.626  ;33.453   ;
391;J0818-3049;bkl+13;08:18:49.3;4.0e-01;bkl+13;-30:49:31;5.0e+00;bkl+13;*;0;*;*;0;*;249.983  ;2.908    ;
392;J0818-3232;bjd+06;08:18:25.935;7.0e-03;bjd+06;-32:32:30.53;1.1e-01;bjd+06;*;0;*;*;0;*;251.358  ;1.875    ;
393;J0820-1350;vl70;08:20:26.3817;1.0e-04;cbv+09;-13:50:55.859;2.0e-03;cbv+09;21.64;9.0e-02;cbv+09;-39.44;5.0e-02;cbv+09;235.890  ;12.595   ;
394;J0820-3826;bkl+13;08:20:59.929;9.0e-03;psj+19;-38:26:42.9;1.3e+00;psj+19;*;0;*;*;0;*;256.523  ;-1.032   ;
395;J0820-3921;bjd+06;08:20:49.11;4.0e-02;bjd+06;-39:21:55.7;4.0e-01;bjd+06;*;0;*;*;0;*;257.261  ;-1.583   ;
396;J0820-4114;mlt+78;08:20:15.46;1.0e-02;lbs+20;-41:14:35.2;1.0e-01;lbs+20;*;0;*;*;0;*;258.749  ;-2.734   ;
397;J0821-4221;bjd+06;08:21:44.636;3.0e-03;bjd+06;-42:21:25.46;4.0e-02;bjd+06;*;0;*;*;0;*;259.825  ;-3.137   ;
398;J0821-4300;gh09;08:21:57.3653;3.1e-03;gha13;-43:00:17.074;4.3e-02;gha13;-54.1;8.3e+00;gha13;-28.1;1.0e+01;gha13;260.382  ;-3.473   ;
399;J0823+0159;mlt+78;08:23:09.7651;1.0e-04;dgb+19;+01:59:12.469;1.0e-03;dgb+19;-4.0;2.0e-01;dgb+19;0.15;2.6e-01;dgb+19;221.988  ;21.245   ;
400;J0824+0028;dsm+13;08:24:24.84022;5.0e-05;mgf+19;+00:28:00.567;2.0e-03;mgf+19;-4.3;4.0e-01;mgf+19;-9.2;1.3e+00;mgf+19;223.577  ;20.789   ;
401;J0826+2637;cls68;08:26:51.5068;1.0e-04;dgb+19;+26:37:21.297;1.0e-03;dgb+19;63.00;1.0e-02;dgb+19;-96.75;7.0e-02;dgb+19;196.964  ;31.743   ;
402;J0827+53;scb+19;08:27:48;1.8e+01;scb+19;+53:00;3.0e+00;scb+19;*;0;*;*;0;*;165.470  ;35.647   ;
403;J0828-3417;mlt+78;08:28:16.6;1.9e-01;hlk+04;-34:17:07;2.8e+00;hlk+04;*;0;*;*;0;*;253.965  ;2.561    ;
404;J0831-4406;kbm+03;08:31:32.43;3.0e-02;kbm+03;-44:06:11.9;4.0e-01;kbm+03;*;0;*;*;0;*;262.285  ;-2.694   ;
405;J0834-4159;kbm+03;08:34:17.807;2.0e-03;psj+19;-41:59:35.99;2.0e-02;psj+19;*;0;*;*;0;*;260.886  ;-1.036   ;
406;J0834-60;ebvb01;08:34:50;4.0e+01;ebvb01;-60:35;5.0e+00;ebvb01;*;0;*;*;0;*;276.075  ;-11.924  ;
407;J0835-3707;mlc+01;08:35:03.08;3.0e-02;mlc+01;-37:07:51.5;3.0e-01;mlc+01;*;0;*;*;0;*;257.076  ;1.990    ;
408;J0835-4510;lvm68;08:35:20.61149;2.0e-05;dlrm03;-45:10:34.8751;3.0e-04;dlrm03;-49.68;6.0e-02;dlrm03;29.9;1.0e-01;dlrm03;263.552  ;-2.787   ;
409;J0836-4233;bbb+12;08:36:05.85;3.0e-02;bsb+19;-42:33:24.9;3.0e-01;bsb+19;*;0;*;*;0;*;261.537  ;-1.107   ;
410;J0837+0610;phbc68;08:37:05.642;3.0e-03;hlk+04;+06:10:14.56;1.4e-01;hlk+04;2;5.0e+00;las82;51;3.0e+00;las82;219.721  ;26.272   ;
411;J0837-24;bbj+11;08:37:44;3.1e+01;bbj+11;-24:47:48;4.2e+02;bbj+11;*;0;*;*;0;*;247.453  ;9.799    ;
412;J0837-4135;lvw68;08:37:21.1943;6.0e-04;jbv+19;-41:35:14.563;6.0e-03;jbv+19;11;2.0e+00;jbv+19;-13;1.0e+00;jbv+19;260.904  ;-0.336   ;
413;J0838-2621;bjd+06;08:38:18.801;4.0e-03;bjd+06;-26:21:29.55;7.0e-02;bjd+06;*;0;*;*;0;*;248.807  ;8.981    ;
414;J0838-3947;mlc+01;08:38:30.8;5.0e-01;mlc+01;-39:47:22;7.0e+00;mlc+01;*;0;*;*;0;*;259.606  ;0.928    ;
415;J0839-66;mbc+19;08:39:37;0;mbc+19;-66:34:52;0;mbc+19;*;0;*;*;0;*;281.441  ;-14.927  ;
416;J0840-5332;mlt+78;08:40:33.726;9.0e-03;lbs+20;-53:32:35.95;6.0e-02;lbs+20;*;0;*;*;0;*;270.774  ;-7.143   ;
417;J0842-4851;mlt+78;08:42:05.4443;9.0e-04;lbs+20;-48:51:20.6;1.0e-01;lbs+20;*;0;*;*;0;*;267.182  ;-4.101   ;
418;J0843+0719;bjd+06;08:43:33.82;4.0e-02;bjd+06;+07:18:47.8;1.6e+00;bjd+06;*;0;*;*;0;*;219.400  ;28.223   ;
419;J0843-5022;ebvb01;08:43:09.884;8.0e-03;ebvb01;-50:22:43.10;8.0e-02;ebvb01;*;0;*;*;0;*;268.496  ;-4.898   ;
420;J0843+67;trr+21;08:43:22.8;0;aab+22;+67:13:08;0;aab+22;*;0;*;*;0;*;147.800  ;35.600   ;
421;J0846-3533;mlt+78;08:46:06.040;8.0e-03;jbv+19;-35:33:41.2;1.0e-01;jbv+19;93;7.2e+01;zhw+05;-15;6.5e+01;zhw+05;257.190  ;4.710    ;
422;J0847-4316;mll+06;08:47:57.33;5.0e-02;mlk+09;-43:16:56.8;7.0e-01;mlk+09;*;0;*;*;0;*;263.444  ;0.158    ;
423;J0848+16;dsm+13;08:48:53;3.1e+01;dsm+13;+16:43;8.0e+00;dsm+13;*;0;*;*;0;*;210.060  ;33.305   ;
424;J0849-6322;ebvb01;08:49:42.59;2.0e-02;ebvb01;-63:22:35.0;1.0e-01;ebvb01;*;0;*;*;0;*;279.433  ;-12.171  ;
425;J0849+8028;dtws85;08:49:01.5;3.0e-01;hlk+04;+80:28:59.1;9.7e-01;hlk+04;*;0;*;*;0;*;132.654  ;31.462   ;
426;J0854+5449;gac+21;08:54:25.7255;8.0e-04;gac+21;+54:49:28.782;1.1e-02;gac+21;*;0;*;*;0;*;162.782  ;39.408   ;
427;J0855-3331;mlt+78;08:55:38.413;6.3e-03;hlk+04;-33:31:39.30;1.0e-01;hlk+04;*;0;*;*;0;*;256.847  ;7.517    ;
428;J0855-4644;kbm+03;08:55:36.18;3.0e-02;kbm+03;-46:44:13.4;5.0e-01;kbm+03;*;0;*;*;0;*;266.967  ;-1.004   ;
429;J0855-4658;kbm+03;08:55:19.57;5.0e-02;kbm+03;-46:58:22.6;9.0e-01;kbm+03;*;0;*;*;0;*;267.116  ;-1.193   ;
430;J0856-6137;mlt+78;08:56:59.27;1.0e-02;lbs+20;-61:37:52.71;8.0e-02;lbs+20;*;0;*;*;0;*;278.575  ;-10.427  ;
431;J0857+3349;scb+19;08:57:07.07;2.0e-02;mbc+20;+33:49:17.0;6.0e-01;mbc+20;*;0;*;*;0;*;190.141  ;39.736   ;
432;J0857-4424;lml+98;08:57:55.832;2.0e-03;psj+19;-44:24:10.65;2.0e-02;psj+19;*;0;*;*;0;*;265.457  ;0.822    ;
433;J0900-3144;bjd+06;09:00:43.953088;8.0e-06;dcl+16;-31:44:30.89520;1.3e-04;dcl+16;-1.01;5.0e-02;dcl+16;2.02;7.0e-02;dcl+16;256.162  ;9.486    ;
434;J0901-4624;mlc+01;09:01:40.12;3.0e-02;mlc+01;-46:24:48.5;5.0e-01;mlc+01;*;0;*;*;0;*;267.404  ;-0.004   ;
435;J0902-6325;mlt+78;09:02:32.4;1.0e-01;nmc81;-63:25:12.0;7.0e-01;nmc81;*;0;*;*;0;*;280.390  ;-11.082  ;
436;J0904-4246;mlt+78;09:04:59.083;9.0e-03;lbs+20;-42:46:13.4;1.0e-01;lbs+20;*;0;*;*;0;*;265.074  ;2.859    ;
437;J0904-7459;mlt+78;09:04:10.47;3.0e-02;lbs+20;-74:59:41.7;1.0e-01;lbs+20;*;0;*;*;0;*;289.738  ;-18.320  ;
438;J0905-4536;mld+96;09:05:23.90;5.0e-02;dsb+98;-45:36:53.0;5.0e-01;dsb+98;*;0;*;*;0;*;267.239  ;1.011    ;
439;J0905-5127;mld+96;09:05:51.96;2.0e-02;psj+19;-51:27:54.05;2.0e-02;psj+19;*;0;*;*;0;*;271.633  ;-2.854   ;
440;J0905-6019;bbb+12;09:05:15.245;5.0e-03;bbb+12;-60:19:22.06;3.0e-02;bbb+12;*;0;*;*;0;*;278.222  ;-8.816   ;
441;J0907-5157;mlt+78;09:07:15.901;3.0e-03;lbs+20;-51:57:59.36;2.0e-02;lbs+20;*;0;*;*;0;*;272.151  ;-3.031   ;
442;J0908-1739;mlt+78;09:08:38.1822;1.1e-03;hlk+04;-17:39:37.67;3.0e-02;hlk+04;27;1.1e+01;hla93;-40;1.1e+01;hla93;246.119  ;19.850   ;
443;J0908-4913;dmd+88;09:08:35.46;1.0e-02;lbs+20;-49:13:05.00;1.0e-02;lbs+20;-37;9.0e+00;ljd+21;+31;1.0e+01;ljd+21;270.265  ;-1.019   ;
444;J0909-7212;mlt+78;09:09:35.81;3.0e-02;lbs+20;-72:12:08.94;1.0e-02;lbs+20;*;0;*;*;0;*;287.728  ;-16.256  ;
445;J0910+77;th69;09:10;1.0e+01;th69;+77:28;5.0e+01;th69;*;0;*;*;0;*;135.325  ;33.704   ;
446;J0912-3851;bbj+11;09:12:42.70;2.0e-02;bbb+12;-38:51:03;1.0e+00;bbb+12;*;0;*;*;0;*;263.165  ;6.584    ;
447;J0919-42;bcm+16;09:19;4.0e+00;bcm+16;-42:00;4.0e+01;bcm+16;*;0;*;*;0;*;266.285  ;5.274    ;
448;J0919-6040;bbb+12;09:19:27.87;7.0e-02;bbb+12;-60:40:50.4;3.0e-01;bbb+12;*;0;*;*;0;*;279.687  ;-7.774   ;
449;J0921-5202;mlb+12;09:21:59.8785;7.0e-04;lkf+21;-52:02:38.47;1.0e-02;lkf+21;*;0;*;*;0;*;273.776  ;-1.447   ;
450;J0921+6254;dtws85;09:21:14.135;1.6e-02;hlk+04;+62:54:13.91;1.4e-01;hlk+04;*;0;*;*;0;*;151.431  ;40.725   ;
451;J0922+0638;mlt+78;09:22:14.022;4.0e-03;hlk+04;+06:38:23.30;1.7e-01;hlk+04;18.8;9.0e-01;bfg+03;86.4;7.0e-01;bfg+03;225.420  ;36.392   ;
452;J0922-4949;mlc+01;09:22:14.961;1.3e-02;mlc+01;-49:49:12.08;8.0e-02;mlc+01;*;0;*;*;0;*;272.237  ;0.160    ;
453;J0923-31;bb10;09:23:58;5.0e+01;bb10;-31:57;1.5e+01;bb10;*;0;*;*;0;*;259.697  ;13.003   ;
454;J0924-5302;mlt+78;09:24:08.722;4.0e-03;lbs+20;-53:02:42.6;3.0e-01;lbs+20;*;0;*;*;0;*;274.712  ;-1.930   ;
455;J0924-5814;mlt+78;09:24:30.82;1.0e-02;lbs+20;-58:14:05.10;1.0e-02;lbs+20;*;0;*;*;0;*;278.394  ;-5.595   ;
456;J0925+6103;mzl+23;09:25:17.5451;2.0e-04;mzl+23;+61:03:04.104;4.0e-03;mzl+23;*;0;*;*;0;*;153.506  ;41.833   ;
457;J0927+2345;rtj+96;09:27:45.26;5.0e-02;bfrs18;+23:45:10.7;1.2e+00;bfrs18;*;0;*;*;0;*;205.286  ;44.202   ;
458;J0928+06;dsm+13;09:28:44;3.0e+01;dsm+13;+06:14;8.0e+00;dsm+13;*;0;*;*;0;*;226.854  ;37.601   ;
459;J0928+30;ttol16;09:29:00;1.2e+01;scb+19;+30:38;3.0e+00;scb+19;*;0;*;*;0;*;195.838  ;45.915   ;
460;J0930-2301;kmk+18;09:30:02.82;8.0e-02;kmk+18;-23:01:45;1.0e+00;kmk+18;*;0;*;*;0;*;253.932  ;20.138   ;
461;J0931-1902;abb+15;09:31:19.117146;9.8e-06;aab+21a;-19:02:55.0278;2.1e-04;aab+21a;-2.47;1.0e-01;*;-4.31;1.4e-01;*;250.999  ;23.054   ;
462;J0932-3217;ebvb01;09:32:39.15;6.0e-02;ebvb01;-32:17:14.2;8.0e-01;ebvb01;*;0;*;*;0;*;261.277  ;14.069   ;
463;J0932-5327;lfl+06;09:32:22.86;1.4e-01;lfl+06;-53:27:11.0;1.6e+00;lfl+06;*;0;*;*;0;*;275.885  ;-1.375   ;
464;J0934-4154;ebvb01;09:34:58.20;3.0e-02;ebvb01;-41:54:19.5;3.0e-01;ebvb01;*;0;*;*;0;*;268.361  ;7.411    ;
465;J0934-5249;mlt+78;09:34:28.237;5.0e-03;lbs+20;-52:49:27.30;5.0e-02;lbs+20;*;0;*;*;0;*;275.690  ;-0.700   ;
466;J0935+33;ttk+17;09:35:06;1.2e+01;scb+19;+33:11;3.0e+00;scb+19;*;0;*;*;0;*;192.376  ;47.511   ;
467;J0940-5428;mlc+01;09:40:58.22;4.0e-02;mlc+01;-54:28:40.6;3.0e-01;mlc+01;*;0;*;*;0;*;277.510  ;-1.292   ;
468;J0941-39;bb10;09:41:38;4.6e+01;bb10;-39:41;1.5e+01;bb10;*;0;*;*;0;*;267.795  ;9.904    ;
469;J0941-5244;mld+96;09:41:41.147;6.0e-03;dsb+98;-52:44:04.48;5.0e-02;dsb+98;*;0;*;*;0;*;276.446  ;0.092    ;
470;J0942-5552;wvl69;09:42:14.88;6.0e-02;lbs+20;-55:52:55.1;5.0e-01;lbs+20;*;0;*;*;0;*;278.569  ;-2.232   ;
471;J0942-5657;mlt+78;09:42:54.424;9.0e-03;jbv+19;-56:57:43.21;6.0e-02;jbv+19;-12;7.0e+00;jbv+19;12;3.0e+00;jbv+19;279.345  ;-2.990   ;
472;J0943+1631;mlt+78;09:43:30.10;1.5e-01;hlk+04;+16:31:37;6.0e+00;hlk+04;23;1.6e+01;hla93;9;1.1e+01;hla93;216.609  ;45.380   ;
473;J0943+2253;tdk+93;09:43:32.3975;1.0e-03;bfrs18;+22:53:05.66;4.0e-02;bfrs18;*;0;*;*;0;*;207.887  ;47.458   ;
474;J0944-1354;mlt+78;09:44:28.9559;1.1e-03;hlk+04;-13:54:41.63;3.0e-02;hlk+04;-1;3.2e+01;hla93;-22;1.4e+01;hla93;249.129  ;28.843   ;
475;J0944+4106;slr+14;09:44:18.138;4.2e-03;lsk+18;+41:06:04.55;1.0e-01;lsk+18;*;0;*;*;0;*;180.437  ;49.375   ;
476;J0945-4833;kbm+03;09:45:38.254;6.0e-03;kbm+03;-48:33:14.50;5.0e-02;kbm+03;*;0;*;*;0;*;274.199  ;3.674    ;
477;J0946+0951;vazs69;09:46:07.6;8.0e-01;hlk+04;+09:51:55;3.4e+01;hlk+04;-38;1.9e+01;las82;-21;1.2e+01;las82;225.413  ;43.126   ;
478;J0947+2740;rtj+96;09:47:21.287;1.8e-02;bfrs18;+27:40:43.5;2.0e-01;bfrs18;*;0;*;*;0;*;201.142  ;49.384   ;
479;J0949-6902;bbb+12;09:49:20.567;6.0e-03;bbb+12;-69:02:41.60;3.0e-02;bbb+12;*;0;*;*;0;*;287.826  ;-11.702  ;
480;J0951-71;mbc+19;09:51:24;0;mbc+19;-71:19:01;0;mbc+19;*;0;*;*;0;*;289.469  ;-13.321  ;
481;J0952-0607;bph+17;09:52:08.32141;5.0e-05;ncb+19;-06:07:23.490;2.0e-03;ncb+19;*;0;*;*;0;*;243.652  ;35.380   ;
482;J0952-3839;mlt+78;09:52:17.2;1.0e-01;nmc81;-38:39:10.2;9.0e-01;nmc81;*;0;*;*;0;*;268.702  ;12.033   ;
483;J0953+0755;phbc68;09:53:09.3097;1.9e-03;hlk+04;+07:55:35.75;8.0e-02;hlk+04;-2.09;8.0e-02;bbgt02;29.46;7.0e-02;bbgt02;228.908  ;43.697   ;
484;J0954-5430;mlc+01;09:54:06.046;5.0e-03;psj+19;-54:30:52.82;4.0e-02;psj+19;*;0;*;*;0;*;278.998  ;-0.101   ;
485;J0955-5304;mlt+78;09:55:29.461;1.0e-03;lbs+20;-53:04:16.64;1.0e-02;lbs+20;*;0;*;*;0;*;278.264  ;1.159    ;
486;J0955-6150;ckr+15;09:55:12;0;aab+22;-61:50;0;aab+22;*;0;*;*;0;*;283.668  ;-5.744   ;
487;J0957-06;kkl+15;09:57;2.0e+00;kkl+15;-06:17;3.6e+01;kkl+15;*;0;*;*;0;*;244.762  ;36.201   ;
488;J0957-5432;mlc+01;09:57:56.01;3.0e-02;mlc+01;-54:32:03.9;5.0e-01;mlc+01;*;0;*;*;0;*;279.448  ;0.227    ;
489;J0959-4809;mlt+78;09:59:26.212;6.0e-03;lbs+20;-48:09:47.47;7.0e-02;lbs+20;*;0;*;*;0;*;275.742  ;5.418    ;
490;J1000+08;mbc+19;10:00:38;0;mbc+19;+08:19:58;0;mbc+19;*;0;*;*;0;*;229.732  ;45.498   ;
491;J1000-5149;kbm+03;10:00:28.141;6.0e-03;kbm+03;-51:49:58.12;7.0e-02;kbm+03;*;0;*;*;0;*;278.107  ;2.603    ;
492;J1001-5507;wvl69;10:01:37.85;5.0e-02;lbs+20;-55:07:07.8;5.0e-01;lbs+20;*;0;*;*;0;*;280.226  ;0.084    ;
493;J1001-5559;mlc+01;10:01:08.60;3.0e-02;mlc+01;-55:59:00.2;3.0e-01;mlc+01;*;0;*;*;0;*;280.691  ;-0.648   ;
494;J1001-5939;lfl+06;10:01:32.23;1.4e-01;lfl+06;-59:39:17.8;7.0e-01;lfl+06;*;0;*;*;0;*;282.945  ;-3.548   ;
495;J1002-5559;mlc+01;10:02:57.9;3.0e-01;mlc+01;-55:59:37;5.0e+00;mlc+01;*;0;*;*;0;*;280.901  ;-0.503   ;
496;J1002-5919;ncb+15;10:02:20.50;5.0e-02;ncb+15;-59:19:37.2;6.0e-01;ncb+15;*;0;*;*;0;*;282.829  ;-3.224   ;
497;J1003-4747;mlt+78;10:03:21.529;1.0e-03;lbs+20;-47:47:01.190;2.0e-03;lbs+20;*;0;*;*;0;*;276.037  ;6.117    ;
498;J1005+30;ttm+18;10:05:30;4.0e+01;ttm+18;+30:15;1.5e+01;ttm+18;*;0;*;*;0;*;197.937  ;53.673   ;
499;J1006-6311;lml+98;10:06:36.60;2.0e-02;dsb+98;-63:11:41.2;2.0e-01;dsb+98;*;0;*;*;0;*;285.550  ;-6.029   ;
500;J1010+15;dsm+13;10:10:00;3.1e+01;dsm+13;+15:51;8.0e+00;dsm+13;*;0;*;*;0;*;221.258  ;50.980   ;
501;J1012-2337;mlt+78;10:12:33.72;3.2e-02;hlk+04;-23:38:22.4;5.8e-01;hlk+04;*;0;*;*;0;*;262.131  ;26.377   ;
502;J1012-4235;ckr+15;10:12:12.941;3.0e-03;aab+22;-42:35:53.44;4.0e-02;aab+22;*;0;*;*;0;*;274.218  ;11.225   ;
503;J1012+5307;nll+95;10:12:33.438448;1.1e-05;aab+21a;+53:07:02.26348;1.3e-04;aab+21a;2.64;3.2e-02;*;-25.54;3.8e-02;*;160.347  ;50.858   ;
504;J1012-5830;kbm+03;10:12:54.9;1.0e-01;kbm+03;-58:30:25.6;8.0e-01;kbm+03;*;0;*;*;0;*;283.459  ;-1.762   ;
505;J1012-5857;jlm+92;10:12:48.470;5.0e-03;lbs+20;-58:57:48.50;3.0e-02;lbs+20;*;0;*;*;0;*;283.707  ;-2.146   ;
506;J1013-5934;kbm+03;10:13:31.848;2.0e-03;lbs+20;-59:34:26.63;1.0e-02;lbs+20;*;0;*;*;0;*;284.130  ;-2.596   ;
507;J1014-48;bbj+11;10:14:18;4.2e+01;bbj+11;-48:49:42;4.2e+02;bbj+11;*;0;*;*;0;*;278.136  ;6.330    ;
508;J1015-5719;kbm+03;10:15:37.96;4.0e-02;kbm+03;-57:19:12.8;2.0e-01;kbm+03;*;0;*;*;0;*;283.088  ;-0.578   ;
509;J1016-5345;mlt+78;10:16:31.135;4.0e-03;lbs+20;-53:45:14.26;3.0e-02;lbs+20;*;0;*;*;0;*;281.201  ;2.450    ;
510;J1016-5819;mlc+01;10:16:12.071;2.0e-03;psj+19;-58:19:01.07;1.6e-01;psj+19;*;0;*;*;0;*;283.708  ;-1.363   ;
511;J1016-5857;cbm+01;10:16:21.16;1.0e-02;hfs+04;-58:57:12.1;1.0e-01;hfs+04;*;0;*;*;0;*;284.079  ;-1.880   ;
512;J1017+3011;scb+19;10:17:36.29;3.0e-02;tbc+20;+30:11:46.1;4.0e-01;tbc+20;*;0;*;*;0;*;198.432  ;56.273   ;
513;J1017-5621;mlt+78;10:17:12.831;3.0e-03;jbv+19;-56:21:30.52;3.0e-02;jbv+19;*;0;*;*;0;*;282.732  ;0.341    ;
514;J1017-7156;kjb+12;10:17:51.320769;5.5e-06;rsc+21;-71:56:41.61508;2.7e-05;rsc+21;-7.410;1.2e-02;*;6.871;1.1e-02;*;291.558  ;-12.553  ;
515;J1018-1523;mss+20;10:18;0.0e+00;mss+20;-15;0.0e+00;mss+20;*;0;*;*;0;*;256.775  ;33.785   ;
516;J1018-1642;dtws85;10:18:40.36;2.2e-02;hlk+04;-16:42:10.1;4.7e-01;hlk+04;*;0;*;*;0;*;258.261  ;32.610   ;
517;J1019-5749;kbm+03;10:19:52.14;4.0e-02;kbm+03;-57:49:05.9;5.0e-01;kbm+03;*;0;*;*;0;*;283.837  ;-0.679   ;
518;J1020-5921;kbm+03;10:20:14.03;8.0e-02;kbm+03;-59:21:34;1.0e+00;kbm+03;*;0;*;*;0;*;284.719  ;-1.944   ;
519;J1020-6026;lfl+06;10:20:11.41;1.9e-01;psj+19;-60:26:06.3;1.2e+00;psj+19;*;0;*;*;0;*;285.302  ;-2.848   ;
520;J1021-5601;hfs+04;10:21:24.82;1.5e-01;hfs+04;-56:01:50.9;1.1e+00;hfs+04;*;0;*;*;0;*;283.041  ;0.935    ;
521;J1022+1001;cnst96;10:22:57.9944;8.8e-04;rsc+21;+10:01:52.68;3.4e-02;rsc+21;-16;2.9e+00;*;2;7.5e+00;*;231.795  ;51.101   ;
522;J1022-5813;kbm+03;10:22:28.1;2.0e-01;kbm+03;-58:13:30;4.0e+00;kbm+03;*;0;*;*;0;*;284.347  ;-0.834   ;
523;J1023+0038;asr+09;10:23:47.68720;3.0e-05;dab+12;+00:38:40.8455;5.0e-04;dab+12;4.76;3.0e-02;dab+12;-17.34;4.0e-02;dab+12;243.490  ;45.782   ;
524;J1023-5746;sdz+10;10:23:02.9;5.0e-01;sdz+10;-57:46:05;2.0e+00;sdz+10;*;0;*;*;0;*;284.166  ;-0.407   ;
525;J1024-0719;bjb+97;10:24:38.671370;3.5e-06;rsc+21;-07:19:19.51217;1.0e-04;rsc+21;-35.278;1.4e-02;*;-48.23;2.8e-02;*;251.702  ;40.515   ;
526;J1028-5819;kjk+08;10:28:28.0;1.0e-01;kjk+08;-58:19:05.2;1.5e+00;kjk+08;*;0;*;*;0;*;285.065  ;-0.496   ;
527;J1031-6117;kbm+03;10:31:02.24;7.0e-02;kbm+03;-61:17:50.6;3.0e-01;kbm+03;*;0;*;*;0;*;286.880  ;-2.881   ;
528;J1032-5206;hfs+04;10:32:27.69;7.0e-02;hfs+04;-52:06:08.5;6.0e-01;hfs+04;*;0;*;*;0;*;282.354  ;5.128    ;
529;J1032-5911;mlt+78;10:32:04.876;1.0e-03;lbs+20;-59:11:54.8;1.0e-01;lbs+20;*;0;*;*;0;*;285.920  ;-1.010   ;
530;J1034-3224;mld+96;10:34:19.51;2.3e-02;hlk+04;-32:24:26.0;3.2e-01;hlk+04;*;0;*;*;0;*;272.050  ;22.117   ;
531;J1035-6345;kbm+03;10:35:03.08;1.0e-02;kbm+03;-63:45:18.41;6.0e-02;kbm+03;*;0;*;*;0;*;288.528  ;-4.765   ;
532;J1035-6720;cpw+18;10:35:27.478;1.0e-03;cpw+18;-67:20:12.692;6.0e-03;cpw+18;-12;3.0e+00;cpw+18;1;3.0e+00;cpw+18;290.371  ;-7.843   ;
533;J1036-4926;mld+96;10:36:13.121;7.0e-03;lbs+20;-49:26:21.2;1.0e-01;lbs+20;*;0;*;*;0;*;281.519  ;7.727    ;
534;J1036-6559;bbb+12;10:36:20.04;2.0e-02;bbb+12;-65:59:09.27;6.0e-02;bbb+12;*;0;*;*;0;*;289.766  ;-6.630   ;
535;J1036-8317;ckr+15;10:36:40.561;3.0e-03;aab+22;-83:17:56.02;4.0e-02;aab+22;*;0;*;*;0;*;298.943  ;-21.497  ;
536;J1038+0032;bjd+06;10:38:26.933;9.0e-03;bjd+06;+00:32:43.6;3.0e-01;bjd+06;*;0;*;*;0;*;247.152  ;48.471   ;
537;J1038-5831;jlm+92;10:38:19.70;1.0e-02;jml+95;-58:31:27.18;8.0e-02;jml+95;*;0;*;*;0;*;286.284  ;-0.023   ;
538;J1041-1942;mlt+78;10:41:36.196;5.0e-03;hlk+04;-19:42:13.61;1.1e-01;hlk+04;-1;3.0e+00;bfg+03;14;5.0e+00;bfg+03;265.591  ;33.590   ;
539;J1042-5521;mlt+78;10:42:00.4853;9.0e-04;lbs+20;-55:21:05.793;6.0e-03;lbs+20;*;0;*;*;0;*;285.192  ;2.998    ;
540;J1043-6116;kbm+03;10:43:55.261;2.0e-03;psj+19;-61:16:50.76;2.0e-02;psj+19;*;0;*;*;0;*;288.221  ;-2.106   ;
541;J1044-5737;sdz+10;10:44:32.8;1.0e-01;sdz+10;-57:37:19.3;8.0e-01;sdz+10;*;0;*;*;0;*;286.574  ;1.163    ;
542;J1045-0436;mss+20;10:45;0.0e+00;mss+20;-04;0.0e+00;mss+20;*;0;*;*;0;*;253.616  ;46.410   ;
543;J1045-4509;bhl+94;10:45:50.184806;1.1e-05;rsc+21;-45:09:54.10425;1.3e-04;rsc+21;-6.09;2.4e-02;*;5.18;2.7e-02;*;280.851  ;12.254   ;
544;J1046+0304;bjd+06;10:46:43.23;6.0e-02;bjd+06;+03:04:06.9;2.0e+00;bjd+06;*;0;*;*;0;*;246.412  ;51.697   ;
545;J1046-5813;mlt+78;10:46:18.81;2.0e-02;jbv+19;-58:13:52.0;1.0e-01;jbv+19;*;0;*;*;0;*;287.065  ;0.733    ;
546;J1047-3032;lml+98;10:47:00.813;1.4e-02;hlk+04;-30:32:18.0;2.3e-01;hlk+04;*;0;*;*;0;*;273.495  ;25.127   ;
547;J1047-6709;lml+98;10:47:28.282;2.0e-03;dsb+98;-67:09:51.066;9.0e-03;dsb+98;*;0;*;*;0;*;291.314  ;-7.132   ;
548;J1048+2339;cck+16;10:48:43.418354;7.6e-05;drc+21;+23:39:53.4043;2.0e-03;drc+21;-18.7;3.0e+00;qyb+15;-9.4;7.0e-01;qyb+15;213.172  ;62.139   ;
549;J1048+5349;dcm+23;10:48:06.46;5.0e-02;dcm+23;+53:49:51.9;3.0e-01;dcm+23;*;0;*;*;0;*;154.756  ;54.996   ;
550;J1048-5832;jlm+92;10:48:13.05;2.0e-02;jbv+19;-58:32:06.2;1.0e-01;jbv+19;*;0;*;*;0;*;287.427  ;0.577    ;
551;J1048-5838;kle+10;10:48:12.561;1.4e-02;jcs+17;-58:38:19.02;1.0e-01;jcs+17;*;0;*;*;0;*;287.473  ;0.485    ;
552;J1049+5822;sbo+22;10:49:37.90;8.0e-02;sbo+22;+58:22:17.1;9.0e-01;sbo+22;*;0;*;*;0;*;148.656  ;52.241   ;
553;J1049-5833;mlc+01;10:49:50.34;9.0e-02;mlc+01;-58:33:44.6;1.5e+00;mlc+01;*;0;*;*;0;*;287.628  ;0.649    ;
554;J1050-5953;scs86;10:50:07.12;5.0e-02;ics+02;-59:53:21.4;7.0e-01;ics+02;*;0;*;*;0;*;288.256  ;-0.520   ;
555;J1052-5954;kbm+03;10:52:38.11;7.0e-02;kbm+03;-59:54:44.1;5.0e-01;kbm+03;*;0;*;*;0;*;288.549  ;-0.400   ;
556;J1052-6348;hfs+04;10:52:53.39;6.0e-02;hfs+04;-63:48:16.6;3.0e-01;hfs+04;*;0;*;*;0;*;290.294  ;-3.881   ;
557;J1054-5943;kbm+03;10:54:57.75;4.0e-02;kbm+03;-59:43:14.1;5.0e-01;kbm+03;*;0;*;*;0;*;288.729  ;-0.100   ;
558;J1054-5946;bbb+12;10:54:30.46;1.0e-02;bbb+12;-59:46:31.0;1.0e-01;bbb+12;*;0;*;*;0;*;288.701  ;-0.174   ;
559;J1054-6452;hfs+04;10:54:08.84;1.6e-01;hfs+04;-64:52:37.5;8.0e-01;hfs+04;*;0;*;*;0;*;290.889  ;-4.784   ;
560;J1055-6022;hfs+04;10:55:48.5;4.0e-01;hfs+04;-60:22:52;3.0e+00;hfs+04;*;0;*;*;0;*;289.109  ;-0.650   ;
561;J1055-6028;kel+09;10:55:39.19;2.0e-02;kel+09;-60:28:37.5;2.0e-01;kel+09;*;0;*;*;0;*;289.133  ;-0.745   ;
562;J1055-6236;kbm+03;10:55:54.61;7.0e-02;kbm+03;-62:36:48.3;4.0e-01;kbm+03;*;0;*;*;0;*;290.081  ;-2.660   ;
563;J1055-6905;ebvb01;10:55:44.71;9.0e-02;ebvb01;-69:05:11.4;4.0e-01;ebvb01;*;0;*;*;0;*;292.879  ;-8.504   ;
564;J1056-5709;mlc+01;10:56:43.79;1.2e-01;mlc+01;-57:09:34.5;1.2e+00;mlc+01;*;0;*;*;0;*;287.835  ;2.311    ;
565;J1056-6258;mlt+78;10:56:25.584;3.0e-03;jbv+19;-62:58:47.69;2.0e-02;jbv+19;*;0;*;*;0;*;290.292  ;-2.966   ;
566;J1056-7117;nbb+14;10:56:45.980;4.0e-03;nbb+14;-71:17:53.394;1.4e-02;nbb+14;*;0;*;*;0;*;293.933  ;-10.458  ;
567;J1057-4754;ebvb01;10:57:53.138;7.0e-03;jbo+09;-47:54:57.60;9.0e-02;jbo+09;*;0;*;*;0;*;284.007  ;10.739   ;
568;J1057-5226;vl72;10:57:59.045;2.0e-03;jbv+19;-52:26:56.33;2.0e-02;jbv+19;42;5.0e+00;mpk10;-3;5.0e+00;mpk10;285.984  ;6.649    ;
569;J1057-5851;cwp+17;10:57:09.5;2.0e-01;cwp+17;-58:51:07;2.0e+00;cwp+17;*;0;*;*;0;*;288.609  ;0.805    ;
570;J1057-7914;mlt+78;10:57:27.7;1.0e-01;lbs+20;-79:14:23.6;3.0e-01;lbs+20;*;0;*;*;0;*;297.571  ;-17.574  ;
571;J1058-5957;kbm+03;10:58:34.25;3.0e-02;kbm+03;-59:57:36.4;3.0e-01;kbm+03;*;0;*;*;0;*;289.241  ;-0.123   ;
572;J1059-5742;mlt+78;10:59:00.8886;4.0e-04;lbs+20;-57:42:14.55;3.0e-02;lbs+20;*;0;*;*;0;*;288.345  ;1.948    ;
573;J1059+6459;slr+14;10:59:27.5;2.9e-01;lsk+18;+64:59:32;1.9e+00;lsk+18;*;0;*;*;0;*;140.251  ;48.198   ;
574;J1101-6101;htg+14;11:01:44.96;9.0e-02;tbr+12;-61:01:39.6;7.0e-01;tbr+12;*;0;*;*;0;*;290.040  ;-0.932   ;
575;J1101-6424;ncb+15;11:01:37.1923;5.0e-04;ncb+15;-64:24:39.332;2.0e-03;ncb+15;*;0;*;*;0;*;291.417  ;-4.023   ;
576;J1102+02;trr+21;11:02;0;wvumsp21;+02;0;wvumsp21;*;0;*;*;0;*;252.063  ;53.694   ;
577;J1103-5403;kjr+11;11:03:33.294;3.0e-03;kjr+11;-54:03:43.245;1.6e-02;kjr+11;*;0;*;*;0;*;287.421  ;5.529    ;
578;J1103-6025;kbm+03;11:03:31.48;2.0e-02;kbm+03;-60:25:36.39;9.0e-02;kbm+03;*;0;*;*;0;*;289.994  ;-0.294   ;
579;J1104-6103;kmj+96;11:04:17.262;1.1e-02;kmj+96;-61:03:03.88;8.0e-02;kmj+96;*;0;*;*;0;*;290.331  ;-0.828   ;
580;J1105+02;dcm+23;11:05:32.0;2.0e-01;dcm+23;+02:28:50.74;0.0e+00;dcm+23;*;0;*;*;0;*;252.592  ;54.650   ;
581;J1105-4353;bbb+12;11:05:24.84;1.1e-01;bsb+19;-43:53:05;3.0e+00;bsb+19;*;0;*;*;0;*;283.486  ;14.947   ;
582;J1105-6037;cwp+17;11:05:00.48;4.0e-02;cwp+17;-60:37:16.3;3.0e-01;cwp+17;*;0;*;*;0;*;290.239  ;-0.399   ;
583;J1105-6107;kbm+97;11:05:26.14;1.0e-02;jbv+19;-61:07:48.94;7.0e-02;jbv+19;*;0;*;*;0;*;290.489  ;-0.846   ;
584;J1106-6438;hfs+04;11:06:28.44;1.4e-01;hfs+04;-64:39:00.0;6.0e-01;hfs+04;*;0;*;*;0;*;291.992  ;-4.031   ;
585;J1107-5907;lfl+06;11:07:34.46;4.0e-02;lfl+06;-59:07:18.7;3.0e-01;lfl+06;*;0;*;*;0;*;289.944  ;1.106    ;
586;J1107-5947;mlt+78;11:07:58.7;3.0e-01;nmc81;-59:47:04;3.0e+00;nmc81;*;0;*;*;0;*;290.249  ;0.515    ;
587;J1107-6143;kbm+03;11:07:12.3;2.0e-01;kbm+03;-61:43:59;3.0e+00;kbm+03;*;0;*;*;0;*;290.921  ;-1.316   ;
588;J1110-5637;jlm+92;11:10:00.3712;6.0e-04;lbs+20;-56:37:32.57;4.0e-02;lbs+20;*;0;*;*;0;*;289.279  ;3.533    ;
589;J1110+58;slr+14;11:11;3.0e+00;slr+14;+58:52;1.8e+01;slr+14;*;0;*;*;0;*;144.740  ;53.801   ;
590;J1111-6039;aab+22;11:11:48.6;0;aab+22;-60:39:26;0;aab+22;*;0;*;*;0;*;291.022  ;-0.110   ;
591;J1112-6103;mlc+01;11:12:14.81;4.0e-02;mlc+01;-61:03:31.1;6.0e-01;mlc+01;*;0;*;*;0;*;291.221  ;-0.462   ;
592;J1112-6613;mlt+78;11:12:38.414;4.0e-03;lbs+20;-66:13:04.663;2.0e-03;lbs+20;*;0;*;*;0;*;293.190  ;-5.233   ;
593;J1112-6926;mlt+78;11:12:50.78;1.0e-02;lbs+20;-69:26:32.33;6.0e-02;lbs+20;*;0;*;*;0;*;294.423  ;-8.216   ;
594;J1114-6100;jlm+92;11:14:22.69;5.0e-02;lbs+20;-61:00:32.1;3.0e-01;lbs+20;*;0;*;*;0;*;291.443  ;-0.321   ;
595;J1115-0956;sfj+20;11:15:27.361;5.0e-03;sfj+20;-09:56:53.1;2.0e-01;sfj+20;*;0;*;*;0;*;267.553  ;46.226   ;
596;J1115+5030;fss73;11:15:38.400;5.0e-03;hlk+04;+50:30:12.29;5.0e-02;hlk+04;22;3.0e+00;hla93;-51;3.0e+00;hla93;154.408  ;60.365   ;
597;J1115-6052;mlc+01;11:15:53.722;4.0e-03;psj+19;-60:52:18.61;3.0e-02;psj+19;*;0;*;*;0;*;291.565  ;-0.126   ;
598;J1116-2444;kmk+18;11:16:23.26;3.0e-02;kmk+18;-24:44:56.1;5.0e-01;kmk+18;*;0;*;*;0;*;276.971  ;33.287   ;
599;J1116-4122;mlt+78;11:16:43.086;1.0e-02;bfg+03;-41:22:43.96;1.0e-01;bfg+03;-1;5.0e+00;bfg+03;7;2.0e+01;bfg+03;284.451  ;18.069   ;
600;J1117-6154;kbm+03;11:17:23.81;9.0e-02;kbm+03;-61:54:22;1.0e+00;kbm+03;*;0;*;*;0;*;292.102  ;-1.028   ;
601;J1117-6447;kbm+03;11:17:45.0;4.0e-01;kbm+03;-64:47:58;2.0e+00;kbm+03;*;0;*;*;0;*;293.167  ;-3.719   ;
602;J1119-6127;ckl+00;11:19:14.30;2.0e-02;ckl+00;-61:27:49.5;2.0e-01;ckl+00;*;0;*;*;0;*;292.151  ;-0.537   ;
603;J1119-7936;mlt+78;11:19:40.8;3.0e-01;nmc81;-79:36:30.3;8.0e-01;nmc81;*;0;*;*;0;*;298.705  ;-17.498  ;
604;J1120-24;mss+20;11:20;0.0e+00;mss+20;-24;0.0e+00;mss+20;*;0;*;*;0;*;277.486  ;34.314   ;
605;J1120-3618;rb13;11:20:23.3580;7.0e-04;brf+22;-36:19:40.468;7.0e-03;brf+22;*;0;*;*;0;*;283.136  ;23.019   ;
606;J1121-5444;mlt+78;11:21:19.09;1.0e-02;jbv+19;-54:44:05.1;1.0e-01;jbv+19;-17;6.0e+00;jbv+19;18;6.0e+00;jbv+19;290.082  ;5.873    ;
607;J1122-3546;mss+20;11:22;0;mss+20;-35:46;0;mss+20;*;0;*;*;0;*;283.238  ;23.661   ;
608;J1123-4844;lml+98;11:23:15.651;2.0e-03;dsb+98;-48:44:22.75;4.0e-02;dsb+98;*;0;*;*;0;*;288.295  ;11.610   ;
609;J1123-6102;mlc+01;11:23:41.70;6.0e-02;mlc+01;-61:02:06.2;3.0e-01;mlc+01;*;0;*;*;0;*;292.509  ;0.049    ;
610;J1123-6259;lml+98;11:23:55.53;1.0e-02;lbs+20;-62:59:10.92;8.0e-02;lbs+20;*;0;*;*;0;*;293.183  ;-1.783   ;
611;J1123-6651;lml+98;11:23:52.210;5.0e-03;dsb+98;-66:51:49.07;2.0e-02;dsb+98;*;0;*;*;0;*;294.469  ;-5.442   ;
612;J1124-3653;hrm+11;11:24:01.116;3.0e-03;aab+22;-36:53:19.10;4.0e-02;aab+22;*;0;*;*;0;*;284.094  ;22.765   ;
613;J1124-5638;kbm+03;11:24:56.47;6.0e-02;kbm+03;-56:38:39.7;5.0e-01;kbm+03;*;0;*;*;0;*;291.209  ;4.246    ;
614;J1124-5916;cmg+02;11:24:39.0;1.0e-01;rkp+11;-59:16:19;1.0e+00;rkp+11;-16.8;5.2e+00;lppg22;-12.0;3.2e+00;lppg22;292.038  ;1.752    ;
615;J1124-6421;kbm+03;11:24:59.5;1.0e-01;kbm+03;-64:21:17;1.0e+00;kbm+03;*;0;*;*;0;*;293.747  ;-3.036   ;
616;J1125-5825;kjv+10;11:25:44.36564;5.0e-05;nbb+14;-58:25:16.8798;4.0e-04;nbb+14;-10.0;3.0e-01;nbb+14;2.4;3.0e-01;nbb+14;291.893  ;2.602    ;
617;J1125-6014;fsk+04;11:25:55.229631;6.9e-06;rsc+21;-60:14:06.69545;5.2e-05;rsc+21;11.106;1.4e-02;*;-13.038;1.4e-02;*;292.504  ;0.894    ;
618;J1125+7819;slr+14;11:25:59.85664;6.7e-05;aab+21a;+78:19:48.71546;1.8e-04;aab+21a;27.34;1.9e-01;*;-2.07;1.7e-01;*;128.289  ;37.895   ;
619;J1126-2737;kkl+15;11:26:02;0.0e+00;mss+20;-27:37:11;0.0e+00;mss+20;*;0;*;*;0;*;280.691  ;31.537   ;
620;J1126-38;kbj+18;11:26:18;3.0e+01;kbj+18;-38:38;7.0e+00;kbj+18;*;0;*;*;0;*;285.214  ;21.292   ;
621;J1126-6054;jlm+92;11:26:52.608;1.1e-02;jml+95;-60:54:39.96;7.0e-02;jml+95;*;0;*;*;0;*;292.834  ;0.292    ;
622;J1126-6942;lml+98;11:26:21.66;4.0e-02;lbs+20;-69:42:15.8;1.0e-01;lbs+20;*;0;*;*;0;*;295.631  ;-8.048   ;
623;J1128-6219;kbm+03;11:28:46.7;2.0e-01;kbm+03;-62:19:09;2.0e+00;kbm+03;*;0;*;*;0;*;293.495  ;-0.972   ;
624;J1129-53;bb10;11:29:21;3.6e+01;bb10;-53:31;1.5e+01;bb10;*;0;*;*;0;*;290.798  ;7.410    ;
625;J1130+09;dcm+23;11:30:55.0;5.0e-01;dcm+23;+09:20:48.55;0;dcm+23;*;0;*;*;0;*;252.227  ;63.972   ;
626;J1130-5826;kbm+03;11:30:16.33;3.0e-02;kbm+03;-58:26:02.3;3.0e-01;kbm+03;*;0;*;*;0;*;292.460  ;2.778    ;
627;J1130-5925;mlc+01;11:30:10.44;1.0e-01;mlc+01;-59:25:34.1;7.0e-01;mlc+01;*;0;*;*;0;*;292.755  ;1.830    ;
628;J1130-6807;lml+98;11:30:31.913;3.0e-03;dsb+98;-68:07:28.52;2.0e-02;dsb+98;*;0;*;*;0;*;295.484  ;-6.431   ;
629;J1132+25;ttm18;11:32:50;3.0e+01;ttm18;+25:15;1.5e+01;ttm18;*;0;*;*;0;*;214.581  ;72.285   ;
630;J1132-4700;bbb+12;11:32:14.52;3.0e-02;bsb+19;-47:00:36.5;3.0e-01;bsb+19;*;0;*;*;0;*;289.177  ;13.736   ;
631;J1132-5627;kbm+03;11:32:15.74;4.0e-02;kbm+03;-56:27:28.9;7.0e-01;kbm+03;*;0;*;*;0;*;292.110  ;4.741    ;
632;J1133-6250;jlm+92;11:33:51.45;7.0e-02;jml+95;-62:50:50.6;4.0e-01;jml+95;*;0;*;*;0;*;294.213  ;-1.296   ;
633;J1135-49;bbj+11;11:35:56;4.2e+01;bbj+11;-49:25:31;4.2e+02;bbj+11;*;0;*;*;0;*;290.526  ;11.619   ;
634;J1135-6055;sbd+11;11:35:08.375;3.0e-03;aab+22;-60:55:36.48;4.0e-02;aab+22;*;0;*;*;0;*;293.794  ;0.584    ;
635;J1136+1551;phbc68;11:36:03.1198;1.0e-04;dgb+19;+15:51:14.183;1.0e-03;dgb+19;-73.774;2.0e-02;dgb+19;366.58;6.0e-02;dgb+19;241.895  ;69.196   ;
636;J1136-5525;mlt+78;11:36:02.16;2.0e-02;jbv+19;-55:25:06.9;2.0e-01;jbv+19;10;1.7e+01;jbv+19;43;9.0e+00;jbv+19;292.308  ;5.890    ;
637;J1136-6527;ccb+20;11:36:25.22;7.0e-02;ccb+20;-65:27:19.5;3.0e-01;ccb+20;*;0;*;*;0;*;295.241  ;-3.710   ;
638;J1137-6700;lml+98;11:37:32.089;1.0e-02;dsb+98;-67:00:33.01;8.0e-02;dsb+98;*;0;*;*;0;*;295.793  ;-5.167   ;
639;J1137+7528;san16;11:37:02.0573;4.0e-04;san16;+75:28:02.3111;5.0e-04;san16;*;0;*;*;0;*;128.999  ;40.772   ;
640;J1138-6207;mlc+01;11:38:21.62;3.0e-02;mlc+01;-62:07:59.3;3.0e-01;mlc+01;*;0;*;*;0;*;294.506  ;-0.463   ;
641;J1139-6247;nie+20;11:39:17.1;0;aab+22;-62:47:25;0;aab+22;*;0;*;*;0;*;294.791  ;-1.065   ;
642;J1141-3107;mld+96;11:41:25.629;1.0e-02;dsb+98;-31:07:52.6;2.0e-01;dsb+98;*;0;*;*;0;*;285.746  ;29.393   ;
643;J1141-3322;lml+98;11:41:42.756;2.0e-03;lbs+20;-33:22:37.31;5.0e-02;lbs+20;*;0;*;*;0;*;286.586  ;27.272   ;
644;J1141-6545;klm+00a;11:41:07.0140;2.0e-04;bbv08;-65:45:19.1131;1.5e-03;bbv08;2.9;1.0e+00;rch+19;1.8;6.0e-01;rch+19;295.791  ;-3.863   ;
645;J1142+0119;san16;11:42:50.145;3.0e-03;san16;+01:19:35.69;9.0e-02;san16;-41;2.9e+01;san16;-97;6.6e+01;san16;267.542  ;59.400   ;
646;J1142-6230;mlc+01;11:42:52.5;3.0e-01;mlc+01;-62:30:03.9;1.0e+00;mlc+01;*;0;*;*;0;*;295.110  ;-0.675   ;
647;J1143-5158;mld+96;11:43:15.065;5.0e-03;dsb+98;-51:58:39.89;5.0e-02;dsb+98;*;0;*;*;0;*;292.383  ;9.492    ;
648;J1143-5536;bbb+12;11:43:09.79;2.0e-02;bbb+12;-55:36:04.5;1.0e-01;bbb+12;*;0;*;*;0;*;293.334  ;5.993    ;
649;J1144-6146;mlc+01;11:44:34.8;3.0e-01;mlc+01;-61:46:49;3.0e+00;mlc+01;*;0;*;*;0;*;295.116  ;0.073    ;
650;J1144-6217;mlc+01;11:44:02.11;5.0e-02;mlc+01;-62:17:30.3;4.0e-01;mlc+01;*;0;*;*;0;*;295.186  ;-0.438   ;
651;J1146-6030;mlt+78;11:46:07.7152;1.0e-04;lbs+20;-60:30:59.622;9.0e-03;lbs+20;*;0;*;*;0;*;294.977  ;1.343    ;
652;J1146-6610;mlb+12;11:46:58.3731;7.0e-04;lkf+21;-66:10:51.358;3.0e-03;lkf+21;*;0;*;*;0;*;296.479  ;-4.120   ;
653;J1148-5725;lfl+06;11:48:28.53;1.9e-01;lfl+06;-57:25:12.6;1.7e+00;lfl+06;*;0;*;*;0;*;294.507  ;4.418    ;
654;J1148-6415;kbm+03;11:48:37.8;5.0e-01;kbm+03;-64:15:33;3.0e+00;kbm+03;*;0;*;*;0;*;296.177  ;-2.214   ;
655;J1151-6108;ncb+15;11:51:56.86;2.0e-02;ncb+15;-61:08:17.6;3.0e-01;ncb+15;*;0;*;*;0;*;295.814  ;0.909    ;
656;J1152-5800;hfs+04;11:52:10.0;4.0e-01;hfs+04;-58:00:34;4.0e+00;hfs+04;*;0;*;*;0;*;295.126  ;3.961    ;
657;J1152-6012;kbm+03;11:52:53.8;1.0e-01;kbm+03;-60:12:21;1.0e+00;kbm+03;*;0;*;*;0;*;295.716  ;1.843    ;
658;J1153-2117;kkl+15;11:52:58;0.0e+00;mss+20;-21:17:53;0.0e+00;mss+20;*;0;*;*;0;*;285.177  ;39.549   ;
659;J1154-19;mss+20;11:54;0.0e+00;mss+20;-19;0.0e+00;mss+20;*;0;*;*;0;*;284.593  ;41.817   ;
660;J1154-6250;kbm+03;11:54:20.1;1.0e-01;kbm+03;-62:50:02.7;7.0e-01;kbm+03;*;0;*;*;0;*;296.467  ;-0.681   ;
661;J1156-1318;mss+20;11:56:42;0.0e+00;mss+20;-13:18:22;0.0e+00;mss+20;*;0;*;*;0;*;283.032  ;47.440   ;
662;J1156-5707;hfs+04;11:56:07.45;7.0e-02;psj+19;-57:07:02.1;6.0e-01;psj+19;*;0;*;*;0;*;295.448  ;4.949    ;
663;J1156-5909;lml+98;11:56:21.5;1.0e-01;dsb+98;-59:09:12.3;3.0e-01;dsb+98;*;0;*;*;0;*;295.912  ;2.966    ;
664;J1157-5112;eb01;11:57:08.166;1.0e-03;eb01b;-51:12:56.14;3.0e-02;eb01b;*;0;*;*;0;*;294.325  ;10.746   ;
665;J1157-6224;lvw69b;11:57:15.207;5.0e-03;jbv+19;-62:24:50.93;5.0e-02;jbv+19;*;0;*;*;0;*;296.705  ;-0.199   ;
666;J1159-6409;kbm+03;11:59:21.7;1.0e-01;kbm+03;-64:09:57;1.0e+00;kbm+03;*;0;*;*;0;*;297.295  ;-1.865   ;
667;J1159-7910;lml+98;11:59:35.71;8.0e-02;dsb+98;-79:10:05.6;3.0e-01;dsb+98;*;0;*;*;0;*;300.412  ;-16.551  ;
668;J1201-6306;kbm+03;12:01:23.01;1.0e-02;kbm+03;-63:06:59.5;8.0e-01;kbm+03;*;0;*;*;0;*;297.309  ;-0.793   ;
669;J1202-5820;mlt+78;12:02:28.325;5.0e-03;jbv+19;-58:20:33.64;5.0e-02;jbv+19;-14;4.0e+00;jbv+19;1;5.0e+00;jbv+19;296.528  ;3.919    ;
670;J1203-6242;nie+20;12:03:55.3;0;aab+22;-62:42:44;0;aab+22;*;0;*;*;0;*;297.517  ;-0.341   ;
671;J1204-6843;ebvb01;12:04:36.72;1.0e-02;ebvb01;-68:43:17.19;8.0e-02;ebvb01;*;0;*;*;0;*;298.684  ;-6.237   ;
672;J1207-4508;sfj+20;12:07:19.26;2.0e-02;sfj+20;-45:08:09.1;4.0e-01;sfj+20;*;0;*;*;0;*;294.817  ;17.040   ;
673;J1207-5050;brj+21;12:07:22.40392;7.0e-05;brj+21;-50:50:38.680;1.0e-03;brj+21;6.9;4.0e-01;brj+21;1.4;5.0e-01;brj+21;295.861  ;11.422   ;
674;J1208-6238;cpw+16;12:08:13.96;6.0e-02;cpw+16;-62:38:03.3;4.0e-01;cpw+16;*;0;*;*;0;*;297.990  ;-0.178   ;
675;J1210-5226;zpst00;12:10:00.91;7.0e-02;gh07;-52:26:28.4;6.0e-01;gh07;*;0;*;*;0;*;296.545  ;9.916    ;
676;J1210-5559;mld+96;12:10:05.98706;2.0e-05;lbs+20;-55:59:03.8501;2.0e-04;lbs+20;*;0;*;*;0;*;297.136  ;6.421    ;
677;J1210-6322;ccb+20;12:10:46.78;1.0e-01;ccb+20;-63:22:20.9;6.0e-01;ccb+20;*;0;*;*;0;*;298.395  ;-0.859   ;
678;J1210-6550;hfs+04;12:10:42.0;3.0e-01;hfs+04;-65:50:04.6;1.9e+00;hfs+04;*;0;*;*;0;*;298.774  ;-3.292   ;
679;J1211-6324;kbm+03;12:11:24.18;7.0e-02;kbm+03;-63:24:45.2;5.0e-01;kbm+03;*;0;*;*;0;*;298.470  ;-0.888   ;
680;J1214-5830;kbm+03;12:14:08.42;2.0e-02;kbm+03;-58:30:25.9;1.0e-01;kbm+03;*;0;*;*;0;*;298.065  ;4.012    ;
681;J1215-5328;ebvb01;12:15:00.62;7.0e-02;ebvb01;-53:28:31.6;7.0e-01;ebvb01;*;0;*;*;0;*;297.459  ;9.009    ;
682;J1216-50;bbj+11;12:16:20;4.4e+01;bbj+11;-50:27:01;4.2e+02;bbj+11;*;0;*;*;0;*;297.231  ;12.032   ;
683;J1216-6223;mlc+01;12:16:41.96;1.3e-01;psj+19;-62:23:57.00;9.0e-02;psj+19;*;0;*;*;0;*;298.920  ;0.202    ;
684;J1216-6410;fsk+04;12:16:07.3396;9.0e-04;lfl+06;-64:10:09.226;8.0e-03;lfl+06;*;0;*;*;0;*;299.096  ;-1.561   ;
685;J1220-6318;mlc+01;12:20:17.86;1.3e-01;mlc+01;-63:18:46.5;1.0e+00;mlc+01;*;0;*;*;0;*;299.444  ;-0.652   ;
686;J1221-0633;mss+20;12:21:24.8;0;aab+22;-06:33:51;0;aab+22;*;0;*;*;0;*;289.675  ;55.533   ;
687;J1222-5738;kbm+03;12:22:52.3;3.0e-01;kbm+03;-57:38:20;1.0e+00;kbm+03;*;0;*;*;0;*;299.102  ;5.020    ;
688;J1223-5856;ccb+20;12:23:40.14;3.0e-02;ccb+20;-58:56:48.9;2.0e-01;ccb+20;*;0;*;*;0;*;299.350  ;3.732    ;
689;J1224-6208;mlc+01;12:24:44.25;8.0e-02;mlc+01;-62:08:41.1;7.0e-01;mlc+01;*;0;*;*;0;*;299.818  ;0.565    ;
690;J1224-6407;kac+73;12:24:22.254;6.0e-03;psj+19;-64:07:53.87;4.0e-02;psj+19;20;4.0e+00;jbv+19;2;2.0e+00;jbv+19;299.984  ;-1.415   ;
691;J1225-5556;mld+96;12:25:43.827;4.0e-03;dsb+98;-55:56:43.14;4.0e-02;dsb+98;*;0;*;*;0;*;299.313  ;6.746    ;
692;J1225-6035;kbm+03;12:25:28.63;5.0e-02;kbm+03;-60:35:37.6;3.0e-01;kbm+03;*;0;*;*;0;*;299.748  ;2.117    ;
693;J1225-6408;mlt+78;12:25:42.8;2.0e-01;nmc81;-64:08:43;1.0e+00;nmc81;*;0;*;*;0;*;300.131  ;-1.414   ;
694;J1226+0005;scb+19;12:26:14.4;2.0e-01;mbc+20;+00:05:44;7.0e+00;mbc+20;*;0;*;*;0;*;289.280  ;62.298   ;
695;J1226-3223;bb10;12:26:46.628;4.0e-02;jcs+17;-32:23:01;1.0e+00;jcs+17;*;0;*;*;0;*;296.908  ;30.200   ;
696;J1227-4853;rrb+15;12:27:58.724;1.0e-03;rrb+15;-48:53:42.741;3.0e-03;rrb+15;-18.73;2.0e-01;jkc+18;7.39;1.1e-01;jkc+18;298.965  ;13.796   ;
697;J1227-6208;mic13;12:27:00.4413;4.0e-04;btb+15;-62:08:43.789;3.0e-03;btb+15;*;0;*;*;0;*;300.082  ;0.591    ;
698;J1227-63;ncb+15;12:27:12;3.0e+01;ncb+15;-63:09;7.0e+00;ncb+15;*;0;*;*;0;*;300.199  ;-0.407   ;
699;J1231-1411;rrc+11;12:31:11.3132;7.0e-04;rrc+11;-14:11:43.63;2.0e-02;rrc+11;-62.03;2.6e-01;gsl+16;6.2;5.0e-01;gsl+16;295.531  ;48.385   ;
700;J1231-4609;jbo+09;12:31:45.76;1.4e-01;jbo+09;-46:09:45.2;3.0e-01;jbo+09;*;0;*;*;0;*;299.379  ;16.573   ;
701;J1231-5113;nie+20;12:31:35.7;0;aab+22;-51:13:35;0;aab+22;*;0;*;*;0;*;299.764  ;11.523   ;
702;J1231-6303;kbm+03;12:31:13.0;1.0e-01;lbs+20;-63:03:18;1.0e+00;lbs+20;*;0;*;*;0;*;300.644  ;-0.273   ;
703;J1231-6511;nie+20;12:31:43.9;0;aab+22;-65:11:48;0;aab+22;*;0;*;*;0;*;300.865  ;-2.404   ;
704;J1232-4742;ebvb01;12:32:19.1;2.0e-01;jbo+09;-47:42:50.9;1.5e+00;jbo+09;*;0;*;*;0;*;299.604  ;15.034   ;
705;J1232-6501;clm+01;12:32:17.840;6.0e-03;clm+01;-65:01:03.33;4.0e-02;clm+01;*;0;*;*;0;*;300.911  ;-2.221   ;
706;J1233-6312;kbm+03;12:33:31.5;9.0e-01;kbm+03;-63:12:29;5.0e+00;kbm+03;*;0;*;*;0;*;300.915  ;-0.406   ;
707;J1233-6344;kbm+03;12:33:39.9;1.0e-01;kbm+03;-63:44:55;1.0e+00;kbm+03;*;0;*;*;0;*;300.968  ;-0.945   ;
708;J1234-3630;kmk+18;12:34:12.00;2.0e-02;kmk+18;-36:30:41.1;1.0e-01;kmk+18;*;0;*;*;0;*;299.071  ;26.231   ;
709;J1235-54;mlt+78;12:35:19;3.0e+00;mlt+78;-54:57;5.0e+00;ebvb01;*;0;*;*;0;*;300.597  ;7.849    ;
710;J1235-6354;kbm+03;12:35:57.72;8.0e-02;kbm+03;-63:54:30.4;4.0e-01;kbm+03;*;0;*;*;0;*;301.231  ;-1.088   ;
711;J1236-0159;scb+19;12:36:02.5;6.0e-01;mbc+20;-01:59:10;2.0e+01;mbc+20;*;0;*;*;0;*;295.065  ;60.650   ;
712;J1236-5033;ebvb01;12:36:59.15;1.0e-02;ebvb01;-50:33:36.3;1.0e-01;ebvb01;*;0;*;*;0;*;300.584  ;12.246   ;
713;J1237-6725;kbm+03;12:37:25.9;1.0e-01;kbm+03;-67:25:33.9;6.0e-01;kbm+03;*;0;*;*;0;*;301.584  ;-4.591   ;
714;J1238+2152;rtj+96;12:38:23.17;7.8e-02;hlk+04;+21:52:11.1;1.4e+00;hlk+04;*;0;*;*;0;*;272.789  ;83.962   ;
715;J1239+2453;lan69;12:39:40.4614;1.2e-03;hlk+04;+24:53:49.29;2.0e-02;hlk+04;-104.5;1.1e+00;bfg+03;49.4;1.4e+00;bfg+03;252.450  ;86.541   ;
716;J1239+32;mss+20;12:39;0.0e+00;mss+20;+32;0.0e+00;mss+20;*;0;*;*;0;*;151.215  ;84.429   ;
717;J1239-48;brs+19;12:39;0;brs+19;-48:00;0;brs+19;*;0;*;*;0;*;300.780  ;14.820   ;
718;J1239-6832;mlt+78;12:39:58.96;2.0e-02;lbs+20;-68:32:28.94;9.0e-02;lbs+20;*;0;*;*;0;*;301.879  ;-5.693   ;
719;J1240-4124;mlt+78;12:40:17.61;4.0e-02;nmc81;-41:24:51.7;7.0e-01;nmc81;*;0;*;*;0;*;300.688  ;21.409   ;
720;J1242+39;ttol16;12:42:34;4.0e+01;ttol16;+39:38;1.0e+01;ttol16;*;0;*;*;0;*;130.760  ;77.360   ;
721;J1243+17;ttk+17;12:43:00;0;ttk+17;+17:52;0;ttk+17;*;0;*;*;0;*;290.630  ;80.536   ;
722;J1243-5735;kbm+03;12:43:35.38;7.0e-02;kbm+03;-57:35:42.8;5.0e-01;kbm+03;*;0;*;*;0;*;301.876  ;5.260    ;
723;J1243-6423;lvw69a;12:43:17.101;1.0e-03;jbv+19;-64:23:23.73;1.0e-02;jbv+19;*;0;*;*;0;*;302.051  ;-1.532   ;
724;J1244-1812;sfj+20;12:44:25.78;5.0e-02;sfj+20;-18:12:16.2;9.0e-01;sfj+20;*;0;*;*;0;*;300.593  ;44.635   ;
725;J1244-5053;ebvb01;12:44:11.48;1.0e-02;ebvb01;-50:53:20.6;1.0e-01;ebvb01;*;0;*;*;0;*;301.764  ;11.966   ;
726;J1244-6359;ncb+15;12:44:47.693;1.8e-02;ncb+15;-63:59:47.4;3.0e-01;ncb+15;*;0;*;*;0;*;302.204  ;-1.134   ;
727;J1244-6531;kel+09;12:44:38.3;2.0e-01;kel+09;-65:31:12;2.0e+00;kel+09;*;0;*;*;0;*;302.227  ;-2.658   ;
728;J1245-6238;mlc+01;12:45:21.12;1.4e-01;mlc+01;-62:38:55.9;8.0e-01;mlc+01;*;0;*;*;0;*;302.233  ;0.215    ;
729;J1246+2253;tdk+93;12:46:49.363;5.0e-03;bfrs18;+22:53:43.27;8.0e-02;bfrs18;*;0;*;*;0;*;288.809  ;85.640   ;
730;J1248-6344;kbm+03;12:48:46.36;5.0e-02;kbm+03;-63:44:09.6;5.0e-01;kbm+03;*;0;*;*;0;*;302.637  ;-0.866   ;
731;J1248-6444;ncb+15;12:48:32.87;2.0e-02;ncb+15;-64:44:00.0;8.0e-01;ncb+15;*;0;*;*;0;*;302.623  ;-1.863   ;
732;J1249-6507;kbm+03;12:49:54.32;9.0e-02;kbm+03;-65:07:19.8;7.0e-01;kbm+03;*;0;*;*;0;*;302.771  ;-2.251   ;
733;J1251-7407;bbb+12;12:51:52.94;1.0e-02;bbb+12;-74:07:15.04;9.0e-02;bbb+12;*;0;*;*;0;*;302.963  ;-11.249  ;
734;J1252+53;gac+21;12:52;1.3e+01;gac+21;+53:42;1.7e+01;gac+21;*;0;*;*;0;*;122.746  ;63.428   ;
735;J1252-6314;mlc+01;12:52:42.62;1.1e-01;mlc+01;-63:14:32.7;6.0e-01;mlc+01;*;0;*;*;0;*;303.075  ;-0.371   ;
736;J1253-5820;mld+96;12:53:28.342;2.0e-03;dsb+98;-58:20:40.89;2.0e-02;dsb+98;24;2.0e+00;jbv+19;13;2.0e+00;jbv+19;303.200  ;4.526    ;
737;J1254-6150;kbm+03;12:54:32.48;6.0e-02;kbm+03;-61:50:50.8;3.0e-01;kbm+03;*;0;*;*;0;*;303.298  ;1.022    ;
738;J1255-46;bcm+16;12:55;4.0e+00;bcm+16;-46:00;4.0e+01;bcm+16;*;0;*;*;0;*;303.578  ;16.867   ;
739;J1255-6131;kbm+03;12:55:54.86;4.0e-02;kbm+03;-61:31:10.1;4.0e-01;kbm+03;*;0;*;*;0;*;303.466  ;1.348    ;
740;J1255-62;ncb+15;12:55:18;3.0e+01;ncb+15;-62:48;7.0e+00;ncb+15;*;0;*;*;0;*;303.373  ;0.068    ;
741;J1257-1027;dtws85;12:57:04.7625;2.0e-04;dgb+19;-10:27:05.551;2.0e-03;dgb+19;-7.15;1.2e-01;dgb+19;12.08;1.1e-01;dgb+19;305.205  ;52.395   ;
742;J1259-6741;mlt+78;12:59:22.64;1.0e-02;lbs+20;-67:41:40.27;6.0e-02;lbs+20;*;0;*;*;0;*;303.688  ;-4.834   ;
743;J1300+1240;wol90a;13:00:03.5767;1.0e-04;kw03;+12:40:56.4721;3.0e-04;kw03;45.50;5.0e-02;kw03;-84.70;7.0e-02;kw03;311.310  ;75.414   ;
744;J1300-6602;ccb+20;13:00:26.93;3.0e-02;ccb+20;-66:02:16.8;2.0e-01;ccb+20;*;0;*;*;0;*;303.848  ;-3.182   ;
745;J1301+0833;rap+12;13:01:38.26;0;lht14;+08:33:57.5;0;lht14;*;0;*;*;0;*;310.811  ;71.282   ;
746;J1301-6305;mlc+01;13:01:45.76;1.4e-01;mlc+01;-63:05:33.9;1.2e+00;mlc+01;*;0;*;*;0;*;304.100  ;-0.244   ;
747;J1301-6310;kbm+03;13:01:28.30;7.0e-02;kbm+03;-63:10:40.5;5.0e-01;kbm+03;*;0;*;*;0;*;304.064  ;-0.328   ;
748;J1302-3258;hrm+11;13:02:26;0;aab+22;-32:58:48;0;aab+22;*;0;*;*;0;*;305.590  ;29.835   ;
749;J1302-63;nj98;13:02:04;8.0e+00;nj98;-63:44:53;6.0e+01;nj98;*;0;*;*;0;*;304.107  ;-0.901   ;
750;J1302-6313;kbm+03;13:02:19.2;7.0e-01;kbm+03;-63:13:29;4.0e+00;kbm+03;*;0;*;*;0;*;304.157  ;-0.379   ;
751;J1302-6350;jlm+92;13:02:47.638337;1.2e-05;mds+18;-63:50:08.62859;8.0e-05;mds+18;-7.01;3.0e-02;mds+18;-0.53;3.0e-02;mds+18;304.184  ;-0.992   ;
752;J1303+38;scb+19;13:03:18;1.8e+01;scb+19;+38:13;3.0e+00;scb+19;*;0;*;*;0;*;111.027  ;78.636   ;
753;J1303-6305;mlc+01;13:03:00.02;2.3e-01;mlc+01;-63:05:00.8;1.5e+00;mlc+01;*;0;*;*;0;*;304.240  ;-0.241   ;
754;J1304+12;aab+22;13:04:27;0;aab+22;+12:02:28;0;aab+22;*;0;*;*;0;*;315.000  ;74.607   ;
755;J1305-6203;mlc+01;13:05:21.14;1.0e-01;psj+19;-62:03:21.07;8.0e-02;psj+19;*;0;*;*;0;*;304.561  ;0.772    ;
756;J1305-6256;mlc+01;13:05:28.0;4.0e-01;mlc+01;-62:56:39;3.0e+00;mlc+01;*;0;*;*;0;*;304.526  ;-0.116   ;
757;J1305-6455;mlt+78;13:05:23.47;2.0e-02;lbs+20;-64:55:28.5;1.0e-01;lbs+20;*;0;*;*;0;*;304.411  ;-2.093   ;
758;J1305-66;kek+13;13:05:36;3.0e+01;kek+13;-66:39;7.0e+00;kek+13;*;0;*;*;0;*;304.338  ;-3.817   ;
759;J1306-4035;kbj+18;13:06:56.30;2.0e-02;lin18;-40:35:23.3;2.0e-01;lin18;*;0;*;*;0;*;306.109  ;22.186   ;
760;J1306-6242;kbm+03;13:06:44.6;1.0e-01;kbm+03;-62:42:03;1.0e+00;kbm+03;*;0;*;*;0;*;304.686  ;0.119    ;
761;J1306-6617;jlm+92;13:06:38.12;1.0e-02;lbs+20;-66:17:21.2;1.0e-01;lbs+20;*;0;*;*;0;*;304.462  ;-3.463   ;
762;J1307-6318;mlc+01;13:07:54.7;6.0e-01;mlc+01;-63:18:35;4.0e+00;mlc+01;*;0;*;*;0;*;304.781  ;-0.497   ;
763;J1307-67;kkl+11;13:07:41;7.2e+01;bbj+11;-67:03:27;4.2e+02;bbj+11;*;0;*;*;0;*;304.518  ;-4.236   ;
764;J1308+2127;hhss02;13:08:48.27;1.0e-02;kkv02;+21:27:06.78;5.0e-02;kkv02;*;0;*;*;0;*;338.733  ;83.082   ;
765;J1308-23;mss+20;13:08;0.0e+00;mss+20;-23;0.0e+00;mss+20;*;0;*;*;0;*;307.888  ;39.712   ;
766;J1308-4650;jbo+09;13:08:44.589;1.9e-02;jbo+09;-46:50:29.7;4.0e-01;jbo+09;*;0;*;*;0;*;306.008  ;15.927   ;
767;J1308-5844;lfl+06;13:08:21.08;3.0e-02;lfl+06;-58:44:13.8;4.0e-01;lfl+06;*;0;*;*;0;*;305.130  ;4.062    ;
768;J1309-6415;mlc+01;13:09:16.6;7.0e-01;mlc+01;-64:15:59;5.0e+00;mlc+01;*;0;*;*;0;*;304.867  ;-1.462   ;
769;J1309-6526;kbm+03;13:09:00.29;8.0e-02;kbm+03;-65:26:16.6;5.0e-01;kbm+03;*;0;*;*;0;*;304.758  ;-2.628   ;
770;J1311-1228;dtws85;13:11:52.649;1.1e-02;hlk+04;-12:28:01.6;4.0e-01;hlk+04;*;0;*;*;0;*;310.723  ;50.095   ;
771;J1311-3430;pgf+12;13:11:45.7242;2.0e-04;pgf+12;-34:30:30.350;4.0e-03;pgf+12;*;0;*;*;0;*;307.681  ;28.176   ;
772;J1312+0051;san16;13:12:46.64232;9.0e-05;san16;+00:51:00.104;3.0e-03;san16;-22.35;6.6e-01;san16;-11.2;1.5e+00;san16;314.842  ;63.227   ;
773;J1312+1810A;kapw91;13:12:55.2;0.0e+00;har10a;+18:10:05;0.0e+00;har10a;-0.133;2.4e-02;vb21;-1.331;2.4e-02;vb21;332.962  ;79.764   ;
774;J1312+1810B;pqm+21;13:12:55.2;0.0e+00;har10a;+18:10:05;0.0e+00;har10a;-0.133;2.4e-02;vb21;-1.331;2.4e-02;vb21;332.962  ;79.764   ;
775;J1312+1810C;pqm+21;13:12:55.2;0.0e+00;har10a;+18:10:05;0.0e+00;har10a;-0.133;2.4e-02;vb21;-1.331;2.4e-02;vb21;332.962  ;79.764   ;
776;J1312+1810D;pqm+21;13:12:55.2;0.0e+00;har10a;+18:10:05;0.0e+00;har10a;-0.133;2.4e-02;vb21;-1.331;2.4e-02;vb21;332.962  ;79.764   ;
777;J1312-5402;mlt+78;13:12:04.708;2.0e-03;lbs+20;-54:02:42.5;2.0e-01;lbs+20;*;0;*;*;0;*;305.994  ;8.704    ;
778;J1312-5516;mlt+78;13:12:53.533;9.0e-03;lbs+20;-55:16:47.3;1.0e-01;lbs+20;*;0;*;*;0;*;306.010  ;7.464    ;
779;J1312-6400;mlc+01;13:12:07.16;1.0e-01;mlc+01;-64:00:55.6;9.0e-01;mlc+01;*;0;*;*;0;*;305.195  ;-1.235   ;
780;J1313+0931;lzb+00;13:13:23.0;1.0e-01;lzb+00;+09:31:56;1.0e+00;lzb+00;*;0;*;*;0;*;320.366  ;71.657   ;
781;J1314-6101;kbm+03;13:14:23.4;9.0e-01;kbm+03;-61:01:16;6.0e+00;kbm+03;*;0;*;*;0;*;305.710  ;1.727    ;
782;J1316-6232;cmk01;13:16:46.3;2.0e-01;cmk01;-62:32:12.2;5.0e-01;cmk01;*;0;*;*;0;*;305.848  ;0.191    ;
783;J1317-0157;mss+20;13:17;0.0e+00;mss+20;-01:57;0.0e+00;mss+20;*;0;*;*;0;*;315.897  ;60.277   ;
784;J1317-5759;mll+06;13:17:46.29;3.0e-02;mlk+09;-57:59:30.5;3.0e-01;mlk+09;*;0;*;*;0;*;306.428  ;4.701    ;
785;J1317-6302;mlc+01;13:17:44.69;7.0e-02;mlc+01;-63:02:52.2;6.0e-01;mlc+01;*;0;*;*;0;*;305.908  ;-0.328   ;
786;J1319-6056;jlm+92;13:19:20.250;7.0e-03;lbs+20;-60:56:46.79;6.0e-02;lbs+20;*;0;*;*;0;*;306.314  ;1.742    ;
787;J1319-6105;kbm+03;13:19:26.32;2.0e-02;kbm+03;-61:05:26.2;1.0e-01;kbm+03;*;0;*;*;0;*;306.311  ;1.597    ;
788;J1320-3512;mld+96;13:20:12.68;4.0e-02;dsb+98;-35:12:26.0;8.0e-01;dsb+98;*;0;*;*;0;*;309.543  ;27.295   ;
789;J1320-5359;mlt+78;13:20:53.921;3.0e-03;jbv+19;-53:59:05.00;4.0e-02;jbv+19;8;4.0e+00;jbv+19;49;4.0e+00;jbv+19;307.305  ;8.637    ;
790;J1320+67;slr+14;13:20;3.0e+00;slr+14;+67:30;1.8e+01;slr+14;*;0;*;*;0;*;118.741  ;49.395   ;
791;J1321-5922;kel+09;13:21:39.56;5.0e-02;kel+09;-59:22:52.1;7.0e-01;kel+09;*;0;*;*;0;*;306.778  ;3.265    ;
792;J1321+8323;dbtb82;13:21:45.6315;7.0e-04;dgb+19;+83:23:39.432;1.0e-03;dgb+19;-52.66;9.0e-02;dgb+19;32.45;1.3e-01;dgb+19;121.887  ;33.672   ;
793;J1322-62;kek+13;13:22:54;3.0e+01;kek+13;-62:51;7.0e+00;kek+13;*;0;*;*;0;*;306.512  ;-0.197   ;
794;J1322-6241;mlc+01;13:22:32.15;1.2e-01;mlc+01;-62:41:53.5;8.0e-01;mlc+01;*;0;*;*;0;*;306.489  ;-0.041   ;
795;J1322-6329;kbm+03;13:22:18.0;2.0e-01;kbm+03;-63:29:37;2.0e+00;kbm+03;*;0;*;*;0;*;306.367  ;-0.828   ;
796;J1324-6146;kbm+03;13:24:43.9;5.0e-01;kbm+03;-61:46:00;3.0e+00;kbm+03;*;0;*;*;0;*;306.859  ;0.851    ;
797;J1324-6302;kbm+03;13:24:13.65;7.0e-02;kbm+03;-63:02:21.1;6.0e-01;kbm+03;*;0;*;*;0;*;306.638  ;-0.404   ;
798;J1325-6253;sbs+22;13:25:04.8907;2.0e-04;sbs+22;-62:53:39.594;2.0e-03;sbs+22;*;0;*;*;0;*;306.753  ;-0.272   ;
799;J1326+33;ttm18;13:26:42;5.0e+01;ttm18;+33:46;2.0e+01;ttm18;*;0;*;*;0;*;76.238   ;79.917   ;
800;J1326-4728A;djk+20;13:26:39.670;3.0e-03;djk+20;-47:30:11.64;1.0e-02;djk+20;-3.250;2.2e-02;vb21;-6.746;2.2e-02;vb21;309.077  ;14.948   ;
801;J1326-4728B;djk+20;13:26:49.563;6.0e-03;djk+20;-47:29:24.62;2.0e-02;djk+20;-3.250;2.2e-02;vb21;-6.746;2.2e-02;vb21;309.107  ;14.957   ;
802;J1326-4728C;djk+20;13:26:44;0;djk+20;-47:30;0;djk+20;-3.250;2.2e-02;vb21;-6.746;2.2e-02;vb21;309.090  ;14.949   ;
803;J1326-4728D;djk+20;13:26:44;0;djk+20;-47:30;0;djk+20;-3.250;2.2e-02;vb21;-6.746;2.2e-02;vb21;309.090  ;14.949   ;
804;J1326-4728E;djk+20;13:26:44;0;djk+20;-47:30;0;djk+20;-3.250;2.2e-02;vb21;-6.746;2.2e-02;vb21;309.090  ;14.949   ;
805;J1326-5859;mlt+78;13:26:58.217;5.0e-03;jbv+19;-58:59:29.29;5.0e-02;jbv+19;*;0;*;*;0;*;307.504  ;3.565    ;
806;J1326-6408;mlt+78;13:26:32.433;2.0e-03;lbs+20;-64:08:43.80;1.0e-02;lbs+20;*;0;*;*;0;*;306.748  ;-1.534   ;
807;J1326-6700;mlt+78;13:26:02.73;2.0e-02;jbv+19;-67:00:49.2;2.0e-01;jbv+19;*;0;*;*;0;*;306.310  ;-4.369   ;
808;J1327-0755;blr+13;13:27:57.5880;1.2e-03;blr+13;-07:55:29.80;4.0e-02;blr+13;27;1.8e+01;blr+13;95;4.8e+01;blr+13;318.383  ;53.848   ;
809;J1327-6222;kac+73;13:27:17.176;9.0e-03;jbv+19;-62:22:45.46;6.0e-02;jbv+19;*;0;*;*;0;*;307.074  ;0.204    ;
810;J1327-6301;jlm+92;13:27:07.4320;3.0e-04;lbs+20;-63:01:15.51;2.0e-02;lbs+20;*;0;*;*;0;*;306.966  ;-0.429   ;
811;J1327-6400;mlc+01;13:27:10.27;1.1e-01;mlc+01;-64:00:13.1;6.0e-01;mlc+01;*;0;*;*;0;*;306.836  ;-1.403   ;
812;J1328-4357;mlt+78;13:28:06.432;1.0e-02;bfg+03;-43:57:44.12;1.0e-01;bfg+03;3;7.0e+00;bfg+03;54;2.3e+01;bfg+03;309.874  ;18.415   ;
813;J1328-4921;mlt+78;13:28:33.58;4.0e-02;nmc81;-49:21:33.4;7.0e-01;nmc81;*;0;*;*;0;*;309.122  ;13.066   ;
814;J1329+13;ttm+18;13:29:00;1.2e+02;ttm+18;+13:44;2.0e+01;ttm+18;*;0;*;*;0;*;338.007  ;73.989   ;
815;J1329-6158;kbm+03;13:29:03.3;6.0e-01;kbm+03;-61:58:59;6.0e+00;kbm+03;*;0;*;*;0;*;307.334  ;0.567    ;
816;J1331-5245;kjv+10;13:31:00.01;4.0e-02;bbb+12;-52:45:25.4;5.0e-01;bbb+12;*;0;*;*;0;*;308.985  ;9.649    ;
817;J1332-03;kkl+15;13:32;2.0e+00;kkl+15;-03:26;3.6e+01;kkl+15;*;0;*;*;0;*;322.250  ;57.909   ;
818;J1332-3032;lml+98;13:32:52.48;6.6e-02;hlk+04;-30:32:17.3;1.7e+00;hlk+04;*;0;*;*;0;*;313.396  ;31.490   ;
819;J1333-4449;jbo+09;13:33:44.829;5.0e-03;jbo+09;-44:49:26.22;1.0e-01;jbo+09;*;0;*;*;0;*;310.774  ;17.403   ;
820;J1334+10;scb+19;13:34:30;1.2e+01;scb+19;+10:05;3.0e+00;scb+19;*;0;*;*;0;*;335.745  ;70.162   ;
821;J1334-5839;mld+96;13:34:30.1091;9.0e-04;dsb+98;-58:39:16.545;8.0e-03;dsb+98;*;0;*;*;0;*;308.520  ;3.749    ;
822;J1335-3642;mld+96;13:35:36;2.0e+01;mld+96;-36:42;4.0e+00;mld+96;*;0;*;*;0;*;312.713  ;25.332   ;
823;J1335-5656;nie+20;13:35:05.4;0;aab+22;-56:56:01;0;aab+22;*;0;*;*;0;*;308.888  ;5.433    ;
824;J1336-2522;kmk+18;13:36:20.84;2.0e-02;kmk+18;-25:22:01.6;5.0e-01;kmk+18;*;0;*;*;0;*;315.557  ;36.401   ;
825;J1336+33;ttm+18;13:36:00;1.2e+02;ttm+18;+33:46;1.5e+01;ttm+18;*;0;*;*;0;*;70.319   ;78.337   ;
826;J1337-4441;kbj+18;13:37:27.749;1.0e-02;sfj+20;-44:41:42.3;2.0e-01;sfj+20;*;0;*;*;0;*;311.478  ;17.412   ;
827;J1337-6306;hfs+04;13:37:20.35;5.0e-02;hfs+04;-63:06:23.3;3.0e-01;hfs+04;*;0;*;*;0;*;308.095  ;-0.696   ;
828;J1337-6423;kjb+12;13:37:31.883;2.0e-03;nbb+14;-64:23:04.915;9.0e-03;nbb+14;-6;6.0e+00;nbb+14;-7;5.0e+00;nbb+14;307.889  ;-1.958   ;
829;J1338-6204;jlm+92;13:38:09.247;7.0e-03;lbs+20;-62:04:18.7;5.0e-01;lbs+20;*;0;*;*;0;*;308.372  ;0.305    ;
830;J1339-4712;jbo+09;13:39:56.5886;1.8e-03;jbo+09;-47:12:05.52;3.0e-02;jbo+09;*;0;*;*;0;*;311.424  ;14.869   ;
831;J1339-6618;kbm+03;13:39:56.6;2.0e-01;kbm+03;-66:18:07.8;7.0e-01;kbm+03;*;0;*;*;0;*;307.786  ;-3.889   ;
832;J1340-6456;mlt+78;13:40:00.32;5.0e-02;nmc81;-64:56:42.9;3.0e-01;nmc81;*;0;*;*;0;*;308.047  ;-2.557   ;
833;J1341-6023;mlc+01;13:41:07.37;3.0e-02;mlc+01;-60:23:34.7;5.0e-01;mlc+01;*;0;*;*;0;*;309.035  ;1.889    ;
834;J1341-6220;mdt85;13:41:42.63;8.0e-02;wmp+00;-62:20:20.7;5.0e-01;wmp+00;*;0;*;*;0;*;308.730  ;-0.035   ;
835;J1342+2822A;hrs+07;13:42:00.67;0.0e+00;pqm+21;+28:22:31.4;0.0e+00;pqm+21;-0.152;2.3e-02;vb21;-2.670;2.2e-02;vb21;42.219   ;78.747   ;
836;J1342+2822B;hrs+07;13:42:11.0871;1.0e-04;hrs+07;+28:22:40.141;2.0e-03;hrs+07;-0.152;2.3e-02;vb21;-2.670;2.2e-02;vb21;42.220   ;78.709   ;
837;J1342+2822C;hrs+07;13:42:11.6;0;har10a;+28:22:38;0;har10a;-0.152;2.3e-02;vb21;-2.670;2.2e-02;vb21;42.217   ;78.707   ;
838;J1342+2822D;hrs+07;13:42:10.2;7.0e-01;hrs+07;+28:22:36;1.6e+01;hrs+07;-0.152;2.3e-02;vb21;-2.670;2.2e-02;vb21;42.215   ;78.712   ;
839;J1342+2822E;pqm+21;13:42:11.6;0.0e+00;har10a;+28:22:38;0.0e+00;har10a;-0.152;2.3e-02;vb21;-2.670;2.2e-02;vb21;42.217   ;78.707   ;
840;J1342+2822F;pqm+21;13:42:11.6;0.0e+00;har10a;+28:22:38;0.0e+00;har10a;-0.152;2.3e-02;vb21;-2.670;2.2e-02;vb21;42.217   ;78.707   ;
841;J1343+6634;mhl+18;13:43:59.26;2.0e-02;mbc+20;+66:34:25.05;9.0e-02;mbc+20;*;0;*;*;0;*;114.896  ;49.727   ;
842;J1344-5855;ccb+20;13:44:53.05;3.0e-02;ccb+20;-58:55:24.77;1.8e-01;ccb+20;*;0;*;*;0;*;309.794  ;3.234    ;
843;J1344-6059;kbm+03;13:44:39.6;3.0e-01;kbm+03;-60:59:31;3.0e+00;kbm+03;*;0;*;*;0;*;309.341  ;1.216    ;
844;J1345-6115;mlc+01;13:45:44.43;1.9e-01;mlc+01;-61:15:30.6;1.6e+00;mlc+01;*;0;*;*;0;*;309.414  ;0.928    ;
845;J1346-4918;bbb+12;13:46:22.35;2.0e-02;bbb+12;-49:18:07.2;1.0e-01;bbb+12;*;0;*;*;0;*;312.059  ;12.594   ;
846;J1347-5947;mlc+01;13:47:19.38;4.0e-02;mlc+01;-59:47:39.8;5.0e-01;mlc+01;*;0;*;*;0;*;309.914  ;2.318    ;
847;J1348-6307;mlc+01;13:48:42.4;4.0e-01;mlc+01;-63:07:04;4.0e+00;mlc+01;*;0;*;*;0;*;309.353  ;-0.962   ;
848;J1349-6130;mlc+01;13:49:36.62;1.8e-01;psj+19;-61:30:17.12;1.5e-01;psj+19;*;0;*;*;0;*;309.813  ;0.587    ;
849;J1349-63;ncb+15;13:49:18;3.0e+01;ncb+15;-63:56;7.0e+00;ncb+15;*;0;*;*;0;*;309.237  ;-1.772   ;
850;J1350-5115;lml+98;13:50:16.159;2.0e-03;lbs+20;-51:15:24.56;3.0e-02;lbs+20;*;0;*;*;0;*;312.233  ;10.549   ;
851;J1350-6225;cwp+17;13:50:44.45;1.0e-02;cwp+17;-62:25:43.8;1.0e-01;cwp+17;*;0;*;*;0;*;309.734  ;-0.343   ;
852;J1352-6803;ebvb01;13:52:34.45;4.0e-02;ebvb01;-68:03:37.1;4.0e-01;ebvb01;*;0;*;*;0;*;308.614  ;-5.866   ;
853;J1354+2454;mss+20;13:54:04;0.0e+00;mss+20;+24:54:06;0.0e+00;mss+20;*;0;*;*;0;*;27.447   ;75.764   ;
854;J1354-6249;kbm+03;13:54:35;1.0e+00;kbm+03;-62:49:30;7.0e+00;kbm+03;*;0;*;*;0;*;310.070  ;-0.832   ;
855;J1355-5153;mlt+78;13:55:58.692;2.0e-03;lbs+20;-51:53:53.95;2.0e-02;lbs+20;*;0;*;*;0;*;312.951  ;9.713    ;
856;J1355-5747;lfl+06;13:55:36.95;1.5e-01;lfl+06;-57:47:15;3.0e+00;lfl+06;*;0;*;*;0;*;311.425  ;4.022    ;
857;J1355-5925;kbm+03;13:55:59.11;5.0e-02;kbm+03;-59:25:00.9;3.0e-01;kbm+03;*;0;*;*;0;*;311.069  ;2.431    ;
858;J1355-6206;kbm+03;13:55:21.34;6.0e-02;kbm+03;-62:06:20.1;5.0e-01;kbm+03;*;0;*;*;0;*;310.332  ;-0.156   ;
859;J1356-5521;mld+96;13:56:50.558;5.0e-03;dsb+98;-55:21:12.96;5.0e-02;dsb+98;*;0;*;*;0;*;312.199  ;6.337    ;
860;J1357-62;kac+73;13:57:25;4.0e+01;tml93;-62:28;5.0e+00;tml93;*;0;*;*;0;*;310.474  ;-0.565   ;
861;J1357-6429;lfl+06;13:57:02.43;2.0e-02;cml+04;-64:29:30.2;1.0e-01;cml+04;*;0;*;*;0;*;309.923  ;-2.514   ;
862;J1358-2533;mld+96;13:58:42;1.5e+01;mld+96;-25:33;3.0e+00;mld+96;*;0;*;*;0;*;321.485  ;34.887   ;
863;J1358-6025;nie+20;13:58:25.9;0;aab+22;-60:25:56;0;aab+22;*;0;*;*;0;*;311.109  ;1.372    ;
864;J1359-6038;mlt+78;13:59:58.248;1.0e-03;jbv+19;-60:38:07.55;1.0e-02;jbv+19;*;0;*;*;0;*;311.239  ;1.126    ;
865;J1400-1431;rsm+13;14:00:37.00361;1.5e-04;skm+17;-14:31:47.045;6.1e-03;skm+17;17;2.1e+00;*;-55;5.6e+00;*;326.986  ;45.087   ;
866;J1400+21;ttm18;14:00:18;3.0e+01;ttm18;+21:27;1.5e+01;ttm18;*;0;*;*;0;*;16.752   ;73.332   ;
867;J1400-6325;rmg+10;14:00:45.69;1.0e-01;tcr+09;-63:25:42.6;7.0e-01;tcr+09;*;0;*;*;0;*;310.592  ;-1.593   ;
868;J1401-6357;mlt+78;14:01:52.45;1.0e-02;lbs+20;-63:57:42.0;1.0e-01;lbs+20;*;0;*;*;0;*;310.569  ;-2.139   ;
869;J1402+13;aab+22;14:03:00;0;aab+22;+13:09:12;0;aab+22;*;0;*;*;0;*;356.596  ;68.201   ;
870;J1402-5021;vl70;14:02:56.0;2.0e-01;lbs+20;-50:21:43;4.9e+01;lbs+20;*;0;*;*;0;*;314.434  ;10.906   ;
871;J1403-0314;mbc+19;14:03:41;0;mbc+19;-03:15:28;0;mbc+19;*;0;*;*;0;*;335.565  ;54.970   ;
872;J1403-6310;kbm+03;14:03:14.0;2.0e-01;kbm+03;-63:10:27;1.0e+00;kbm+03;*;0;*;*;0;*;310.928  ;-1.423   ;
873;J1403-7646;lml+98;14:03:04.1;2.0e-01;dsb+98;-76:46:57.5;6.0e-01;dsb+98;*;0;*;*;0;*;307.096  ;-14.494  ;
874;J1404+1159;cha03;14:04:36.987;8.0e-03;mbc+20;+11:59:16.0;2.0e-01;mbc+20;*;0;*;*;0;*;355.078  ;67.115   ;
875;J1405-4656;btb+15;14:05:21.4255;8.0e-04;btb+15;-46:56:02.31;1.0e-02;btb+15;-44;6.0e+00;btb+15;20;1.0e+01;btb+15;315.826  ;14.079   ;
876;J1405-5641;lfl+06;14:05:12.41;4.0e-02;lfl+06;-56:41:24.2;7.0e-01;lfl+06;*;0;*;*;0;*;312.971  ;4.737    ;
877;J1406-4233;kbj+18;14:06:04.79;3.0e-02;sfj+20;-42:33:20.6;3.0e-01;sfj+20;*;0;*;*;0;*;317.299  ;18.224   ;
878;J1406-5806;kbm+03;14:06:01.2;2.0e-01;kbm+03;-58:06:32;1.0e+00;kbm+03;*;0;*;*;0;*;312.673  ;3.345    ;
879;J1406-6121;mlc+01;14:06:50.04;6.0e-02;mlc+01;-61:21:27.9;6.0e-01;mlc+01;*;0;*;*;0;*;311.841  ;0.203    ;
880;J1407-6048;mlc+01;14:07:58.64;1.3e-01;mlc+01;-60:48:58.8;1.2e+00;mlc+01;*;0;*;*;0;*;312.130  ;0.681    ;
881;J1407-6153;mlc+01;14:07:56.5;5.0e-01;mlc+01;-61:53:59;6.0e+00;mlc+01;*;0;*;*;0;*;311.810  ;-0.354   ;
882;J1409-6953;bbb+12;14:09:16.9;1.0e-01;bbb+12;-69:53:34.4;5.0e-01;bbb+12;*;0;*;*;0;*;309.574  ;-8.031   ;
883;J1410-6132;ojk+08;14:10:23.591;3.0e-03;aab+22;-61:32:08.15;4.0e-02;aab+22;*;0;*;*;0;*;312.195  ;-0.092   ;
884;J1410-7404;eb01b;14:10:07.370;5.0e-03;eb01b;-74:04:53.32;2.0e-02;eb01b;*;0;*;*;0;*;308.349  ;-12.043  ;
885;J1411+2551;msf+17;14:11:18.866;3.0e-03;msf+17;+25:51:08.39;7.0e-02;msf+17;-3;1.2e+01;msf+17;-4;9.0e+00;msf+17;33.380   ;72.101   ;
886;J1412-6111;mlc+01;14:12:59.62;1.3e-01;mlc+01;-61:11:30.5;7.0e-01;mlc+01;*;0;*;*;0;*;312.597  ;0.140    ;
887;J1412-6145;mlc+01;14:12:07.63;1.0e-01;psj+19;-61:45:28.48;8.0e-02;psj+19;*;0;*;*;0;*;312.324  ;-0.366   ;
888;J1412+7922;zhi+11;14:12:55.867;3.8e-02;hg15;+79:22:03.895;7.6e-02;hg15;-40;3.0e+01;hg15;-56;2.1e+01;hg15;118.318  ;37.020   ;
889;J1413-6141;kbm+03;14:13:09.87;9.0e-02;kbm+03;-61:41:13;1.0e+00;kbm+03;*;0;*;*;0;*;312.462  ;-0.337   ;
890;J1413-6205;sdz+10;14:13:29.9;1.0e-01;sdz+10;-62:05:38;1.0e+00;sdz+10;*;0;*;*;0;*;312.373  ;-0.736   ;
891;J1413-6222;mlc+01;14:13:05.47;8.0e-02;mlc+01;-62:22:27.8;1.1e+00;mlc+01;*;0;*;*;0;*;312.241  ;-0.988   ;
892;J1413-6307;jlm+92;14:13:31.316;8.0e-03;jml+95;-63:07:35.45;7.0e-02;jml+95;*;0;*;*;0;*;312.053  ;-1.718   ;
893;J1414-6802;ebvb01;14:14:25.7;1.0e-01;ebvb01;-68:02:58;1.0e+00;ebvb01;*;0;*;*;0;*;310.590  ;-6.420   ;
894;J1415-6621;ebvb01;14:15:31.27;3.0e-02;hfs+04;-66:21:12.2;3.0e-01;hfs+04;*;0;*;*;0;*;311.234  ;-4.846   ;
895;J1416-5033;bbb+12;14:16:44.6;2.0e-01;bbb+12;-50:33:17;3.0e+00;bbb+12;*;0;*;*;0;*;316.504  ;10.055   ;
896;J1416-6037;mlc+01;14:16:30.59;1.6e-01;mlc+01;-60:37:59.5;9.0e-01;mlc+01;*;0;*;*;0;*;313.179  ;0.535    ;
897;J1417-4402;crr+16;14:17:30.60;9.0e-02;scc+15;-44:02:57.4;9.0e-01;scc+15;-4.70;1.0e-01;jkc+18;-5.10;8.7e-01;jkc+18;318.861  ;16.144   ;
898;J1418-3921;mld+96;14:18:50.283;5.0e-03;dsb+98;-39:21:18.51;1.0e-01;dsb+98;*;0;*;*;0;*;320.820  ;20.461   ;
899;J1418-5945;kbm+03;14:18:32.3;4.0e-01;kbm+03;-59:45:00;3.0e+00;kbm+03;*;0;*;*;0;*;313.706  ;1.287    ;
900;J1418-6058;aaa+09c;14:18:42.7;1.0e-01;rkp+11;-60:57:49;2.0e+00;rkp+11;*;0;*;*;0;*;313.325  ;0.135    ;
901;J1420-5416;mlt+78;14:20:29.11;1.0e-02;lbs+20;-54:16:22.7;1.0e-01;lbs+20;*;0;*;*;0;*;315.793  ;6.360    ;
902;J1420-5625;hfs+04;14:20:03.062;3.0e-03;hfs+04;-56:25:55.00;3.0e-02;hfs+04;*;0;*;*;0;*;315.002  ;4.349    ;
903;J1420-6048;dkm+01;14:20:08.237;1.6e-02;dkm+01;-60:48:16.43;1.5e-01;dkm+01;*;0;*;*;0;*;313.541  ;0.227    ;
904;J1421-4409;kbj+18;14:21:20.96387;5.0e-05;sfj+20;-44:09:04.553;1.0e-03;sfj+20;-11.6;4.0e-01;sfj+20;-7.9;8.0e-01;sfj+20;319.497  ;15.809   ;
905;J1422-6138;pga+13;14:22:28.297;3.0e-03;aab+22;-61:38:28.32;4.0e-02;aab+22;*;0;*;*;0;*;313.521  ;-0.655   ;
906;J1423-6953;ebvb01;14:23:26.79;2.0e-02;jbo+09;-69:53:42.82;8.0e-02;jbo+09;*;0;*;*;0;*;310.736  ;-8.430   ;
907;J1424-5556;hfs+04;14:24:12.76;3.0e-02;hfs+04;-55:56:13.9;3.0e-01;hfs+04;*;0;*;*;0;*;315.718  ;4.614    ;
908;J1424-56;kle+10;14:24:23;5.0e+01;bbj+11;-56:40:47;4.2e+02;bbj+11;*;0;*;*;0;*;315.478  ;3.911    ;
909;J1424-5822;kbm+03;14:24:32.130;8.0e-03;lbs+20;-58:22:55.7;1.0e-01;lbs+20;*;0;*;*;0;*;314.897  ;2.310    ;
910;J1424-6438;kbm+03;14:24:59.2;2.0e-01;kbm+03;-64:38:10.0;9.0e-01;kbm+03;*;0;*;*;0;*;312.741  ;-3.561   ;
911;J1425-5723;kbm+03;14:25:36.56;3.0e-02;kbm+03;-57:23:30.8;4.0e-01;kbm+03;*;0;*;*;0;*;315.382  ;3.186    ;
912;J1425-5759;kbm+03;14:25:59.11;7.0e-02;kbm+03;-57:59:10.2;9.0e-01;kbm+03;*;0;*;*;0;*;315.217  ;2.613    ;
913;J1425-6210;mlc+01;14:25:07.7;3.0e-01;mlc+01;-62:10:04.9;1.0e+00;mlc+01;*;0;*;*;0;*;313.630  ;-1.258   ;
914;J1426+52;scb+19;14:27:00;1.8e+01;scb+19;+52:10;3.0e+00;scb+19;*;0;*;*;0;*;93.880   ;59.233   ;
915;J1427-4158;jbo+09;14:27:50.770;9.0e-03;jbo+09;-41:58:56.3;3.0e-01;jbo+09;*;0;*;*;0;*;321.480  ;17.391   ;
916;J1428-5530;mlt+78;14:28:26.240;3.0e-03;lbs+20;-55:30:50.06;4.0e-02;lbs+20;*;0;*;*;0;*;316.427  ;4.796    ;
917;J1429-5911;sdz+10;14:29:58.6;1.0e-01;sdz+10;-59:11:36.6;7.0e-01;sdz+10;*;0;*;*;0;*;315.261  ;1.299    ;
918;J1429-5935;mlc+01;14:29:25.90;1.0e-01;mlc+01;-59:35:58.9;1.2e+00;mlc+01;*;0;*;*;0;*;315.046  ;0.947    ;
919;J1430+22;mss+20;14:30:01;0.0e+00;mss+20;+22:24:23;0.0e+00;mss+20;*;0;*;*;0;*;26.432   ;67.170   ;
920;J1430-5712;ccb+20;14:30:16.17;2.0e-02;ccb+20;-57:12:31.4;2.0e-01;ccb+20;*;0;*;*;0;*;316.036  ;3.127    ;
921;J1430-6623;lvw68;14:30:40.735;2.0e-03;jbv+19;-66:23:05.55;1.0e-02;jbv+19;-31;5.0e+00;bmk+90b;-21;3.0e+00;bmk+90b;312.653  ;-5.404   ;
922;J1431-4715;btb+15;14:31:44.6177;2.0e-04;btb+15;-47:15:27.574;4.0e-03;btb+15;-12.01;3.3e-01;jkc+18;-14.51;2.6e-01;jkc+18;320.051  ;12.253   ;
923;J1431-5740;bbb+13;14:31:03.4953;3.0e-04;bbb+13;-57:40:11.670;4.0e-03;bbb+13;*;0;*;*;0;*;315.962  ;2.660    ;
924;J1431-6328;kdl+19;14:13:21.23;6.0e-02;kdl+19;-63:28:08.6;4.0e-01;kdl+19;*;0;*;*;0;*;311.929  ;-2.037   ;
925;J1432-5032;kjv+10;14:32:52.27;7.0e-02;bbb+12;-50:32:17.3;6.0e-01;bbb+12;*;0;*;*;0;*;318.936  ;9.155    ;
926;J1433+00;dsm+16;14:33:30;1.1e+02;dsm+16;+00:28;8.0e+00;dsm+16;*;0;*;*;0;*;349.749  ;53.792   ;
927;J1433-6038;kel+09;14:33:13.18;6.0e-02;kel+09;-60:38:34.7;8.0e-01;kel+09;*;0;*;*;0;*;315.092  ;-0.197   ;
928;J1434-5943;ccb+20;14:34:58.31;2.0e-02;ccb+20;-59:43:41.6;2.0e-01;ccb+20;*;0;*;*;0;*;315.645  ;0.563    ;
929;J1434-6006;kbm+03;14:34:05.3;2.0e-01;kbm+03;-60:06:29.0;9.0e-01;kbm+03;*;0;*;*;0;*;315.396  ;0.256    ;
930;J1434-6029;mlc+01;14:34:39.1;3.0e-01;mlc+01;-60:29:49;3.0e+00;mlc+01;*;0;*;*;0;*;315.310  ;-0.130   ;
931;J1434+7257;slr+14;14:33:59.7370;9.0e-04;slr+14;+72:57:26.512;6.0e-03;slr+14;*;0;*;*;0;*;113.082  ;42.153   ;
932;J1435-5954;hfs+04;14:35:00.208;1.0e-03;lbs+20;-59:54:49.5;1.0e-01;lbs+20;*;0;*;*;0;*;315.577  ;0.391    ;
933;J1435-6100;clm+01;14:35:20.2765;5.0e-04;clm+01;-61:00:57.956;7.0e-03;clm+01;*;0;*;*;0;*;315.186  ;-0.641   ;
934;J1437-5959;cng+09;14:37:01.91;3.0e-02;cng+09;-59:59:01.4;3.0e-01;cng+09;*;0;*;*;0;*;315.783  ;0.227    ;
935;J1437-6146;hfs+04;14:37:15.31;9.0e-02;hfs+04;-61:46:02.0;8.0e-01;hfs+04;*;0;*;*;0;*;315.101  ;-1.422   ;
936;J1439-5501;fsk+04;14:39:39.7420;4.0e-04;lfl+06;-55:01:23.621;6.0e-03;lfl+06;*;0;*;*;0;*;318.097  ;4.630    ;
937;J1439+7655;kkl+15;14:39:22;0.0e+00;mss+20;+76:55:46;0.0e+00;mss+20;*;0;*;*;0;*;115.390  ;38.575   ;
938;J1440-6344;mlt+78;14:40:31.26;2.0e-02;jbv+19;-63:44:48.4;2.0e-01;jbv+19;*;0;*;*;0;*;314.646  ;-3.384   ;
939;J1441-6137;kbm+03;14:41:44.3;1.0e-01;kbm+03;-61:37:24;2.0e+00;kbm+03;*;0;*;*;0;*;315.646  ;-1.505   ;
940;J1443-5122;kjv+10;14:43:26.97;6.0e-02;bbb+12;-51:22:26;1.0e+00;bbb+12;*;0;*;*;0;*;320.135  ;7.717    ;
941;J1444-5941;mlc+01;14:44:46.5;3.0e-01;mlc+01;-59:41:19;3.0e+00;mlc+01;*;0;*;*;0;*;316.791  ;0.098    ;
942;J1444-6026;mll+06;14:44:06.02;7.0e-02;mlk+09;-60:26:09.4;4.0e-01;mlk+09;*;0;*;*;0;*;316.400  ;-0.544   ;
943;J1446-4701;kjb+12;14:46:35.712054;7.5e-06;rsc+21;-47:01:26.78210;1.4e-04;rsc+21;-4.37;4.5e-02;*;-3.02;6.7e-02;*;322.500  ;11.425   ;
944;J1447-5757;nie+20;14:47:28.2;0;aab+22;-57:57:26;0;aab+22;*;0;*;*;0;*;317.846  ;1.515    ;
945;J1449-5846;kbm+03;14:49:25.43;6.0e-02;kbm+03;-58:46:40.4;7.0e-01;kbm+03;*;0;*;*;0;*;317.720  ;0.664    ;
946;J1452-5851;mlc+01;14:52:52.60;1.0e-01;psj+19;-58:51:13.2;1.1e+00;psj+19;*;0;*;*;0;*;318.087  ;0.398    ;
947;J1452-6036;kbm+03;14:52:51.885;4.0e-03;jks21;-60:36:31.43;5.0e-02;jks21;*;0;*;*;0;*;317.296  ;-1.169   ;
948;J1453+1902;lmcs07;14:53:45.719363;1.6e-05;aab+21a;+19:02:12.1142;3.1e-04;aab+21a;0.9;2.1e-01;*;-10.9;3.8e-01;*;23.395   ;60.812   ;
949;J1453-6413;lvw69a;14:53:32.665;6.0e-03;psj+19;-64:13:16.00;5.0e-02;psj+19;-16;1.0e+00;bmk+90b;-21.3;8.0e-01;bmk+90b;315.733  ;-4.427   ;
950;J1454-5846;clm+01;14:54:10.908;3.0e-03;clm+01;-58:46:34.74;3.0e-02;clm+01;*;0;*;*;0;*;318.272  ;0.391    ;
951;J1455-3330;lnl+95;14:55:47.970656;1.6e-05;aab+21a;-33:30:46.3869;4.8e-04;aab+21a;7.88;6.3e-02;*;-2.07;1.3e-01;*;330.722  ;22.562   ;
952;J1455-59;kek+13;14:55:06;3.0e+01;kek+13;-59:23;7.0e+00;kek+13;*;0;*;*;0;*;318.101  ;-0.203   ;
953;J1456-48;bcm+16;14:56;4.0e+00;bcm+16;-48:00;4.0e+01;bcm+16;*;0;*;*;0;*;323.492  ;9.837    ;
954;J1456-6843;lvw68;14:55:59.923;3.0e-03;jbv+19;-68:43:39.50;2.0e-02;jbv+19;-39.5;4.0e-01;bmk+90b;-12.3;3.0e-01;bmk+90b;313.868  ;-8.543   ;
955;J1457-5122;mlt+78;14:57:40.093;8.0e-03;lbs+20;-51:22:54.9;1.0e-01;lbs+20;*;0;*;*;0;*;322.134  ;6.722    ;
956;J1457-5900;kbm+03;14:57:39.0;2.0e-01;kbm+03;-59:00:51;3.0e+00;kbm+03;*;0;*;*;0;*;318.561  ;-0.027   ;
957;J1457-5902;kbm+03;14:57:31.9;1.0e-01;kbm+03;-59:02:04;2.0e+00;kbm+03;*;0;*;*;0;*;318.538  ;-0.037   ;
958;J1459-6053;aaa+09c;14:59:29.99;6.0e-02;rkp+11;-60:53:20.7;4.0e-01;rkp+11;*;0;*;*;0;*;317.886  ;-1.791   ;
959;J1501-0046;lbr+13;15:01:44.9558;9.4e-03;lbr+13;-00:46:23.52;8.8e-01;lbr+13;*;0;*;*;0;*;356.582  ;48.051   ;
960;J1501-5637;kbm+03;15:01:51.0;4.0e-01;kbm+03;-56:37:48;5.0e+00;kbm+03;*;0;*;*;0;*;320.181  ;1.810    ;
961;J1502+28;ttm18;15:02:09;4.0e+01;ttm18;+28:13;1.5e+01;ttm18;*;0;*;*;0;*;42.780   ;61.127   ;
962;J1502+4653;ccl+21;15:02:19.83;1.0e-02;ccl+21;+46:53:27.4;1.0e-01;ccl+21;*;0;*;*;0;*;79.306   ;57.626   ;
963;J1502-5653;hfs+04;15:02:57.389;1.1e-02;hfs+04;-56:53:39.21;1.2e-01;hfs+04;*;0;*;*;0;*;320.186  ;1.505    ;
964;J1502-5828;kbm+03;15:02:43.8;3.0e-01;kbm+03;-58:28:42;6.0e+00;kbm+03;*;0;*;*;0;*;319.395  ;0.133    ;
965;J1502-6128;kbm+03;15:02:29.84;5.0e-02;kbm+03;-61:28:50.3;5.0e-01;kbm+03;*;0;*;*;0;*;317.921  ;-2.483   ;
966;J1502-6752;kjb+12;15:02:18.615;2.0e-03;nbb+14;-67:52:16.759;1.8e-02;nbb+14;-6;9.0e+00;nbb+14;-14;1.6e+01;nbb+14;314.799  ;-8.067   ;
967;J1503+2111;clm+05;15:03:54.60;4.0e-02;clm+05;+21:11:09.3;5.0e-01;clm+05;*;0;*;*;0;*;29.062   ;59.296   ;
968;J1504-5621;kbm+03;15:04:49.14;7.0e-02;kbm+03;-56:21:32;1.0e+00;kbm+03;*;0;*;*;0;*;320.671  ;1.849    ;
969;J1504-5659;ccb+20;15:04:31.987;1.7e-02;ccb+20;-56:59:19.4;2.0e-01;ccb+20;*;0;*;*;0;*;320.328  ;1.318    ;
970;J1505-25;mss+20;15:05;0.0e+00;mss+20;-25;0.0e+00;mss+20;*;0;*;*;0;*;337.601  ;28.735   ;
971;J1506-5158;mlt+78;15:06:39.5;7.0e-01;nmc81;-51:58:10;1.0e+01;nmc81;*;0;*;*;0;*;323.076  ;5.534    ;
972;J1507-4352;mlt+78;15:07:34.175;4.0e-03;lbs+20;-43:52:04.05;1.0e-02;lbs+20;*;0;*;*;0;*;327.339  ;12.459   ;
973;J1507-5800;ccb+20;15:07:03.504;8.0e-03;ccb+20;-58:00:56.20;1.0e-01;ccb+20;*;0;*;*;0;*;320.118  ;0.258    ;
974;J1507-6640;mlt+78;15:07:48.634;1.0e-03;lbs+20;-66:40:57.86;1.0e-02;lbs+20;*;0;*;*;0;*;315.858  ;-7.297   ;
975;J1509+5531;htg+68;15:09:25.6298;1.0e-04;cbv+09;+55:31:32.394;2.0e-03;cbv+09;-73.64;5.0e-02;cbv+09;-62.65;9.0e-02;cbv+09;91.325   ;52.287   ;
976;J1509-5850;kbm+03;15:09:27.156;7.0e-03;psj+19;-58:50:56.01;8.0e-02;psj+19;*;0;*;*;0;*;319.972  ;-0.621   ;
977;J1509-6015;kbm+03;15:09:07.5;1.0e-01;kbm+03;-60:15:18.6;6.0e-01;kbm+03;*;0;*;*;0;*;319.228  ;-1.815   ;
978;J1510-4422;mlt+78;15:10:48.9;4.0e-01;nmc81;-44:22:07;6.0e+00;nmc81;*;0;*;*;0;*;327.586  ;11.729   ;
979;J1511-5414;kbm+03;15:11:51.285;3.0e-03;lbs+20;-54:14:40.32;6.0e-02;lbs+20;*;0;*;*;0;*;322.598  ;3.177    ;
980;J1511-5835;kbm+03;15:11:07.0;3.0e-01;kbm+03;-58:35:28;1.0e+00;kbm+03;*;0;*;*;0;*;320.289  ;-0.508   ;
981;J1512-5431;kbm+03;15:12:05.7;2.0e-01;kbm+03;-54:31:19;3.0e+00;kbm+03;*;0;*;*;0;*;322.486  ;2.920    ;
982;J1512-5759;jlm+92;15:12:43.04;1.0e-01;psj+19;-57:59:59.8;1.1e+00;psj+19;*;0;*;*;0;*;320.772  ;-0.108   ;
983;J1513-2550;san16;15:13:23.32059;6.0e-05;san16;-25:50:31.285;3.0e-03;san16;*;0;*;*;0;*;338.820  ;26.964   ;
984;J1513-5739;mlc+01;15:13:58.99;9.0e-02;mlc+01;-57:39:01.4;1.3e+00;mlc+01;*;0;*;*;0;*;321.097  ;0.104    ;
985;J1513-5908;sh82;15:13:55.811;1.1e-02;psj+19;-59:08:09.60;8.0e-02;psj+19;*;0;*;*;0;*;320.321  ;-1.162   ;
986;J1513-5946;kle+10;15:13:44.78;1.0e-02;kkl+11;-59:46:31.9;7.0e-01;kkl+11;*;0;*;*;0;*;319.970  ;-1.697   ;
987;J1513-6013;ccb+20;15:13:54.02;4.0e-02;ccb+20;-60:13:26.5;3.0e-01;ccb+20;*;0;*;*;0;*;319.753  ;-2.091   ;
988;J1514-4834;mlt+78;15:14:14.563;2.0e-03;lbs+20;-48:34:19.97;4.0e-02;lbs+20;*;0;*;*;0;*;325.872  ;7.835    ;
989;J1514-4946;kcj+12;15:14:19.1141;1.0e-04;ckr+15;-49:46:15.516;5.0e-03;ckr+15;-0.3;3.2e+00;ckr+15;-30;6.6e+01;ckr+15;325.249  ;6.807    ;
990;J1514-5316;ccb+20;15:14:40.160;1.1e-02;ccb+20;-53:16:02.3;2.0e-01;ccb+20;*;0;*;*;0;*;323.461  ;3.798    ;
991;J1514-5925;kbm+03;15:14:59.10;3.0e-02;psj+19;-59:25:43.5;3.0e-01;psj+19;*;0;*;*;0;*;320.284  ;-1.482   ;
992;J1515-5720;kbm+03;15:15:09.23;1.4e-01;psj+19;-57:20:50.15;1.7e-01;psj+19;*;0;*;*;0;*;321.389  ;0.281    ;
993;J1516-43;brs+19;15:16:32.3;1.1e+00;brs+19;-43:20:00;1.0e+00;brs+19;*;0;*;*;0;*;329.041  ;12.062   ;
994;J1517-313;srp+22;15:17:51;0;srp+22;-31:20;0;srp+22;*;0;*;*;0;*;336.227  ;21.910   ;
995;J1517-314;srp+22;15:17:51;0;srp+22;-31:20;0;srp+22;*;0;*;*;0;*;336.227  ;21.910   ;
996;J1517-32;mbc+19;15:17:01;0;mbc+19;-32:26:05;0;mbc+19;*;0;*;*;0;*;335.397  ;21.105   ;
997;J1517-4356;ebvb01;15:17:27.34;1.0e-02;ebvb01;-43:56:17.9;2.0e-01;ebvb01;*;0;*;*;0;*;328.850  ;11.463   ;
998;J1517-4636;kjv+10;15:17:29.376;9.0e-03;bbb+12;-46:36:00.6;2.0e-01;bbb+12;*;0;*;*;0;*;327.399  ;9.217    ;
999;J1518+0204A;wakp89;15:18:33.3176;6.0e-04;awkp97;+02:05:27.55;3.0e-02;awkp97;4.086;2.3e-02;vb21;-9.870;2.3e-02;vb21;3.870    ;46.802   ;
1000;J1518+0204B;wakp89;15:18:31.458;3.0e-03;awkp97;+02:05:15.47;5.0e-02;awkp97;4.086;2.3e-02;vb21;-9.870;2.3e-02;vb21;3.859    ;46.806   ;
1001;J1518+0204C;hrs+07;15:18:32.788893;2.1e-05;prf+14;+02:04:47.8153;8.0e-04;prf+14;4.086;2.3e-02;vb21;-9.870;2.3e-02;vb21;3.856    ;46.797   ;
1002;J1518+0204D;hrs+07;15:18:33.2;0;har10a;+02:04:52;0;har10a;4.086;2.3e-02;vb21;-9.870;2.3e-02;vb21;3.859    ;46.796   ;
1003;J1518+0204E;hrs+07;15:18:34;0;har96;+02:04:58;0;har96;4.086;2.3e-02;vb21;-9.870;2.3e-02;vb21;3.864    ;46.795   ;
1004;J1518+0204F;pqm+21;15:18:33.2;0.0e+00;har10a;+02:04:52;0.0e+00;har10a;4.086;2.3e-02;vb21;-9.870;2.3e-02;vb21;3.859    ;46.796   ;
1005;J1518-0627;lbr+13;15:18:59.1104;8.0e-03;lbr+13;-06:27:07.70;6.6e-01;lbr+13;*;0;*;*;0;*;355.146  ;41.002   ;
1006;J1518-3952;bsb+19;15:18:56.968;1.8e-02;bsb+19;-39:52:30.3;7.0e-01;bsb+19;*;0;*;*;0;*;331.368  ;14.715   ;
1007;J1518+4904;nst96;15:18:16.799084;1.6e-05;jsk+08;+49:04:34.25119;1.6e-04;jsk+08;-0.67;4.0e-02;jsk+08;-8.53;4.0e-02;jsk+08;80.808   ;54.282   ;
1008;J1518-5415;kel+09;15:18:13.50;1.0e-02;kel+09;-54:15:45.0;3.0e-01;kel+09;*;0;*;*;0;*;323.383  ;2.675    ;
1009;J1519-5734;lfl+06;15:19:47.59;6.0e-02;lfl+06;-57:34:13.6;7.0e-01;lfl+06;*;0;*;*;0;*;321.800  ;-0.238   ;
1010;J1519-6106;lfl+06;15:19:35.81;1.1e-01;lfl+06;-61:06:54.6;1.2e+00;lfl+06;*;0;*;*;0;*;319.876  ;-3.216   ;
1011;J1519-6308;hfs+04;15:19:09.56;1.8e-01;hfs+04;-63:08:19.5;1.0e+00;hfs+04;*;0;*;*;0;*;318.743  ;-4.896   ;
1012;J1522-5525;kbm+03;15:22:06.7;1.0e-01;kbm+03;-55:25:17.5;9.0e-01;kbm+03;*;0;*;*;0;*;323.231  ;1.397    ;
1013;J1522-5735;pga+13;15:22:05.3;1.0e-01;pga+13;-57:35:00;1.0e+00;pga+13;*;0;*;*;0;*;322.052  ;-0.415   ;
1014;J1522-5829;jlm+92;15:22:42.244;4.0e-03;lbs+20;-58:29:02.815;3.0e-03;lbs+20;*;0;*;*;0;*;321.630  ;-1.215   ;
1015;J1523-3235;sfj+20;15:23:37.70;2.0e-02;sfj+20;-32:35:42.1;5.0e-01;sfj+20;*;0;*;*;0;*;336.517  ;20.172   ;
1016;J1524-20;mss+20;15:24:44;0.0e+00;mss+20;-20:59:21;0.0e+00;mss+20;*;0;*;*;0;*;344.502  ;29.246   ;
1017;J1524-5625;kbm+03;15:24:49.86;4.0e-02;kbm+03;-56:25:23.4;6.0e-01;kbm+03;*;0;*;*;0;*;323.000  ;0.351    ;
1018;J1524-5706;kbm+03;15:24:21.42;1.2e-01;psj+19;-57:06:34.64;1.5e-01;psj+19;*;0;*;*;0;*;322.568  ;-0.186   ;
1019;J1524-5819;kel+09;15:24:24.65;2.0e-02;kel+09;-58:19:14.1;4.0e-01;kel+09;*;0;*;*;0;*;321.907  ;-1.201   ;
1020;J1525-5417;kbm+03;15:25:28.35;6.0e-02;kbm+03;-54:17:20;1.0e+00;kbm+03;*;0;*;*;0;*;324.258  ;2.078    ;
1021;J1525-5523;ncb+15;15:25:36.064;7.0e-03;ncb+15;-55:23:27.2;2.0e-01;ncb+15;*;0;*;*;0;*;323.662  ;1.151    ;
1022;J1525-5545;nbb+14;15:25:28.1340;2.0e-04;nbb+14;-55:45:49.842;5.0e-03;nbb+14;*;0;*;*;0;*;323.439  ;0.851    ;
1023;J1525-5605;kbm+03;15:25:41.45;9.0e-02;kbm+03;-56:05:13;2.0e+00;kbm+03;*;0;*;*;0;*;323.286  ;0.565    ;
1024;J1526-2744;aab+22;15:26:34;0;aab+22;-27:43:34;0;aab+22;*;0;*;*;0;*;340.198  ;23.702   ;
1025;J1526-5633;kbm+03;15:26:41.2;1.0e-01;kbm+03;-56:33:43;3.0e+00;kbm+03;*;0;*;*;0;*;323.136  ;0.093    ;
1026;J1527-3931;mlt+78;15:27:58.828;9.0e-03;lbs+20;-39:31:34.2;2.0e-01;lbs+20;*;0;*;*;0;*;333.050  ;14.020   ;
1027;J1527-5552;mlt+78;15:27:40.734;4.0e-03;lbs+20;-55:52:08.352;6.0e-03;lbs+20;*;0;*;*;0;*;323.638  ;0.590    ;
1028;J1528-3146;jbo+07;15:28:34.9542;2.0e-04;jbo+07;-31:46:06.836;8.0e-03;jbo+07;*;0;*;*;0;*;337.939  ;20.217   ;
1029;J1528-4109;ebvb01;15:28:08.033;8.0e-03;ebvb01;-41:09:28.8;2.0e-01;ebvb01;*;0;*;*;0;*;332.106  ;12.671   ;
1030;J1528-5547;ncb+15;15:28:39.18;1.2e-01;ncb+15;-55:47:23;2.0e+00;ncb+15;*;0;*;*;0;*;323.796  ;0.579    ;
1031;J1528-5838;cwp+17;15:28:24.3;1.0e-01;cwp+17;-58:38:01;1.0e+00;cwp+17;*;0;*;*;0;*;322.166  ;-1.752   ;
1032;J1529-26;mss+20;15:29;0.0e+00;mss+20;-26;0.0e+00;mss+20;*;0;*;*;0;*;341.832  ;24.728   ;
1033;J1529-3828;nbb+14;15:29:15.1066;1.0e-03;nbb+14;-38:28:45.85;3.0e-02;nbb+14;*;0;*;*;0;*;333.886  ;14.728   ;
1034;J1529+40;ttk+17;15:29:12;1.8e+01;scb+19;+40:49;3.0e+00;scb+19;*;0;*;*;0;*;66.183   ;54.907   ;
1035;J1529-5355;kbm+03;15:29:57.6;3.0e-01;kbm+03;-53:55:36;5.0e+00;kbm+03;*;0;*;*;0;*;325.006  ;2.009    ;
1036;J1529-5611;kbm+03;15:29:35.8;6.0e-01;kbm+03;-56:11:29;1.3e+01;kbm+03;*;0;*;*;0;*;323.678  ;0.173    ;
1037;J1530-21;mss+20;15:30;0.0e+00;mss+20;-21;0.0e+00;mss+20;*;0;*;*;0;*;345.574  ;28.452   ;
1038;J1530-5327;mlc+01;15:30:26.892;2.0e-03;psj+19;-53:27:56.02;4.0e-02;psj+19;*;0;*;*;0;*;325.328  ;2.347    ;
1039;J1530-6343;bbb+12;15:30:47.608;2.0e-02;bsb+19;-63:43:13.6;3.0e-01;bsb+19;*;0;*;*;0;*;319.506  ;-6.101   ;
1040;J1531-4012;ebvb01;15:31:08.05;1.0e-02;ebvb01;-40:12:30.9;4.0e-01;ebvb01;*;0;*;*;0;*;333.147  ;13.113   ;
1041;J1531-5610;kbm+03;15:31:27.901;1.1e-02;psj+19;-56:10:55.33;1.3e-01;psj+19;*;0;*;*;0;*;323.897  ;0.033    ;
1042;J1532+2745;dth78;15:32:10.3646;1.0e-04;dgb+19;+27:45:49.623;1.0e-03;dgb+19;1.5;1.0e-01;dgb+19;18.93;1.1e-01;dgb+19;43.481   ;54.495   ;
1043;J1532-5308;kbm+03;15:32:35.5;1.0e-01;kbm+03;-53:08:06;2.0e+00;kbm+03;*;0;*;*;0;*;325.780  ;2.434    ;
1044;J1532-56;ncb+15;15:32:18;3.0e+01;ncb+15;-56:32;7.0e+00;ncb+15;*;0;*;*;0;*;323.790  ;-0.321   ;
1045;J1534-4428;bbb+12;15:34:52.00;5.0e-02;bbb+12;-44:28:09.4;8.0e-01;bbb+12;*;0;*;*;0;*;331.161  ;9.261    ;
1046;J1534-46;bb10;15:34:08;4.2e+01;bb10;-46:14;1.5e+01;bb10;*;0;*;*;0;*;330.007  ;7.910    ;
1047;J1534-5334;lvw68;15:34:08.278;6.0e-03;jbv+19;-53:34:19.66;8.0e-02;jbv+19;-27;1.0e+01;jbv+19;-12;1.0e+01;jbv+19;325.715  ;1.944    ;
1048;J1534-5405;jlm+92;15:34:33.59;3.0e-02;jml+95;-54:05:39.7;5.0e-01;jml+95;*;0;*;*;0;*;325.463  ;1.483    ;
1049;J1535-4114;ebvb01;15:35:17.07;1.0e-02;ebvb01;-41:14:03.1;3.0e-01;ebvb01;*;0;*;*;0;*;333.175  ;11.821   ;
1050;J1535-4415;ebvb01;15:35:55.92;7.0e-02;jbo+09;-44:15:08.4;1.2e+00;jbo+09;*;0;*;*;0;*;331.447  ;9.324    ;
1051;J1535-5450;kbm+03;15:35:58.26;6.0e-02;kbm+03;-54:50:26;1.0e+00;kbm+03;*;0;*;*;0;*;325.194  ;0.757    ;
1052;J1535-5848;kbm+03;15:35:16.76;4.0e-02;kbm+03;-58:48:27.7;3.0e-01;kbm+03;*;0;*;*;0;*;322.797  ;-2.406   ;
1053;J1536+17;ttk+17;15:36:15;0;ttk+17;+17:49;0;ttk+17;*;0;*;*;0;*;27.983   ;50.988   ;
1054;J1536-30;mss+20;15:36;0.0e+00;mss+20;-30;0.0e+00;mss+20;*;0;*;*;0;*;340.437  ;20.638   ;
1055;J1536-3602;jbo+09;15:36:17.382;1.4e-02;jbo+09;-36:02:58.8;5.0e-01;jbo+09;*;0;*;*;0;*;336.555  ;15.841   ;
1056;J1536-4948;brj+21;15:36:23.22091;3.0e-05;brj+21;-49:48:54.6880;8.0e-04;brj+21;-7.3;2.0e-01;brj+21;-2.7;5.0e-01;brj+21;328.198  ;4.789    ;
1057;J1536-5433;mlc+01;15:36:04.82;1.9e-01;mlc+01;-54:33:15;4.0e+00;mlc+01;*;0;*;*;0;*;325.374  ;0.980    ;
1058;J1536-5907;kel+09;15:36:17.72;2.0e-02;kel+09;-59:07:03.6;6.0e-01;kel+09;*;0;*;*;0;*;322.722  ;-2.734   ;
1059;J1537+1155;wol91a;15:37:09.961730;3.0e-06;fst14;+11:55:55.43387;6.0e-05;fst14;1.482;7.0e-03;fst14;-25.285;1.2e-02;fst14;19.848   ;48.341   ;
1060;J1537-4912;ebvb01;15:37:28.2;2.0e-01;jbo+09;-49:12:03;3.0e+00;jbo+09;*;0;*;*;0;*;328.705  ;5.181    ;
1061;J1537-5153;kbm+03;15:37:15.73;6.0e-02;kbm+03;-51:53:06;1.0e+00;kbm+03;*;0;*;*;0;*;327.088  ;3.035    ;
1062;J1537-5312;ccb+20;15:37:37.69466;1.8e-04;ccb+20;-53:12:25.057;3.0e-03;ccb+20;*;0;*;*;0;*;326.351  ;1.935    ;
1063;J1537-5645;mlc+01;15:37:51.0;3.0e-01;mlc+01;-56:45:04;7.0e+00;mlc+01;*;0;*;*;0;*;324.283  ;-0.943   ;
1064;J1538+2345;kkl+15;15:38:06.07;2.0e-02;kkl+15;+23:45:04.0;2.0e-01;kkl+15;*;0;*;*;0;*;37.318   ;52.391   ;
1065;J1538-5438;mlc+01;15:38:48.95;1.5e-01;mlc+01;-54:38:17;3.0e+00;mlc+01;*;0;*;*;0;*;325.645  ;0.679    ;
1066;J1538-5519;kel+09;15:38:40.83;9.0e-02;kel+09;-55:19:46;2.0e+00;kel+09;*;0;*;*;0;*;325.219  ;0.134    ;
1067;J1538-5551;hfs+04;15:38:45.016;5.0e-03;psj+19;-55:51:36.95;8.0e-02;psj+19;*;0;*;*;0;*;324.912  ;-0.299   ;
1068;J1538-5621;ncb+15;15:38:43.29;2.0e-02;ncb+15;-56:21:55.5;4.0e-01;ncb+15;*;0;*;*;0;*;324.608  ;-0.703   ;
1069;J1538-5638;kbm+03;15:38:05.7;2.0e-01;kbm+03;-56:38:12;4.0e+00;kbm+03;*;0;*;*;0;*;324.378  ;-0.871   ;
1070;J1538-5732;lfl+06;15:38:18.18;3.0e-02;lfl+06;-57:32:29.3;4.0e-01;lfl+06;*;0;*;*;0;*;323.865  ;-1.617   ;
1071;J1538-5750;kbm+03;15:38:08.41;4.0e-02;kbm+03;-57:50:17.1;6.0e-01;kbm+03;*;0;*;*;0;*;323.672  ;-1.843   ;
1072;J1539-4828;ekl09;15:39:40.84;6.0e-02;eklk13;-48:28:57;1.0e+00;eklk13;*;0;*;*;0;*;329.428  ;5.541    ;
1073;J1539-5521;kbm+03;15:39:07.97;7.0e-02;kbm+03;-55:21:11.2;8.0e-01;kbm+03;*;0;*;*;0;*;325.256  ;0.077    ;
1074;J1539-5626;jlm+92;15:39:14.06;1.8e-01;psj+19;-56:26:26.3;2.0e-01;psj+19;49;1.3e+01;jbv+19;-36;1.6e+01;jbv+19;324.621  ;-0.806   ;
1075;J1539-6322;ebvb01;15:39:24.70;3.0e-02;jbo+09;-63:22:53.2;2.0e-01;jbo+09;*;0;*;*;0;*;320.488  ;-6.390   ;
1076;J1540-5736;mlc+01;15:40:59.02;1.2e-01;mlc+01;-57:36:57;3.0e+00;mlc+01;*;0;*;*;0;*;324.109  ;-1.891   ;
1077;J1541-42;bbj+11;15:41:55;3.8e+01;bbj+11;-42:18:50;4.2e+02;bbj+11;*;0;*;*;0;*;333.514  ;10.214   ;
1078;J1541+47;dcm+23;15:41:05.54;0;dcm+23;+47:03:03.45;0;dcm+23;*;0;*;*;0;*;75.497   ;51.394   ;
1079;J1541-5535;kbm+03;15:41:49.6;4.0e-01;kbm+03;-55:35:01;5.0e+00;kbm+03;*;0;*;*;0;*;325.424  ;-0.337   ;
1080;J1542-5034;mld+96;15:42:45.32;2.0e-02;lbs+20;-50:34:03.66;3.0e-02;lbs+20;*;0;*;*;0;*;328.567  ;3.577    ;
1081;J1542-5133;hfs+04;15:42:19.93;1.3e-01;hfs+04;-51:33:35;3.0e+00;hfs+04;*;0;*;*;0;*;327.913  ;2.827    ;
1082;J1542-5303;kbm+03;15:42:54.51;4.0e-02;kbm+03;-53:03:41;1.0e+00;kbm+03;*;0;*;*;0;*;327.073  ;1.578    ;
1083;J1543-0620;mlt+78;15:43:30.1373;1.0e-04;dgb+19;-06:20:45.332;2.0e-03;dgb+19;-16.79;4.0e-02;dgb+19;-0.30;1.3e-01;dgb+19;0.566    ;36.608   ;
1084;J1543+0929;ls69;15:43:38.8250;1.0e-04;cbv+09;+09:29:16.339;2.0e-03;cbv+09;-7.61;6.0e-02;cbv+09;-2.87;7.0e-02;cbv+09;17.811   ;45.775   ;
1085;J1543-5013;kbm+03;15:43:58.25;8.0e-02;kbm+03;-50:13:58;1.0e+00;kbm+03;*;0;*;*;0;*;328.925  ;3.725    ;
1086;J1543-5149;kjb+12;15:43:44.1498;2.0e-04;nbb+14;-51:49:54.685;2.0e-03;nbb+14;-4.3;1.4e+00;nbb+14;-4;2.0e+00;nbb+14;327.921  ;2.479    ;
1087;J1543-5459;mlc+01;15:43:56.43;6.0e-02;psj+19;-54:59:15.0;8.0e-01;psj+19;*;0;*;*;0;*;326.025  ;-0.044   ;
1088;J1544-0713;sfj+20;15:44:23.527;2.0e-03;sfj+20;-07:13:59.02;1.2e-01;sfj+20;*;0;*;*;0;*;359.916  ;35.859   ;
1089;J1544+4937;brr+13;15:44:04.48722;2.0e-05;brr+13;+49:37:55.2545;2.0e-04;brr+13;*;0;*;*;0;*;79.172   ;50.166   ;
1090;J1544-5308;mlt+78;15:44:59.8294;6.0e-04;lbs+20;-53:08:46.953;9.0e-03;lbs+20;*;0;*;*;0;*;327.271  ;1.320    ;
1091;J1545-4550;bbb+13;15:45:55.945458;3.7e-06;rsc+21;-45:50:37.52757;7.0e-05;rsc+21;-0.48;2.3e-02;*;2.37;4.9e-02;*;331.892  ;6.988    ;
1092;J1546-3747A;lr11;15:46:03.44;0;sw86;-37:47:10.1;0;sw86;-4.192;2.6e-02;vb21;-4.568;2.6e-02;vb21;337.023  ;13.268   ;
1093;J1546-5302;kbm+03;15:46:07.4;1.0e-01;kbm+03;-53:02:23.0;9.0e-01;kbm+03;*;0;*;*;0;*;327.470  ;1.301    ;
1094;J1546-5925;mlb+12;15:46:29.3456;5.0e-04;lkf+21;-59:25:44.871;3.0e-03;lkf+21;*;0;*;*;0;*;323.575  ;-3.767   ;
1095;J1547-0944;lbr+13;15:47:46.058;3.6e-02;lbr+13;-09:44:07.8;3.2e+00;lbr+13;*;0;*;*;0;*;358.314  ;33.573   ;
1096;J1547-5709;ccb+20;15:47:24.1248;1.2e-03;ccb+20;-57:09:17.5699;1.6e-03;ccb+20;*;0;*;*;0;*;325.076  ;-2.052   ;
1097;J1547-5750;hfs+04;15:47:30.60;1.0e-01;hfs+04;-57:50:29.4;1.5e+00;hfs+04;*;0;*;*;0;*;324.663  ;-2.601   ;
1098;J1547-5839;kbm+03;15:47:34.99;4.0e-02;kbm+03;-58:39:09.8;7.0e-01;kbm+03;*;0;*;*;0;*;324.167  ;-3.243   ;
1099;J1548-4821;kbm+03;15:48:23.26;3.0e-02;kbm+03;-48:21:49.7;6.0e-01;kbm+03;*;0;*;*;0;*;330.649  ;4.753    ;
1100;J1548-4927;kbm+03;15:48:19.47;3.0e-02;kbm+03;-49:27:40.4;5.0e-01;kbm+03;*;0;*;*;0;*;329.956  ;3.900    ;
1101;J1548-5607;mlc+01;15:48:44.015;8.0e-03;psj+19;-56:07:34.3;1.0e+00;psj+19;*;0;*;*;0;*;325.858  ;-1.359   ;
1102;J1549+2113;fcwa95;15:49:40.941;5.0e-03;lxf+05;+21:13:26.9;1.0e-01;lxf+05;*;0;*;*;0;*;34.625   ;49.129   ;
1103;J1549-4848;mld+96;15:49:21.08;1.7e-01;psj+19;-48:48:35.5;3.0e-01;psj+19;*;0;*;*;0;*;330.495  ;4.305    ;
1104;J1549-57;bbj+11;15:49:05;5.2e+01;bbj+11;-57:21:37;4.2e+02;bbj+11;*;0;*;*;0;*;325.127  ;-2.354   ;
1105;J1549-5722;kbm+03;15:49:47.9;1.0e-01;kbm+03;-57:22:02;1.0e+00;kbm+03;*;0;*;*;0;*;325.198  ;-2.420   ;
1106;J1550-5242;kbm+03;15:50:02.95;5.0e-02;kbm+03;-52:42:07.0;8.0e-01;kbm+03;*;0;*;*;0;*;328.144  ;1.198    ;
1107;J1550-5317;kbm+03;15:50:04.8;1.0e-01;kbm+03;-53:17:21;2.0e+00;kbm+03;*;0;*;*;0;*;327.780  ;0.737    ;
1108;J1550-5418;crhr07;15:50:54.12386;6.4e-04;dcrh12;-54:18:24.1141;2.0e-03;dcrh12;4.8;5.0e-01;dcrh12;-7.9;3.0e-01;dcrh12;327.237  ;-0.132   ;
1109;J1551-0658;hrm+11;15:51:07.215;4.0e-02;rb13;-06:58:06.5;6.0e-01;rb13;*;0;*;*;0;*;1.494    ;34.765   ;
1110;J1551-4424;bbb+12;15:51:48.02;5.0e-02;bbb+12;-44:24:42;1.0e+00;bbb+12;*;0;*;*;0;*;333.610  ;7.454    ;
1111;J1551-5310;hfs+04;15:51:41.0;1.0e+00;psj+19;-53:11:00.5;4.0e-01;psj+19;*;0;*;*;0;*;328.033  ;0.669    ;
1112;J1551-6214;bbb+12;15:51:36.788;8.0e-03;bsb+19;-62:14:23.37;9.0e-02;bsb+19;*;0;*;*;0;*;322.300  ;-6.350   ;
1113;J1552-4937;fsk+04;15:52:13.2709;4.0e-04;lem+15;-49:37:49.744;1.1e-02;lem+15;-3;3.0e+00;lem+15;-13;8.0e+00;lem+15;330.342  ;3.372    ;
1114;J1552+5437;pbh+17;15:52:53.33117;1.7e-04;pbh+17;+54:37:05.7866;1.4e-03;pbh+17;*;0;*;*;0;*;85.594   ;47.210   ;
1115;J1553-5456;mlt+78;15:53:59.61;1.0e-02;lbs+20;-54:56:06.25;1.0e-02;lbs+20;*;0;*;*;0;*;327.186  ;-0.901   ;
1116;J1554+18;dsm+16;15:54:17;1.2e+02;dsm+16;+18:04;8.0e+00;dsm+16;*;0;*;*;0;*;30.685   ;47.073   ;
1117;J1554-5209;kle+10;15:54:27.15;2.0e-02;kkl+11;-52:09:38.3;4.0e-01;kkl+11;*;0;*;*;0;*;329.006  ;1.194    ;
1118;J1554-5512;kbm+03;15:54:40.5;4.0e-01;kbm+03;-55:12:33;1.2e+01;kbm+03;*;0;*;*;0;*;327.087  ;-1.175   ;
1119;J1555+01;ttm+18;15:55:58;1.7e+01;ttm18;+01:08;2.5e+01;ttm18;*;0;*;*;0;*;10.448   ;38.730   ;
1120;J1555-0515;blr+13;15:55:40.097;1.6e-02;blr+13;-05:15:57.4;5.0e-01;blr+13;*;0;*;*;0;*;3.973    ;34.969   ;
1121;J1555-2341;mlt+78;15:55:33.184;1.7e-02;hlk+04;-23:41:09.9;1.1e+00;hlk+04;*;0;*;*;0;*;348.441  ;22.500   ;
1122;J1555-2908;rnc+22;15:55:40.65855;7.0e-05;gbv+21;-29:08:28.4232;6.0e-04;gbv+21;*;0;*;*;0;*;344.477  ;18.503   ;
1123;J1555-3134;mlt+78;15:55:17.952;3.0e-03;hlk+04;-31:34:20.10;1.3e-01;hlk+04;*;0;*;*;0;*;342.699  ;16.757   ;
1124;J1556-5358;kbm+03;15:56:51.5;3.0e-01;kbm+03;-53:58:55;2.0e+00;kbm+03;*;0;*;*;0;*;328.117  ;-0.436   ;
1125;J1557-4258;mld+96;15:57:00.2580;9.0e-04;dsb+98;-42:58:12.66;2.0e-02;dsb+98;-3;1.0e+00;jbv+19;10;2.0e+00;jbv+19;335.273  ;7.952    ;
1126;J1557-5151;ccb+20;15:57:29.30;2.0e-02;ccb+20;-51:51:08.4;3.0e-01;ccb+20;*;0;*;*;0;*;329.563  ;1.131    ;
1127;J1558-5419;mlc+01;15:58:41.45;1.9e-01;mlc+01;-54:19:26;5.0e+00;mlc+01;*;0;*;*;0;*;328.100  ;-0.870   ;
1128;J1558-5756;lfl+06;15:58:30.53;3.0e-02;lfl+06;-57:56:26.1;4.0e-01;lfl+06;*;0;*;*;0;*;325.731  ;-3.604   ;
1129;J1558-67;mbc+19;15:58:21;0;mbc+19;-67:35:59;0;mbc+19;*;0;*;*;0;*;319.345  ;-10.900  ;
1130;J1559-44;bcm+16;15:59;4.0e+00;bcm+16;-44:00;4.0e+01;bcm+16;*;0;*;*;0;*;334.872  ;6.936    ;
1131;J1559-4438;vl72;15:59:41.526126;8.0e-06;dtbr09;-44:38:45.901778;3.5e-05;dtbr09;1.52;1.4e-01;dtbr09;13.15;5.0e-02;dtbr09;334.540  ;6.367    ;
1132;J1559-5545;mlt+78;15:59:20.7;1.0e-01;lbs+20;-55:45:47;1.0e+00;lbs+20;*;0;*;*;0;*;327.236  ;-2.025   ;
1133;J1600-3053;jbo+07;16:00:51.903102;2.2e-06;rsc+21;-30:53:49.39259;1.1e-04;rsc+21;-0.961;7.2e-03;*;-6.97;2.9e-02;*;344.090  ;16.451   ;
1134;J1600-5044;kac+73;16:00:53.015;2.0e-03;jbv+19;-50:44:21.30;4.0e-02;jbv+19;-5;2.0e+00;jbv+19;-13;2.0e+00;jbv+19;330.690  ;1.631    ;
1135;J1600-5751;mlt+78;16:00:19.90;1.1e-01;psj+19;-57:51:15.3;1.3e+00;psj+19;*;0;*;*;0;*;325.971  ;-3.697   ;
1136;J1600-5916;lfl+06;16:00:35.0;4.0e-01;lfl+06;-59:16:59;3.0e+00;lfl+06;*;0;*;*;0;*;325.057  ;-4.798   ;
1137;J1601-50;kek+13;16:01:24;3.0e+01;kek+13;-50:23;7.0e+00;kek+13;*;0;*;*;0;*;330.985  ;1.846    ;
1138;J1601-5244;mlc+01;16:01:27.3;3.0e-01;mlc+01;-52:44:09;3.0e+00;mlc+01;*;0;*;*;0;*;329.448  ;0.065    ;
1139;J1601-5335;mlc+01;16:01:54.81;2.0e-02;psj+19;-53:35:44.1;4.0e-01;psj+19;*;0;*;*;0;*;328.935  ;-0.628   ;
1140;J1602+3901;sbo+22;16:02:18.84;8.0e-02;sbo+22;+39:01:01.8;9.0e-01;sbo+22;*;0;*;*;0;*;62.184   ;48.788   ;
1141;J1602-4957;kbm+03;16:02:18.2;1.0e-01;kbm+03;-49:57:32;4.0e+00;kbm+03;*;0;*;*;0;*;331.374  ;2.070    ;
1142;J1602-5100;kac+73;16:02:18.73;1.0e-02;jbv+19;-51:00:06.1;2.0e-01;jbv+19;*;0;*;*;0;*;330.688  ;1.285    ;
1143;J1603-1655;mss+20;16:03:09;0.0e+00;mss+20;-16:55:28;0.0e+00;mss+20;*;0;*;*;0;*;355.105  ;25.962   ;
1144;J1603+18;dsm+16;16:03:34;1.2e+02;dsm+16;+18:51;8.0e+00;dsm+16;*;0;*;*;0;*;32.849   ;45.280   ;
1145;J1603-2531;mld+96;16:03:04.8253;6.0e-04;lbs+20;-25:31:47.9;4.0e-01;lbs+20;*;0;*;*;0;*;348.375  ;19.985   ;
1146;J1603-2712;mlt+78;16:03:08.063;8.7e-03;hlk+04;-27:13:27.6;5.3e-01;hlk+04;*;0;*;*;0;*;347.126  ;18.767   ;
1147;J1603-3539;ebvb01;16:03:53.697;5.0e-03;ebvb01;-35:39:57.1;3.0e-01;ebvb01;*;0;*;*;0;*;341.218  ;12.526   ;
1148;J1603-5312;ccb+20;16:03:50.88;3.0e-02;ccb+20;-53:12:58.0;4.0e-01;ccb+20;*;0;*;*;0;*;329.402  ;-0.533   ;
1149;J1603-5657;lml+98;16:03:31.46;2.0e-02;dsb+98;-56:57:44.19;8.0e-02;dsb+98;*;0;*;*;0;*;326.884  ;-3.309   ;
1150;J1603-7202;llb+96;16:03:35.675239;8.8e-06;rsc+21;-72:02:32.75811;5.3e-05;rsc+21;-2.451;9.3e-03;*;-7.357;1.2e-02;*;316.630  ;-14.496  ;
1151;J1604-3142;kbj+18;16:04:36.546;2.0e-03;sfj+20;-31:42:06.4;2.0e-01;sfj+20;*;0;*;*;0;*;344.122  ;15.317   ;
1152;J1604-44;kjr+11;16:04:32;4.0e+01;kjr+11;-44:43;7.0e+00;kjr+11;*;0;*;*;0;*;335.142  ;5.744    ;
1153;J1604-4718;lfl+06;16:04:29.41;4.0e-02;lfl+06;-47:18:47.9;6.0e-01;lfl+06;*;0;*;*;0;*;333.399  ;3.814    ;
1154;J1604-4909;mlt+78;16:04:22.976;2.0e-03;jbv+19;-49:09:57.98;3.0e-02;jbv+19;-12;3.0e+00;jbv+19;9;5.0e+00;jbv+19;332.152  ;2.442    ;
1155;J1604-7203;lml+98;16:04:29.177;5.0e-03;dsb+98;-72:03:30.46;4.0e-02;dsb+98;*;0;*;*;0;*;316.670  ;-14.554  ;
1156;J1605+3249;hab07;16:05:18.52;3.0e-02;kkk03;+32:49:18.0;3.0e-01;kkk03;-25;1.6e+01;msh+05;142;1.5e+01;msh+05;52.880   ;47.992   ;
1157;J1605-5215;mlc+01;16:05:19.0;4.0e-01;mlc+01;-52:15:48;5.0e+00;mlc+01;*;0;*;*;0;*;330.201  ;0.031    ;
1158;J1605-5257;kac+73;16:05:16.265;3.0e-03;lbs+20;-52:57:34.80;5.0e-02;lbs+20;*;0;*;*;0;*;329.732  ;-0.484   ;
1159;J1607-0032;vl70;16:07:12.0598;2.0e-04;dgb+19;-00:32:41.527;2.0e-03;dgb+19;-26.47;6.0e-02;dgb+19;-27.5;2.0e-01;dgb+19;10.715   ;35.466   ;
1160;J1607-5140;mlc+01;16:07:49.3;3.0e-01;mlc+01;-51:40:16;4.0e+00;mlc+01;*;0;*;*;0;*;330.884  ;0.213    ;
1161;J1607-6449;bbb+12;16:07:48.711;8.0e-03;bbb+12;-64:49:43.08;8.0e-02;bbb+12;*;0;*;*;0;*;321.953  ;-9.486   ;
1162;J1609-1930;jbo+09;16:09:05.35;1.2e-01;jbo+09;-19:30:08;9.0e+00;jbo+09;*;0;*;*;0;*;354.073  ;23.178   ;
1163;J1609-4616;hfs+04;16:09:41.13;4.0e-02;hfs+04;-46:16:22.5;4.0e-01;hfs+04;*;0;*;*;0;*;334.760  ;3.986    ;
1164;J1609-5158;mlc+01;16:09:26.7;5.0e-01;mlc+01;-51:58:18;9.0e+00;mlc+01;*;0;*;*;0;*;330.867  ;-0.179   ;
1165;J1610-1322;dtws85;16:10:42.77;3.7e-02;hlk+04;-13:22:22;2.5e+00;hlk+04;*;0;*;*;0;*;359.427  ;26.949   ;
1166;J1610-17;bb10;16:10:11;5.7e+01;bb10;-17:50;1.5e+01;bb10;*;0;*;*;0;*;355.611  ;24.110   ;
1167;J1610-5006;mlc+01;16:10:44.30;9.0e-02;mlc+01;-50:06:42.2;1.6e+00;mlc+01;*;0;*;*;0;*;332.278  ;1.050    ;
1168;J1610-5303;kbm+03;16:10:12.82;9.0e-02;kbm+03;-53:03:49;3.0e+00;kbm+03;*;0;*;*;0;*;330.212  ;-1.061   ;
1169;J1611-01;kkl+15;16:11;2.0e+00;kkl+15;-01:28;3.6e+01;kkl+15;*;0;*;*;0;*;10.447   ;34.161   ;
1170;J1611-29;mss+20;16:11;0.0e+00;mss+20;-29;0.0e+00;mss+20;*;0;*;*;0;*;347.109  ;16.285   ;
1171;J1611-4811;kbm+03;16:11:02.7;4.0e-01;kbm+03;-48:11:39;6.0e+00;kbm+03;*;0;*;*;0;*;333.621  ;2.421    ;
1172;J1611-4949;mlc+01;16:11:46.63;1.1e-01;mlc+01;-49:49:57.2;1.4e+00;mlc+01;*;0;*;*;0;*;332.590  ;1.140    ;
1173;J1611-5209;jlm+92;16:11:03.37;1.0e-02;psj+19;-52:09:22.13;1.1e-01;psj+19;*;0;*;*;0;*;330.923  ;-0.482   ;
1174;J1611-5847;lfl+06;16:11:51.313;6.0e-03;lfl+06;-58:47:42.33;9.0e-02;lfl+06;*;0;*;*;0;*;326.465  ;-5.409   ;
1175;J1612+2008;blr+13;16:12:23.432;3.0e-03;blr+13;+20:08:18.33;4.0e-02;blr+13;*;0;*;*;0;*;35.518   ;43.743   ;
1176;J1612-2408;jbo+09;16:12:26.06;3.0e-02;jbo+09;-24:08:04;2.0e+00;jbo+09;*;0;*;*;0;*;351.011  ;19.446   ;
1177;J1612-49;ncb+15;16:12:54;3.0e+01;ncb+15;-49:27;7.0e+00;ncb+15;*;0;*;*;0;*;332.985  ;1.295    ;
1178;J1612-5022;ccb+20;16:12:28.028;1.2e-02;ccb+20;-50:22:57.3;4.0e-01;ccb+20;*;0;*;*;0;*;332.295  ;0.663    ;
1179;J1612-5136;kbm+03;16:12:00.6;3.0e-01;kbm+03;-51:36:54;6.0e+00;kbm+03;*;0;*;*;0;*;331.400  ;-0.187   ;
1180;J1612-55;ncb+15;16:12:06;3.0e+01;ncb+15;-55:09;7.0e+00;ncb+15;*;0;*;*;0;*;328.992  ;-2.776   ;
1181;J1612-5805;kjv+10;16:12:27.816;7.0e-03;bbb+12;-58:05:29.2;1.0e-01;bbb+12;*;0;*;*;0;*;327.008  ;-4.952   ;
1182;J1613-4714;mlt+78;16:13:29.018;4.0e-03;lbs+20;-47:14:26.41;8.0e-02;lbs+20;*;0;*;*;0;*;334.573  ;2.835    ;
1183;J1613-5211;mlc+01;16:13:42.46;1.2e-01;mlc+01;-52:11:21.0;1.8e+00;mlc+01;*;0;*;*;0;*;331.197  ;-0.784   ;
1184;J1613-5234;mlc+01;16:13:57.49;1.9e-01;mlc+01;-52:34:17;3.0e+00;mlc+01;*;0;*;*;0;*;330.962  ;-1.088   ;
1185;J1614+0737;mlt+78;16:14:40.906;9.0e-03;hlk+04;+07:37:31.0;2.5e-01;hlk+04;*;0;*;*;0;*;20.633   ;38.163   ;
1186;J1614-2230;crh+06a;16:14:36.507540;1.8e-05;aab+21a;-22:30:31.2961;1.4e-03;aab+21a;3.86;1.1e-01;*;-32.2;5.9e-01;*;352.636  ;20.192   ;
1187;J1614-23;crh+06a;16:14;0;crh+06a;-23:15;0;crh+06a;*;0;*;*;0;*;351.956  ;19.791   ;
1188;J1614-3846;bbb+12;16:14:42.52;8.0e-02;bsb+19;-38:46:35;6.0e+00;bsb+19;*;0;*;*;0;*;340.628  ;8.788    ;
1189;J1614-3937;mld+96;16:14:31.227;7.0e-03;dsb+98;-39:37:28.8;2.0e-01;dsb+98;*;0;*;*;0;*;340.004  ;8.206    ;
1190;J1614-5048;jlm+92;16:14:11.29;3.0e-02;wmp+00;-50:48:03.5;5.0e-01;wmp+00;*;0;*;*;0;*;332.206  ;0.172    ;
1191;J1614-5144;kbm+03;16:14:45.7;5.0e-01;kbm+03;-51:44:49;9.0e+00;kbm+03;*;0;*;*;0;*;331.619  ;-0.576   ;
1192;J1614-5402;kbm+03;16:14:50.38;6.0e-02;kbm+03;-54:02:47;2.0e+00;kbm+03;*;0;*;*;0;*;330.040  ;-2.247   ;
1193;J1615-2940;mlt+78;16:15:52.83;8.2e-02;hlk+04;-29:40:16;5.0e+00;hlk+04;*;0;*;*;0;*;347.387  ;15.056   ;
1194;J1615-4958;ccb+20;16:15:17.38;3.0e-02;ccb+20;-49:58:02.0;4.0e-01;ccb+20;*;0;*;*;0;*;332.909  ;0.654    ;
1195;J1615-5137;pvc19;16:15:16.8;0;pvc19;-51:37:12;0;pvc19;*;0;*;*;0;*;331.765  ;-0.539   ;
1196;J1615-5444;kbm+03;16:15:01.191;8.0e-03;kbm+03;-54:44:32.4;2.0e-01;kbm+03;*;0;*;*;0;*;329.578  ;-2.768   ;
1197;J1615-5537;jlm+92;16:15:40.43;3.0e-02;jml+95;-55:37:00.5;3.0e-01;jml+95;*;0;*;*;0;*;329.039  ;-3.464   ;
1198;J1616-5017;ncb+15;16:16:29.89;4.0e-02;ncb+15;-50:17:14.9;2.0e-01;ncb+15;*;0;*;*;0;*;332.827  ;0.289    ;
1199;J1616-5109;mlc+01;16:16:30.9;5.0e-01;mlc+01;-51:09:17;9.0e+00;mlc+01;*;0;*;*;0;*;332.226  ;-0.337   ;
1200;J1616-5208;mlc+01;16:16:23.4;4.0e-01;mlc+01;-52:08:48;4.0e+00;mlc+01;*;0;*;*;0;*;331.524  ;-1.038   ;
1201;J1617-4216;ebvb01;16:17:23.38;5.0e-02;ebvb01;-42:16:59;1.0e+00;ebvb01;*;0;*;*;0;*;338.524  ;5.924    ;
1202;J1617-4608;lfl+06;16:17:35.105;1.3e-02;lfl+06;-46:08:36.5;3.0e-01;lfl+06;*;0;*;*;0;*;335.842  ;3.139    ;
1203;J1617-5055;kcm+98;16:17:29.3;1.0e-01;kcm+98;-50:55:13.2;2.0e-01;kcm+98;*;0;*;*;0;*;332.499  ;-0.275   ;
1204;J1618-36;mbc+19;16:18:32.1;0;mbc+19;-36:03:42;0;mbc+19;*;0;*;*;0;*;343.113  ;10.181   ;
1205;J1618-3921;eb01b;16:18:18.8248;3.0e-04;ocg+18;-39:21:01.815;1.0e-02;ocg+18;*;0;*;*;0;*;340.725  ;7.888    ;
1206;J1618-4624;ccb+20;16:18:52.77579;1.3e-04;ccb+20;-46:24:34.950;4.0e-03;ccb+20;*;0;*;*;0;*;335.816  ;2.792    ;
1207;J1618-4723;kbm+03;16:18:06.80;1.0e-02;kbm+03;-47:23:19.1;3.0e-01;kbm+03;*;0;*;*;0;*;335.037  ;2.184    ;
1208;J1619-3345;mss+20;16:19:02;0.0e+00;mss+20;-33:45:01;0.0e+00;mss+20;*;0;*;*;0;*;344.864  ;11.729   ;
1209;J1619-42;kek+13;16:19:06;3.0e+01;kek+13;-42:02;7.0e+00;kek+13;*;0;*;*;0;*;338.927  ;5.880    ;
1210;J1620-4927;pga+12;16:20:41.52;1.0e-02;pga+12;-49:27:37.1;3.0e-01;pga+12;*;0;*;*;0;*;333.888  ;0.408    ;
1211;J1620-5414;hfs+04;16:20:14.44;1.0e-01;hfs+04;-54:14:51.7;1.6e+00;hfs+04;*;0;*;*;0;*;330.467  ;-2.943   ;
1212;J1621-5039;mlc+01;16:21:04.71;1.6e-01;mlc+01;-50:39:48.6;1.8e+00;mlc+01;*;0;*;*;0;*;333.084  ;-0.490   ;
1213;J1621-5243;kbm+03;16:21:55.8;1.0e-01;kbm+03;-52:43:44;3.0e+00;kbm+03;*;0;*;*;0;*;331.718  ;-2.045   ;
1214;J1622-0315;san16;16:22:59.6285;3.0e-04;san16;-03:15:37.328;7.0e-03;san16;-15.4;1.7e+00;san16;37.5;5.1e+00;san16;10.708   ;30.676   ;
1215;J1622-3751;bbb+12;16:22:04.58;4.0e-02;bbb+12;-37:51:13.9;9.0e-01;bbb+12;*;0;*;*;0;*;342.322  ;8.419    ;
1216;J1622-4332;lml+98;16:22:45.468;8.0e-03;dsb+98;-43:32:28.2;3.0e-01;dsb+98;*;0;*;*;0;*;338.332  ;4.339    ;
1217;J1622-4347;lfl+06;16:22:30.060;1.8e-02;lfl+06;-43:47:21.4;3.0e-01;lfl+06;*;0;*;*;0;*;338.122  ;4.198    ;
1218;J1622-4802;mlc+01;16:22:47.19;1.4e-01;mlc+01;-48:02:13.1;1.4e+00;mlc+01;*;0;*;*;0;*;335.139  ;1.170    ;
1219;J1622-4845;ncb+15;16:22:05.45;1.0e-01;ncb+15;-48:46:29;4.0e+00;ncb+15;*;0;*;*;0;*;334.534  ;0.732    ;
1220;J1622-4944;mlc+01;16:22:37.5;3.0e-01;mlc+01;-49:44:30;3.0e+00;mlc+01;*;0;*;*;0;*;333.911  ;-0.013   ;
1221;J1622-4950;lbb+10;16:22:44.80;3.0e-02;lbb+10;-49:50:54.4;5.0e-01;lbb+10;*;0;*;*;0;*;333.849  ;-0.102   ;
1222;J1622-6617;kjb+12;16:22:03.6681;4.0e-04;nbb+14;-66:17:16.978;6.0e-03;nbb+14;-3;2.0e+00;nbb+14;6;4.0e+00;nbb+14;321.978  ;-11.560  ;
1223;J1623-0841;blr+13;16:23:42.6827;9.7e-03;jcs+17;-08:41:36.6;5.0e-01;jcs+17;*;0;*;*;0;*;5.774    ;27.367   ;
1224;J1623-0908;mlt+78;16:23:17.6599;1.0e-04;dgb+19;-09:08:48.733;2.0e-03;dgb+19;-10.76;1.3e-01;dgb+19;23.56;1.2e-01;dgb+19;5.297    ;27.178   ;
1225;J1623-2631;lbb+88;16:23:38.2218;2.0e-04;tacl99;-26:31:53.769;2.0e-03;tacl99;-12.514;2.3e-02;vb21;-19.022;2.3e-02;vb21;350.976  ;15.960   ;
1226;J1623-4256;mlt+78;16:23:48.291;6.0e-03;lbs+20;-42:56:52.6;1.0e-01;lbs+20;*;0;*;*;0;*;338.890  ;4.620    ;
1227;J1623-4949;mlc+01;16:23:54.80;1.5e-01;mlc+01;-49:49:04;3.0e+00;mlc+01;*;0;*;*;0;*;334.003  ;-0.214   ;
1228;J1623-5005;cwp+17;16:23:04.11;1.0e-02;cwp+17;-50:05:15.1;2.0e-01;cwp+17;*;0;*;*;0;*;333.716  ;-0.307   ;
1229;J1624-39;trr+21;16:24:25;0;aab+22;-39:51:00;0;aab+22;*;0;*;*;0;*;341.199  ;6.701    ;
1230;J1624-4041;cwp+17;16:24:09.927;9.0e-03;cwp+17;-40:41:29.7;3.0e-01;cwp+17;*;0;*;*;0;*;340.558  ;6.149    ;
1231;J1624-4411;lfl+06;16:24:21.361;1.8e-02;lfl+06;-44:11:33.8;5.0e-01;lfl+06;*;0;*;*;0;*;338.069  ;3.677    ;
1232;J1624-4613;lfl+06;16:24:18.7;3.0e-01;lfl+06;-46:13:02;9.0e+00;lfl+06;*;0;*;*;0;*;336.616  ;2.265    ;
1233;J1624-4721;kbm+03;16:24:54.89;8.0e-02;kbm+03;-47:21:27;2.0e+00;kbm+03;*;0;*;*;0;*;335.874  ;1.393    ;
1234;J1624+5850;scb+19;16:24:00.964;9.0e-03;tbc+20;+58:50:15.77;6.0e-02;tbc+20;*;0;*;*;0;*;89.198   ;41.791   ;
1235;J1624+8643;slr+14;16:24:32.72;4.4e-02;lsk+18;+86:43:13.21;3.6e-02;lsk+18;*;0;*;*;0;*;119.925  ;29.057   ;
1236;J1625-0021;drc+21;16:25:10.3579;3.0e-04;drc+21;-00:21:28.960;8.0e-03;drc+21;*;0;*;*;0;*;13.890   ;31.827   ;
1237;J1625-4048;mld+96;16:25:10.33;2.0e-02;dsb+98;-40:48:21.5;7.0e-01;dsb+98;*;0;*;*;0;*;340.609  ;5.932    ;
1238;J1625-4904;mlc+01;16:25:18.05;1.3e-01;mlc+01;-49:04:33.6;1.9e+00;mlc+01;*;0;*;*;0;*;334.690  ;0.145    ;
1239;J1625-4913;kjv+10;16:25:16.41;2.0e-02;bbb+12;-49:13:44.6;4.0e-01;bbb+12;*;0;*;*;0;*;334.578  ;0.041    ;
1240;J1626-44;kek+13;16:27:00;3.0e+01;kek+13;-44:22;7.0e+00;kek+13;*;0;*;*;0;*;338.274  ;3.216    ;
1241;J1626-4537;kbm+03;16:26:48.98;1.0e-02;kbm+03;-45:37:25.6;5.0e-01;kbm+03;*;0;*;*;0;*;337.346  ;2.367    ;
1242;J1626-4807;mlc+01;16:26:42.5;3.0e-01;mlc+01;-48:07:54;4.0e+00;mlc+01;*;0;*;*;0;*;335.530  ;0.636    ;
1243;J1626-6621;bbb+12;16:26:06.851;9.0e-03;bbb+12;-66:21:15.27;8.0e-02;bbb+12;*;0;*;*;0;*;322.214  ;-11.901  ;
1244;J1627+1419;fcwa95;16:27:18.759;6.0e-03;fcwa95;+14:19:20.7;1.0e-01;fcwa95;*;0;*;*;0;*;30.030   ;38.319   ;
1245;J1627+3219;aab+22;16:27:56.4;0;aab+22;+32:19:39;0;aab+22;*;0;*;*;0;*;53.000   ;43.200   ;
1246;J1627-4706;lfl+06;16:27:28.75;4.0e-02;lfl+06;-47:06:50.2;7.0e-01;lfl+06;*;0;*;*;0;*;336.352  ;1.250    ;
1247;J1627-4845;kmj+96;16:27:10.34;1.2e-01;kmj+96;-48:45:08;3.0e+00;kmj+96;*;0;*;*;0;*;335.137  ;0.150    ;
1248;J1627-49;ncb+15;16:27:42;3.0e+01;ncb+15;-49:54;7.0e+00;ncb+15;*;0;*;*;0;*;334.370  ;-0.709   ;
1249;J1627-51;ncb+15;16:27:30;3.0e+01;ncb+15;-51:08;7.0e+00;ncb+15;*;0;*;*;0;*;333.459  ;-1.541   ;
1250;J1627-5547;kbm+03;16:27:21.08;2.0e-02;kbm+03;-55:47:52.4;4.0e-01;kbm+03;*;0;*;*;0;*;330.074  ;-4.756   ;
1251;J1627-5936;kjv+10;16:27:52.59;4.0e-02;bbb+12;-59:36:55.3;2.0e-01;bbb+12;*;0;*;*;0;*;327.341  ;-7.438   ;
1252;J1628-3205;rap+12;16:28:07.00;0;lht14;-32:05:48.9;0;lht14;*;0;*;*;0;*;347.428  ;11.482   ;
1253;J1628+4406;slr+14;16:28:50.31188;1.4e-04;lsk+18;+44:06:42.6117;8.7e-04;lsk+18;*;0;*;*;0;*;69.239   ;43.616   ;
1254;J1628-4804;mlc+01;16:28:26.83;1.4e-01;mlc+01;-48:04:59;3.0e+00;mlc+01;*;0;*;*;0;*;335.766  ;0.461    ;
1255;J1628-4828;kbm+03;16:28:30.9;4.0e-01;kbm+03;-48:28:42;9.0e+00;kbm+03;*;0;*;*;0;*;335.488  ;0.180    ;
1256;J1629+33;mss+20;16:29;0.0e+00;mss+20;+33;0.0e+00;mss+20;*;0;*;*;0;*;53.955   ;43.074   ;
1257;J1629-3636;bbb+12;16:29:35.81;9.0e-02;bbb+12;-36:36:13;2.0e+00;bbb+12;*;0;*;*;0;*;344.280  ;8.198    ;
1258;J1629-3825;bsb+19;16:29:14.618;1.1e-02;bsb+19;-38:25:29.3;5.0e-01;bsb+19;*;0;*;*;0;*;342.889  ;7.006    ;
1259;J1629-6902;eb01b;16:29:08.7706;4.0e-04;eb01b;-69:02:45.294;3.0e-03;eb01b;*;0;*;*;0;*;320.371  ;-13.926  ;
1260;J1630-2609;sfj+20;16:30:28.99;3.0e-02;sfj+20;-26:09:47;3.0e+00;sfj+20;*;0;*;*;0;*;352.321  ;15.061   ;
1261;J1630+3550;dsm+13;16:30:35.94666;1.2e-04;sbo+22;+35:50:42.433;3.0e-03;sbo+22;*;0;*;*;0;*;57.877   ;43.077   ;
1262;J1630+3734;san16;16:30:36.46693;7.0e-05;san16;+37:34:42.097;1.0e-03;san16;2.4;3.5e+00;san16;-15.9;3.4e+00;san16;60.245   ;43.215   ;
1263;J1630-4719;kbm+03;16:30:02.47;5.0e-02;kbm+03;-47:19:42;2.0e+00;kbm+03;*;0;*;*;0;*;336.497  ;0.787    ;
1264;J1630-4733;jlm+92;16:30:37.47;4.0e-02;jml+95;-47:33:05.0;8.0e-01;jml+95;*;0;*;*;0;*;336.403  ;0.562    ;
1265;J1631-1612;rsm+13;16:31:52.47;3.0e-02;rsm+13;-16:12:52.0;3.0e+00;rsm+13;*;0;*;*;0;*;0.577    ;21.193   ;
1266;J1631-4155;lfl+06;16:31:18.33;7.0e-02;lfl+06;-41:55:03.7;2.0e+00;lfl+06;*;0;*;*;0;*;340.596  ;4.332    ;
1267;J1632-1013;crh+06a;16:32:54.20;2.0e-02;crh+06a;-10:13:18;1.0e+00;crh+06a;*;0;*;*;0;*;5.910    ;24.636   ;
1268;J1632-4509;hfs+04;16:32:14.00;1.7e-01;hfs+04;-45:09:09;9.0e+00;hfs+04;*;0;*;*;0;*;338.343  ;2.002    ;
1269;J1632-4621;mlc+01;16:32:49.813;1.6e-02;mlc+01;-46:21:48.6;9.0e-01;mlc+01;*;0;*;*;0;*;337.527  ;1.100    ;
1270;J1632-4757;hfs+04;16:32:16.66;1.3e-01;psj+19;-47:57:34.5;3.0e-01;psj+19;*;0;*;*;0;*;336.296  ;0.080    ;
1271;J1632-4818;mlc+01;16:32:39.70;3.0e-02;psj+19;-48:18:53.8;8.0e-01;psj+19;*;0;*;*;0;*;336.080  ;-0.209   ;
1272;J1633-2009;blr+13;16:33:55.30;6.0e-02;blr+13;-20:10:09;5.0e+00;blr+13;*;0;*;*;0;*;357.631  ;18.331   ;
1273;J1633-4453;jlm+92;16:33:47.048;6.0e-03;jml+95;-44:53:07.8;2.0e-01;jml+95;*;0;*;*;0;*;338.725  ;1.982    ;
1274;J1633-4805;kbm+03;16:33:05.4;1.0e-01;kbm+03;-48:05:36;4.0e+00;kbm+03;*;0;*;*;0;*;336.290  ;-0.110   ;
1275;J1633-5015;jlm+92;16:33:00.0861;1.0e-04;lbs+20;-50:15:08.358;3.0e-03;lbs+20;*;0;*;*;0;*;334.698  ;-1.569   ;
1276;J1634+02;aab+22;16:34:50;0;aab+22;+02:34:03;0;aab+22;*;0;*;*;0;*;18.299   ;31.302   ;
1277;J1634-4229;ccb+20;16:34:14.665;9.0e-03;ccb+20;-42:29:44.3;4.0e-01;ccb+20;*;0;*;*;0;*;340.542  ;3.540    ;
1278;J1634-49;ncb+15;16:34:30;3.0e+01;ncb+15;-49:52;7.0e+00;ncb+15;*;0;*;*;0;*;335.145  ;-1.484   ;
1279;J1634-5107;lfl+06;16:34:04.99;8.0e-02;yws+15;-51:07:45.6;9.0e-01;yws+15;*;0;*;*;0;*;334.171  ;-2.290   ;
1280;J1634-5640;bbb+12;16:34:19.17;2.0e-02;bbb+12;-56:40:48.7;3.0e-01;bbb+12;*;0;*;*;0;*;330.090  ;-6.066   ;
1281;J1635-1511;jbo+09;16:35:47.36;4.0e-02;jbo+09;-15:11:52;3.0e+00;jbo+09;*;0;*;*;0;*;2.058    ;21.078   ;
1282;J1635+2332;ttk+17;16:35:05.36;1.0e-02;mbc+20;+23:32:23.2;3.0e-01;mbc+20;*;0;*;*;0;*;41.998   ;39.747   ;
1283;J1635+2418;skk+80;16:35:25.781;1.5e-02;hlk+04;+24:18:47.3;2.5e-01;hlk+04;*;0;*;*;0;*;42.993   ;39.889   ;
1284;J1635-4513;kbm+03;16:35:55.4;3.0e-01;kbm+03;-45:13:27;1.7e+01;kbm+03;*;0;*;*;0;*;338.731  ;1.475    ;
1285;J1635-4735;etm+09;16:35:51.844;2.0e-02;wpk+04;-47:35:23.31;2.0e-01;wpk+04;*;0;*;*;0;*;336.976  ;-0.111   ;
1286;J1635-4944;kbm+03;16:35:55.4;1.0e-01;kbm+03;-49:44:36;2.0e+00;kbm+03;*;0;*;*;0;*;335.391  ;-1.570   ;
1287;J1635-5954;mlt+78;16:35:09.08;7.0e-02;nmc81;-59:54:41;1.0e+00;nmc81;*;0;*;*;0;*;327.747  ;-8.313   ;
1288;J1636-2614;bbb+12;16:36:11.506;1.7e-02;bsb+19;-26:14:47.0;1.3e+00;bsb+19;*;0;*;*;0;*;353.120  ;14.036   ;
1289;J1636-4440;kel+09;16:36:16.53;2.0e-02;kel+09;-44:40:25;1.0e+00;kel+09;*;0;*;*;0;*;339.180  ;1.799    ;
1290;J1636-4803;kbm+03;16:36:32.0;2.0e-01;kbm+03;-48:03:55;9.0e+00;kbm+03;*;0;*;*;0;*;336.700  ;-0.515   ;
1291;J1636-4933;kbm+03;16:36:55.15;5.0e-02;kbm+03;-49:33:10;3.0e+00;kbm+03;*;0;*;*;0;*;335.641  ;-1.561   ;
1292;J1637-4335;kbm+03;16:37:56.8;1.0e-01;kbm+03;-43:35:42;5.0e+00;kbm+03;*;0;*;*;0;*;340.182  ;2.300    ;
1293;J1637-4450;lfl+06;16:37:53.15;3.0e-02;lfl+06;-44:50:26.3;8.0e-01;lfl+06;*;0;*;*;0;*;339.248  ;1.475    ;
1294;J1637-4553;jlm+92;16:37:58.692;4.0e-03;psj+19;-45:53:26.82;9.0e-02;psj+19;*;0;*;*;0;*;338.478  ;0.761    ;
1295;J1637-46;kek+13;16:37:36;3.0e+01;kek+13;-46:13;7.0e+00;kek+13;*;0;*;*;0;*;338.192  ;0.592    ;
1296;J1637-4642;kbm+03;16:37:13.75;1.7e-01;psj+19;-46:42:14.2;4.0e-01;psj+19;*;0;*;*;0;*;337.788  ;0.312    ;
1297;J1637-4721;kbm+03;16:37:11.4;1.0e-01;kbm+03;-47:21:03;8.0e+00;kbm+03;*;0;*;*;0;*;337.304  ;-0.117   ;
1298;J1637-4816;kel+09;16:37:58.68;4.0e-02;kel+09;-48:16:12;2.0e+00;kel+09;*;0;*;*;0;*;336.710  ;-0.831   ;
1299;J1638-35;mss+20;16:38;0.0e+00;mss+20;-35;0.0e+00;mss+20;*;0;*;*;0;*;346.635  ;8.010    ;
1300;J1638-3815;lfl+06;16:38:37.349;1.8e-02;lfl+06;-38:15:03.4;7.0e-01;lfl+06;*;0;*;*;0;*;344.264  ;5.764    ;
1301;J1638-3951;eklk13;16:38:15.56;5.0e-02;eklk13;-39:51:59;1.0e+00;eklk13;*;0;*;*;0;*;343.005  ;4.744    ;
1302;J1638+4005;ttk+17;16:38:16.243;6.0e-03;tbc+20;+40:05:56.37;6.0e-02;tbc+20;*;0;*;*;0;*;63.774   ;41.866   ;
1303;J1638-4233;bbb+12;16:38:24.71;6.0e-02;bsb+19;-42:33:55;3.0e+00;bsb+19;*;0;*;*;0;*;341.007  ;2.924    ;
1304;J1638-4344;kbm+03;16:38:52.88;5.0e-02;kbm+03;-43:44:04;1.0e+00;kbm+03;*;0;*;*;0;*;340.191  ;2.081    ;
1305;J1638-44;ncb+15;16:38:18;3.0e+01;ncb+15;-44:40;7.0e+00;ncb+15;*;0;*;*;0;*;339.427  ;1.537    ;
1306;J1638-4417;hfs+04;16:38:46.226;8.0e-03;psj+19;-44:17:03.2;2.0e-01;psj+19;*;0;*;*;0;*;339.768  ;1.730    ;
1307;J1638-4608;kbm+03;16:38:23.26;9.0e-02;psj+19;-46:08:13.4;3.0e-01;psj+19;*;0;*;*;0;*;338.343  ;0.543    ;
1308;J1638-4725;lfl+06;16:38:12.94;1.1e-01;lfl+06;-47:25:32;3.0e+00;lfl+06;*;0;*;*;0;*;337.364  ;-0.296   ;
1309;J1638-5226;kbm+03;16:38:59.96;3.0e-02;kbm+03;-52:26:57.4;4.0e-01;kbm+03;*;0;*;*;0;*;333.702  ;-3.739   ;
1310;J1639-4359;kbm+03;16:39:06.85;4.0e-02;kbm+03;-43:59:52;2.0e+00;kbm+03;*;0;*;*;0;*;340.023  ;1.875    ;
1311;J1639-4604;jlm+92;16:39:21.201;1.1e-02;jml+95;-46:04:33.1;4.0e-01;jml+95;*;0;*;*;0;*;338.500  ;0.459    ;
1312;J1640+2224;wol95;16:40:16.745069;3.8e-06;abb+18;+22:24:08.82406;7.1e-05;abb+18;2.078;1.1e-02;*;-11.336;2.0e-02;*;41.051   ;38.271   ;
1313;J1640-4631;gth+14;16:40:43.52;1.0e-02;lsgm09;-46:31:35.4;2.0e-01;lsgm09;*;0;*;*;0;*;338.320  ;-0.017   ;
1314;J1640-4648;kbm+03;16:40:47.62;6.0e-02;kbm+03;-46:48:45;2.0e+00;kbm+03;*;0;*;*;0;*;338.114  ;-0.215   ;
1315;J1640-4715;jlm+92;16:40:13.09;3.0e-02;psj+19;-47:15:38.1;8.0e-01;psj+19;*;0;*;*;0;*;337.713  ;-0.439   ;
1316;J1640-4951;kbm+03;16:40:43.56;3.0e-02;kbm+03;-49:51:02.1;7.0e-01;kbm+03;*;0;*;*;0;*;335.829  ;-2.218   ;
1317;J1641-2347;ebvb01;16:41:18.04;6.0e-02;ebvb01;-23:47:36;6.0e+00;ebvb01;*;0;*;*;0;*;355.831  ;14.714   ;
1318;J1641+3627A;kapw91;16:41:40.87019;5.0e-05;wps+20;+36:27:14.9788;4.0e-04;wps+20;-3.149;2.3e-02;vb21;-2.574;2.3e-02;vb21;59.000   ;40.914   ;
1319;J1641+3627B;and92;16:41:40.39144;7.0e-05;wps+20;+36:25:58.4880;5.0e-04;wps+20;-3.149;2.3e-02;vb21;-2.574;2.3e-02;vb21;58.972   ;40.913   ;
1320;J1641+3627C;hrs+07;16:41:41.00748;3.0e-05;wps+20;+36:27:02.7438;2.0e-04;wps+20;-3.149;2.3e-02;vb21;-2.574;2.3e-02;vb21;58.995   ;40.913   ;
1321;J1641+3627D;hrs+07;16:41:42.395232;7.0e-06;wps+20;+36:27:28.2021;3.0e-04;wps+20;-3.149;2.3e-02;vb21;-2.574;2.3e-02;vb21;59.005   ;40.909   ;
1322;J1641+3627E;hrs+07;16:41:42.0221;1.0e-04;wps+20;+36:27:34.9676;9.0e-04;wps+20;-3.149;2.3e-02;vb21;-2.574;2.3e-02;vb21;59.008   ;40.910   ;
1323;J1641+3627F;wps+20;16:41:44.6058;3.0e-04;wps+20;+36:28:16.0034;0;wps+20;-3.149;2.3e-02;vb21;-2.574;2.3e-02;vb21;59.024   ;40.903   ;
1324;J1641-5317;cla17;16:41:15.91;6.0e-02;cla17;-53:17:48.8;9.0e-01;cla17;*;0;*;*;0;*;333.291  ;-4.557   ;
1325;J1641+8049;slr+14;16:41:20.8381;3.4e-04;lsk+18;+80:49:52.9142;7.5e-04;lsk+18;-11;1.0e+00;lsk+18;37;3.0e+00;lsk+18;113.840  ;31.763   ;
1326;J164310;mss+20;16:43;0.0e+00;mss+20;-10;0.0e+00;mss+20;*;0;*;*;0;*;7.692    ;22.749   ;
1327;J1643-1224;lnl+95;16:43:38.162198;4.6e-06;rsc+21;-12:24:58.6723;3.2e-04;rsc+21;5.966;1.5e-02;*;3.88;6.9e-02;*;5.669    ;21.218   ;
1328;J1643+1338;ttk+17;16:43:54.140;5.0e-03;tbc+20;+13:38:43.9;1.0e-01;tbc+20;*;0;*;*;0;*;31.260   ;34.360   ;
1329;J1643-4505;lfl+06;16:43:36.91;3.0e-02;psj+19;-45:05:45.8;7.0e-01;psj+19;*;0;*;*;0;*;339.728  ;0.547    ;
1330;J1643-4522;kbm+03;16:43:20.40;7.0e-02;kbm+03;-45:22:01;2.0e+00;kbm+03;*;0;*;*;0;*;339.492  ;0.406    ;
1331;J1643-4550;kbm+03;16:43:13.52;2.0e-02;kbm+03;-45:50:54.5;5.0e-01;kbm+03;*;0;*;*;0;*;339.115  ;0.105    ;
1332;J1644-33;mss+20;16:44;0;mss+20;-33;0;mss+20;*;0;*;*;0;*;348.986  ;8.374    ;
1333;J1644-44;kek+13;16:44:36;3.0e+01;kek+13;-44:10;7.0e+00;kek+13;*;0;*;*;0;*;340.546  ;1.023    ;
1334;J1644-4559;kac+73;16:44:49.273;2.0e-03;jbv+19;-45:59:09.71;5.0e-02;jbv+19;*;0;*;*;0;*;339.193  ;-0.195   ;
1335;J1644-46;kek+13;16:44:06;3.0e+01;kek+13;-46:26;7.0e+00;kek+13;*;0;*;*;0;*;338.773  ;-0.393   ;
1336;J1644-4657;eklk13;16:44:38.5;1.0e-01;eklk13;-46:57:38;4.0e+00;eklk13;*;0;*;*;0;*;338.435  ;-0.808   ;
1337;J1645-0317;ht69;16:45:02.0406;1.0e-04;dgb+19;-03:17:57.819;2.0e-03;dgb+19;-1.035;2.7e-02;dgb+19;20.5;2.0e-01;dgb+19;14.114   ;26.062   ;
1338;J1645+1012;fcwa95;16:45:34.415;5.0e-03;fcwa95;+10:12:16.04;9.0e-02;fcwa95;*;0;*;*;0;*;27.719   ;32.548   ;
1339;J1646-1910;sfj+20;16:46:18.66;1.1e-01;sfj+20;-19:10:14;8.0e+00;sfj+20;*;0;*;*;0;*;0.350    ;16.664   ;
1340;J1646-2142;rb13;16:46:18.6344;4.0e-04;brf+22;-21:42:02.49;5.0e-02;brf+22;*;0;*;*;0;*;358.269  ;15.116   ;
1341;J1646-4308;kbm+03;16:46:55.3;2.0e-01;kbm+03;-43:08:07;4.0e+00;kbm+03;*;0;*;*;0;*;341.603  ;1.374    ;
1342;J1646-4346;jlm+92;16:46:51.3;3.0e-01;jml+95;-43:46:38;5.0e+00;jml+95;*;0;*;*;0;*;341.105  ;0.968    ;
1343;J1646-5123;lfl+06;16:46:36.35;4.0e-02;lfl+06;-51:23:14.6;5.0e-01;lfl+06;*;0;*;*;0;*;335.276  ;-3.929   ;
1344;J1646-6831;mlt+78;16:46:54.91;3.0e-02;lbs+20;-68:31:51.7;1.0e-01;lbs+20;*;0;*;*;0;*;321.842  ;-14.830  ;
1345;J1647-3607;bb10;16:47:46.51;2.0e-02;bbb+12;-36:07:04;1.0e+00;bbb+12;*;0;*;*;0;*;347.084  ;5.773    ;
1346;J1647-4552;mcc+06;16:47:10.20;3.0e-02;mcc+06;-45:52:16.8;3.0e-01;mcc+06;*;0;*;*;0;*;339.546  ;-0.431   ;
1347;J1647+6608;slr+14;16:47:32.521;1.8e-02;lsk+18;+66:08:22.24;1.8e-01;lsk+18;*;0;*;*;0;*;97.180   ;37.034   ;
1348;J1648-3256;mld+96;16:48:06.070;4.0e-03;dsb+98;-32:56:40.8;2.0e-01;dsb+98;*;0;*;*;0;*;349.586  ;7.749    ;
1349;J1648-4458;kbm+03;16:48:13.0;1.0e-01;kbm+03;-44:58:26;3.0e+00;kbm+03;*;0;*;*;0;*;340.349  ;0.009    ;
1350;J1648-4611;kbm+03;16:48:22.043;7.0e-03;psj+19;-46:11:15.75;2.0e-01;psj+19;*;0;*;*;0;*;339.438  ;-0.794   ;
1351;J1648-6044;kjv+10;16:48:51.23;2.0e-02;bbb+12;-60:44:25.5;1.0e-01;bbb+12;*;0;*;*;0;*;328.220  ;-10.141  ;
1352;J1649+2533;fcwa95;16:49:44.23;5.0e-02;lwf+04;+25:33:07.0;2.0e-01;lwf+04;*;0;*;*;0;*;45.648   ;37.107   ;
1353;J1649-3012;nie+20;16:49:46.3;0;aab+22;-30:12:21;0;aab+22;*;0;*;*;0;*;351.958  ;9.207    ;
1354;J1649-3805;lfl+06;16:49:48.222;1.9e-02;lfl+06;-38:05:59.1;3.0e-01;lfl+06;*;0;*;*;0;*;345.815  ;4.194    ;
1355;J1649-3935;ncb+15;16:49:06.68;3.0e-02;ncb+15;-39:35:44.2;1.4e+00;ncb+15;*;0;*;*;0;*;344.577  ;3.341    ;
1356;J1649-4349;mlc+01;16:49:20.42;8.0e-02;mlc+01;-43:49:22.2;1.5e+00;mlc+01;*;0;*;*;0;*;341.360  ;0.596    ;
1357;J1649-4653;kbm+03;16:49:24.61;1.1e-01;psj+19;-46:53:09.3;2.0e-01;psj+19;*;0;*;*;0;*;339.019  ;-1.380   ;
1358;J1649-4729;mlc+01;16:49:18.27;1.2e-01;mlc+01;-47:29:53;5.0e+00;mlc+01;*;0;*;*;0;*;338.538  ;-1.759   ;
1359;J1649-5553;ebvb01;16:49:31.1;1.0e-01;ebvb01;-55:53:40;2.0e+00;ebvb01;*;0;*;*;0;*;332.077  ;-7.148   ;
1360;J1650-1654;mld+96;16:50:27.1694;7.0e-04;dgb+19;-16:54:42.282;2.0e-02;dgb+19;-15.07;5.0e-02;dgb+19;-6.55;1.4e-01;dgb+19;2.856    ;17.234   ;
1361;J1650-4126;kbm+03;16:50:13.174;5.0e-03;kbm+03;-41:26:33.8;3.0e-01;kbm+03;*;0;*;*;0;*;343.291  ;1.997    ;
1362;J1650-4341;kbm+03;16:50:44.68;1.0e-02;kbm+03;-43:41:30.8;5.0e-01;kbm+03;*;0;*;*;0;*;341.623  ;0.485    ;
1363;J1650-4502;mlc+01;16:50:32.30;6.0e-02;mlc+01;-45:02:37.3;2.0e+00;mlc+01;*;0;*;*;0;*;340.559  ;-0.351   ;
1364;J1650-4601;cwp+17;16:50:18.62;2.0e-02;cwp+17;-46:01:18.6;4.0e-01;cwp+17;*;0;*;*;0;*;339.782  ;-0.946   ;
1365;J1650-4921;lfl+06;16:50:35.109;1.7e-02;psj+19;-49:21:03.76;3.0e-02;psj+19;*;0;*;*;0;*;337.248  ;-3.108   ;
1366;J1651+14;ttk+17;16:51:00;0;ttk+17;+14:22;0;ttk+17;*;0;*;*;0;*;32.880   ;33.069   ;
1367;J1651-1709;mlt+78;16:51:31.75;2.5e-02;hlk+04;-17:09:22;2.5e+00;hlk+04;*;0;*;*;0;*;2.810    ;16.882   ;
1368;J1651-4246;mlt+78;16:51:48.797;6.0e-03;lbs+20;-42:46:09.97;1.0e-02;lbs+20;*;0;*;*;0;*;342.458  ;0.923    ;
1369;J1651-4519;kbm+03;16:51:57.2;5.0e-01;kbm+03;-45:19:11;8.0e+00;kbm+03;*;0;*;*;0;*;340.506  ;-0.719   ;
1370;J1651-5222;mlt+78;16:51:42.962;2.0e-03;lbs+20;-52:22:58.38;3.0e-02;lbs+20;*;0;*;*;0;*;335.014  ;-5.172   ;
1371;J1651-5255;mlt+78;16:51:41.41;1.0e-02;lbs+20;-52:55:47.7;2.0e-01;lbs+20;*;0;*;*;0;*;334.586  ;-5.515   ;
1372;J1651-7642;jbo+09;16:51:07.87;1.6e-01;jbo+09;-76:42:39.5;7.0e-01;jbo+09;*;0;*;*;0;*;315.149  ;-19.953  ;
1373;J1652-1400;jbo+09;16:52:16.677;7.0e-03;jbo+09;-14:00:27.4;4.0e-01;jbo+09;*;0;*;*;0;*;5.599    ;18.581   ;
1374;J1652-2404;mlt+78;16:52:58.52;5.5e-02;hlk+04;-24:03:51;6.4e+00;hlk+04;*;0;*;*;0;*;357.315  ;12.454   ;
1375;J1652+2651;fcwa95;16:52:03.07;3.0e-02;lwf+04;+26:51:40.4;4.0e-01;lwf+04;*;0;*;*;0;*;47.402   ;36.954   ;
1376;J1652-4406;kkl+11;16:52:59.5;2.0e-01;kkl+11;-44:06:05;4.0e+00;kkl+11;*;0;*;*;0;*;341.564  ;-0.088   ;
1377;J1652-4838;kek+13;16:52:54;3.0e+01;kek+13;-48:45;7.0e+00;kek+13;*;0;*;*;0;*;337.954  ;-3.019   ;
1378;J1653-0158;nck+20;16:53:38.05381;5.0e-05;gaia18;-01:58:36.8930;5.0e-04;gaia18;-19.62;1.9e+00;gaia18;-3.74;1.1e+00;gaia18;16.615   ;24.935   ;
1379;J1653-2054;btb+15;16:53:31.03;2.0e-02;btb+15;-20:54:55.1;1.0e-01;btb+15;*;0;*;*;0;*;359.969  ;14.261   ;
1380;J1653-3838;jlm+92;16:53:39.798;1.1e-02;jml+95;-38:38:20.8;5.0e-01;jml+95;*;0;*;*;0;*;345.878  ;3.268    ;
1381;J1653-4030;lfl+06;16:53:34.23;1.4e-01;lfl+06;-40:30:01.4;4.8e+00;lfl+06;*;0;*;*;0;*;344.422  ;2.107    ;
1382;J1653-4105;ccb+20;16:53:25.374;1.0e-02;ccb+20;-41:05:25.6;4.0e-01;ccb+20;*;0;*;*;0;*;343.946  ;1.756    ;
1383;J1653-4249;mlc+01;16:53:40.22;5.0e-02;mlc+01;-42:49:03.3;1.9e+00;mlc+01;*;0;*;*;0;*;342.636  ;0.629    ;
1384;J1653-4315;kbm+03;16:53:29.7;2.0e-01;kbm+03;-43:15:01;5.0e+00;kbm+03;*;0;*;*;0;*;342.281  ;0.380    ;
1385;J1653-45;ccb+20;16:53:54;1.8e+01;ccb+20;-45:17;7.0e+00;ccb+20;*;0;*;*;0;*;340.751  ;-0.961   ;
1386;J1653-4854;kbm+03;16:53:56.7;1.0e-01;kbm+03;-48:54:51;4.0e+00;kbm+03;*;0;*;*;0;*;337.936  ;-3.256   ;
1387;J1654-23;bb10;16:54:03;3.1e+01;kkl+11;-23:35;7.0e+00;kkl+11;*;0;*;*;0;*;357.859  ;12.552   ;
1388;J1654-26;mbc+19;16:54:39;0;mbc+19;-26:36:18;0;mbc+19;*;0;*;*;0;*;355.499  ;10.601   ;
1389;J1654-2713;lml+98;16:54:23.62;5.0e-02;hlk+04;-27:13:02;5.0e+00;hlk+04;*;0;*;*;0;*;354.972  ;10.271   ;
1390;J1654-3710;lfl+06;16:54:44.426;1.9e-02;lfl+06;-37:10:57.1;9.0e-01;lfl+06;*;0;*;*;0;*;347.147  ;4.018    ;
1391;J1654-4140;kbm+03;16:54:23.5;1.0e-01;kbm+03;-41:40:24;3.0e+00;kbm+03;*;0;*;*;0;*;343.609  ;1.247    ;
1392;J1654-4245;kel+09;16:54:22.08;4.0e-02;kel+09;-42:45:39;3.0e+00;kel+09;*;0;*;*;0;*;342.761  ;0.565    ;
1393;J1655-3048;ebvb01;16:55:24.53;2.0e-02;ebvb01;-30:48:42;1.0e+00;ebvb01;*;0;*;*;0;*;352.245  ;7.880    ;
1394;J1655-3844;eklk13;16:55:38.66;5.0e-02;eklk13;-38:44:09;1.0e+00;eklk13;*;0;*;*;0;*;346.046  ;2.906    ;
1395;J1656+00;dsm+16;16:56:41;1.1e+02;dsm+16;+00:26;8.0e+00;dsm+16;*;0;*;*;0;*;19.336   ;25.510   ;
1396;J1656-3621;lfl+06;16:56:32.955;1.5e-02;lfl+06;-36:21:59.7;6.0e-01;lfl+06;*;0;*;*;0;*;348.013  ;4.245    ;
1397;J1656+6203;scb+19;16:56:10.29;1.0e-02;tbc+20;+62:03:50.41;9.0e-02;tbc+20;*;0;*;*;0;*;91.938   ;37.144   ;
1398;J1657-0406A;pqm+21;16:57:09.1;0.0e+00;har10a;-04:06:01;0.0e+00;har10a;-4.758;2.4e-02;vb21;-6.597;2.4e-02;vb21;15.137   ;23.076   ;
1399;J1657-0406B;pqm+21;16:57:09.1;0.0e+00;har10a;-04:06:01;0.0e+00;har10a;-4.758;2.4e-02;vb21;-6.597;2.4e-02;vb21;15.137   ;23.076   ;
1400;J1657+3304;ttk+17;16:57:50.682;6.0e-03;tbc+20;+33:04:33.65;5.0e-02;tbc+20;*;0;*;*;0;*;55.344   ;37.124   ;
1401;J1657-4432;kbm+03;16:57:36.73;4.0e-02;kbm+03;-44:32:20;1.0e+00;kbm+03;*;0;*;*;0;*;341.743  ;-1.006   ;
1402;J1658-2823;mss+20;16:58:03;0.0e+00;mss+20;-28:23:04;0.0e+00;mss+20;*;0;*;*;0;*;354.538  ;8.917    ;
1403;J1658+3630;scb+19;16:58:26.5198;3.0e-04;tbc+20;+36:30:30.095;3.0e-03;tbc+20;15;8.0e+00;tbc+20;-65;8.0e+00;tbc+20;59.626   ;37.579   ;
1404;J1658-4306;kbm+03;16:58:16.6;3.0e-01;kbm+03;-43:06:50;7.0e+00;kbm+03;*;0;*;*;0;*;342.933  ;-0.214   ;
1405;J1658-47;ncb+15;16:58:24;3.0e+01;ncb+15;-47:12;7.0e+00;ncb+15;*;0;*;*;0;*;339.742  ;-2.767   ;
1406;J1658-4958;hfs+04;16:58:54.92;6.0e-02;hfs+04;-49:58:58.4;6.0e-01;hfs+04;*;0;*;*;0;*;337.602  ;-4.554   ;
1407;J1658-5324;kcj+12;16:58:39.34359;9.0e-05;ckr+15;-53:24:07.003;1.0e-03;ckr+15;0.2;8.0e-01;ckr+15;4.90;2.3e-01;ckr+15;334.869  ;-6.625   ;
1408;J1659-1305;dtws85;16:59:53.08;2.1e-02;hlk+04;-13:05:09.0;1.8e+00;hlk+04;*;0;*;*;0;*;7.507    ;17.592   ;
1409;J1659-4316;kbm+03;16:59:56.38;4.0e-02;kbm+03;-43:16:06;2.0e+00;kbm+03;*;0;*;*;0;*;343.000  ;-0.547   ;
1410;J1659-4439;kbm+03;16:59:39.44;4.0e-02;kbm+03;-44:39:01;1.0e+00;kbm+03;*;0;*;*;0;*;341.881  ;-1.361   ;
1411;J1659-54;vff+20;16:59:23;5.0e+00;vff+20;-54;2.0e+00;vff+20;*;0;*;*;0;*;334.459  ;-7.077   ;
1412;J1700-0954;sfj+20;17:00:03.228;1.2e-02;sfj+20;-09:54:43.2;8.0e-01;sfj+20;*;0;*;*;0;*;10.307   ;19.330   ;
1413;J1700-3312;mld+96;17:00:52.981;1.8e-02;hlk+04;-33:12:46.5;1.4e+00;hlk+04;*;0;*;*;0;*;351.055  ;5.489    ;
1414;J1700-3611;lfl+06;17:00:49.32;5.0e-02;lfl+06;-36:11:53;3.0e+00;lfl+06;*;0;*;*;0;*;348.679  ;3.672    ;
1415;J1700-3919;hfs+04;17:00:22.27;3.0e-02;hfs+04;-39:19:00.02;1.4e+00;hfs+04;*;0;*;*;0;*;346.161  ;1.826    ;
1416;J1700-4012;lfl+06;17:00:38.55;4.0e-02;lfl+06;-40:12:38.6;1.2e+00;lfl+06;*;0;*;*;0;*;345.488  ;1.234    ;
1417;J1700-4422;kjv+10;17:00:53.67;8.0e-02;bbb+12;-44:22:27;1.0e+00;bbb+12;*;0;*;*;0;*;342.235  ;-1.364   ;
1418;J1700-4939;kbm+03;17:00:22.56;4.0e-02;kbm+03;-49:39:15;1.0e+00;kbm+03;*;0;*;*;0;*;338.008  ;-4.538   ;
1419;J1701-3006A;dlm+01;17:01:12.50942;4.9e-04;lfrj12;-30:06:30.173;3.6e-02;lfrj12;-4.978;2.6e-02;vb21;-2.947;2.6e-02;vb21;353.578  ;7.322    ;
1420;J1701-3006B;pdm+03;17:01:12.6677;1.0e-03;lfrj12;-30:06:49.044;7.6e-02;lfrj12;-4.978;2.6e-02;vb21;-2.947;2.6e-02;vb21;353.574  ;7.319    ;
1421;J1701-3006C;pdm+03;17:01:12.86592;3.5e-04;lfrj12;-30:06:59.415;2.1e-02;lfrj12;-4.978;2.6e-02;vb21;-2.947;2.6e-02;vb21;353.572  ;7.316    ;
1422;J1701-3006D;cha03;17:01:13.5631;1.5e-03;lfrj12;-30:06:42.559;7.9e-02;lfrj12;-4.978;2.6e-02;vb21;-2.947;2.6e-02;vb21;353.577  ;7.317    ;
1423;J1701-3006E;cha03;17:01:13.2734;1.7e-03;lfrj12;-30:06:46.89;1.1e-01;lfrj12;-4.978;2.6e-02;vb21;-2.947;2.6e-02;vb21;353.576  ;7.317    ;
1424;J1701-3006F;cha03;17:01:12.8222;1.5e-03;lfrj12;-30:06:51.82;1.0e-01;lfrj12;-4.978;2.6e-02;vb21;-2.947;2.6e-02;vb21;353.573  ;7.318    ;
1425;J1701-3006G;rgf+21;17:01:14.0;2.0e-01;rgf+21;-30:06:42;4.1e+01;rgf+21;-4.978;2.6e-02;vb21;-2.947;2.6e-02;vb21;353.578  ;7.316    ;
1426;J1701-3130;ebvb01;17:01:43.513;5.0e-03;ebvb01;-31:30:36.7;4.0e-01;ebvb01;*;0;*;*;0;*;352.523  ;6.384    ;
1427;J1701-3726;jlm+92;17:01:18.45;1.0e-02;lbs+20;-37:26:27.2;5.0e-01;lbs+20;*;0;*;*;0;*;347.755  ;2.833    ;
1428;J1701-4533;jlm+92;17:01:29.154;6.0e-03;jml+95;-45:33:48.7;3.0e-01;jml+95;*;0;*;*;0;*;341.360  ;-2.177   ;
1429;J1701-4958;eklk13;17:01:12.83;6.0e-02;eklk13;-49:58:33;2.0e+00;eklk13;*;0;*;*;0;*;337.835  ;-4.841   ;
1430;J1702-3932;kbm+03;17:02:14.36;3.0e-02;kbm+03;-39:32:40;2.0e+00;kbm+03;*;0;*;*;0;*;346.203  ;1.401    ;
1431;J1702-4128;kbm+03;17:02:52.52;1.0e-02;kbm+03;-41:28:48.2;5.0e-01;kbm+03;*;0;*;*;0;*;344.744  ;0.123    ;
1432;J1702-4217;hfs+04;17:02:36.44;6.0e-02;hfs+04;-42:17:01.2;2.2e+00;hfs+04;*;0;*;*;0;*;344.078  ;-0.329   ;
1433;J1702-4306;kel+09;17:02:27.36;2.0e-02;psj+19;-43:06:45.1;4.0e-01;psj+19;*;0;*;*;0;*;343.405  ;-0.814   ;
1434;J1702-4310;kbm+03;17:02:26.94;5.0e-02;kbm+03;-43:10:40;2.0e+00;kbm+03;*;0;*;*;0;*;343.352  ;-0.852   ;
1435;J1702-4428;kbm+03;17:02:52.6;4.0e-01;kbm+03;-44:28:03;7.0e+00;kbm+03;*;0;*;*;0;*;342.378  ;-1.701   ;
1436;J1703-18;mbc+19;17:03:26;0;mbc+19;-18:48:54;0;mbc+19;*;0;*;*;0;*;3.133    ;13.616   ;
1437;J1703-1846;vl72;17:03:51.0915;2.0e-04;dgb+19;-18:46:14.845;6.0e-03;dgb+19;-0.73;8.0e-02;dgb+19;16.92;1.9e-01;dgb+19;3.229    ;13.561   ;
1438;J1703-3241;dls73;17:03:22.540;4.4e-03;hlk+04;-32:41:48.0;3.2e-01;hlk+04;*;0;*;*;0;*;351.786  ;5.387    ;
1439;J1703-38;kle+10;17:03:26;3.7e+01;kkl+11;-38:12;7.0e+00;kkl+11;*;0;*;*;0;*;347.410  ;2.037    ;
1440;J1703-4442;kbm+03;17:03:20.59;3.0e-02;kbm+03;-44:42:42;1.0e+00;kbm+03;*;0;*;*;0;*;342.235  ;-1.916   ;
1441;J1703-4851;mld+96;17:03:54.541;7.0e-03;lbs+20;-48:52:01.04;1.0e-02;lbs+20;*;0;*;*;0;*;338.986  ;-4.515   ;
1442;J1704-3756;ccb+20;17:04:57.466;1.5e-02;ccb+20;-37:56:42.9;8.0e-01;ccb+20;*;0;*;*;0;*;347.795  ;1.953    ;
1443;J1704-5236;bbb+12;17:04:40.569;1.5e-02;bsb+19;-52:36:57.4;5.0e-01;bsb+19;*;0;*;*;0;*;336.051  ;-6.869   ;
1444;J1704-6016;mlt+78;17:04:14.8;5.0e-01;nmc81;-60:16:54;6.0e+00;nmc81;*;0;*;*;0;*;329.762  ;-11.367  ;
1445;J1705-04;kkl+15;17:05;2.0e+00;kkl+15;-04:41;3.6e+01;kkl+15;*;0;*;*;0;*;15.709   ;21.105   ;
1446;J1705-1903;mbc+19;17:05:27;0;mbc+19;-19:08:04;0;mbc+19;*;0;*;*;0;*;3.148    ;13.042   ;
1447;J1705-1906;mlt+78;17:05:36.099;3.0e-03;hlk+04;-19:06:38.6;3.9e-01;hlk+04;-77;2.0e+00;jbv+19;-52;1.7e+01;jbv+19;3.189    ;13.026   ;
1448;J1705-3423;mld+96;17:05:42.362;3.0e-03;lbs+20;-34:23:43.1;2.0e-01;lbs+20;*;0;*;*;0;*;350.721  ;3.975    ;
1449;J1705-3936;kbm+03;17:05:37.1;3.0e-01;kbm+03;-39:36:29;6.0e+00;kbm+03;*;0;*;*;0;*;346.548  ;0.845    ;
1450;J1705-3950;kbm+03;17:05:29.84;3.0e-02;kbm+03;-39:50:59;1.0e+00;kbm+03;*;0;*;*;0;*;346.341  ;0.718    ;
1451;J1705-4108;kbm+03;17:05:20.4;1.0e-01;kbm+03;-41:08:44;8.0e+00;kbm+03;*;0;*;*;0;*;345.291  ;-0.042   ;
1452;J1705-4331;kjv+10;17:05:35.914;7.0e-03;bbb+12;-43:31:13.6;1.0e-01;bbb+12;*;0;*;*;0;*;343.428  ;-1.515   ;
1453;J1705-6135;kjv+10;17:05:15.3;2.0e-01;bbb+12;-61:35:15;2.0e+00;bbb+12;*;0;*;*;0;*;328.751  ;-12.228  ;
1454;J1706-3839;kbm+03;17:06:21.3;2.0e-01;kbm+03;-38:39:51;1.3e+01;kbm+03;*;0;*;*;0;*;347.387  ;1.301    ;
1455;J1706-4310;kbm+03;17:06:04.51;5.0e-02;kbm+03;-43:10:21;3.0e+00;kbm+03;*;0;*;*;0;*;343.758  ;-1.375   ;
1456;J1706-4434;ccb+20;17:06:23.183;9.0e-03;ccb+20;-44:34:30.0;2.0e-01;ccb+20;*;0;*;*;0;*;342.672  ;-2.264   ;
1457;J1706+59;slr+14;17:07;3.0e+00;slr+14;+59:10;1.8e+01;slr+14;*;0;*;*;0;*;88.097   ;36.319   ;
1458;J1706-6118;ebvb01;17:06:09.794;6.0e-03;jbo+09;-61:18:11.70;1.0e-01;jbo+09;*;0;*;*;0;*;329.053  ;-12.152  ;
1459;J1707+35;scb+19;17:07:00;1.2e+01;scb+19;+35:56;3.0e+00;scb+19;*;0;*;*;0;*;59.261   ;35.784   ;
1460;J1707-4053;jlm+92;17:07:21.78;2.0e-02;lbs+20;-40:53:55.1;9.0e-01;lbs+20;*;0;*;*;0;*;345.718  ;-0.197   ;
1461;J1707-4341;kbm+03;17:07:40.11;1.0e-02;kbm+03;-43:41:12.0;6.0e-01;kbm+03;*;0;*;*;0;*;343.521  ;-1.915   ;
1462;J1707-4417;kle+10;17:07:41.41;3.0e-02;kkl+11;-44:17:19;1.0e+00;kkl+11;*;0;*;*;0;*;343.041  ;-2.278   ;
1463;J1707-4729;kbm+03;17:07:15.547;7.0e-03;kbm+03;-47:29:34.5;3.0e-01;kbm+03;*;0;*;*;0;*;340.424  ;-4.135   ;
1464;J1708+02;mbc+19;17:08:39;0;mbc+19;+01:48:06;0;mbc+19;*;0;*;*;0;*;22.265   ;23.582   ;
1465;J1708-3426;mld+96;17:08:57.79;1.0e-02;lbs+20;-34:26:44.0;6.0e-01;lbs+20;*;0;*;*;0;*;351.083  ;3.407    ;
1466;J1708-3506;kjv+10;17:08:17.62215;1.0e-04;nbb+14;-35:06:22.640;4.0e-03;nbb+14;-5.3;8.0e-01;nbb+14;-2;3.0e+00;nbb+14;350.470  ;3.124    ;
1467;J1708-3641;ncb+15;17:08:35.91;3.0e-02;ncb+15;-36:41:21.5;1.4e+00;ncb+15;*;0;*;*;0;*;349.235  ;2.130    ;
1468;J1708-3827;kbm+03;17:08:16.5;6.0e-01;kbm+03;-38:27:36;1.5e+01;kbm+03;*;0;*;*;0;*;347.776  ;1.123    ;
1469;J1708-4008;snt+97;17:08:46.87;7.0e-02;icp+03;-40:08:52.44;7.0e-01;icp+03;*;0;*;*;0;*;346.481  ;0.036    ;
1470;J1708-4522;hfs+04;17:08:12.92;6.0e-02;hfs+04;-45:22:51;3.0e+00;hfs+04;*;0;*;*;0;*;342.220  ;-3.006   ;
1471;J1708-52;bcm+16;17:08;4.0e+00;bcm+16;-52:00;4.0e+01;bcm+16;*;0;*;*;0;*;336.854  ;-6.911   ;
1472;J1708-7539;mlt+78;17:08:02.5;5.0e-01;nmc81;-75:39:23;3.0e+00;nmc81;*;0;*;*;0;*;316.676  ;-20.221  ;
1473;J1709-1640;lvw69b;17:09:26.4413;1.5e-03;hlk+04;-16:40:57.73;1.6e-01;hlk+04;-2;1.0e+00;jbv+19;47;1.0e+01;jbv+19;5.775    ;13.657   ;
1474;J1709+2313;fcwa95;17:09:05.792;6.0e-03;lwf+04;+23:13:27.85;1.0e-02;lwf+04;-3.2;7.0e-01;lwf+04;-9.7;9.0e-01;lwf+04;44.522   ;32.209   ;
1475;J1709-3626;kbm+03;17:09:45.15;2.0e-02;kbm+03;-36:26:03.6;9.0e-01;kbm+03;*;0;*;*;0;*;349.578  ;2.095    ;
1476;J1709-3841;mlc+01;17:09:15.99;1.9e-01;mlc+01;-38:41:17;1.0e+01;mlc+01;*;0;*;*;0;*;347.709  ;0.832    ;
1477;J1709-43;bbj+11;17:09:47;3.9e+01;bbj+11;-43:54:43;4.2e+02;bbj+11;*;0;*;*;0;*;343.567  ;-2.355   ;
1478;J1709-4342;kbm+03;17:09:30.9;4.0e-01;kbm+03;-43:42:14;1.3e+01;kbm+03;*;0;*;*;0;*;343.706  ;-2.193   ;
1479;J1709-4401;bbb+12;17:09:41.39;3.0e-02;bbb+12;-44:01:11.2;6.0e-01;bbb+12;*;0;*;*;0;*;343.471  ;-2.406   ;
1480;J1709-4429;jlm+92;17:09:42.728;2.0e-03;wmp+00;-44:29:08.24;6.0e-02;wmp+00;13;2.0e+00;drk+21;-1;2.0e+00;drk+21;343.098  ;-2.686   ;
1481;J1710-2616;bbb+12;17:10:04.9;1.0e-01;bbb+12;-26:16:35;2.0e+01;bbb+12;*;0;*;*;0;*;357.859  ;8.029    ;
1482;J1710-37;ncb+15;17:10:30;3.0e+01;ncb+15;-37:30;7.0e+00;ncb+15;*;0;*;*;0;*;348.808  ;1.343    ;
1483;J1710-4148;kbm+03;17:10:23.75;4.0e-02;kbm+03;-41:48:19;2.0e+00;kbm+03;*;0;*;*;0;*;345.330  ;-1.195   ;
1484;J1710+4923;slr+14;17:10:04.44109;2.3e-05;lsk+18;+49:23:11.4784;2.5e-04;lsk+18;-50.4;2.0e-01;lsk+18;-44.7;2.0e-01;lsk+18;75.929   ;36.449   ;
1485;J1711-1509;dtws85;17:11:55.059;8.4e-03;hlk+04;-15:09:39.7;6.8e-01;hlk+04;*;0;*;*;0;*;7.417    ;14.013   ;
1486;J1711-3826;kbm+03;17:11:44.45;9.0e-02;kbm+03;-38:26:14;5.0e+00;kbm+03;*;0;*;*;0;*;348.197  ;0.591    ;
1487;J1711-4322;lfl+06;17:11:10.561;1.2e-02;lfl+06;-43:22:53.1;5.0e-01;lfl+06;*;0;*;*;0;*;344.145  ;-2.244   ;
1488;J1711-5350;mlt+78;17:11:53.13;1.0e-02;lbs+20;-53:50:18.3;2.0e-01;lbs+20;*;0;*;*;0;*;335.694  ;-8.461   ;
1489;J1712-2715;ebvb01;17:12:11.71;1.0e-02;ebvb01;-27:15:53;2.0e+00;ebvb01;*;0;*;*;0;*;357.325  ;7.070    ;
1490;J1712-391;bri+06;17:12:35;3.6e+01;bri+06;-39:43;7.0e+00;bri+06;*;0;*;*;0;*;347.260  ;-0.295   ;
1491;J1712-392;bri+06;17:12:35;3.6e+01;bri+06;-39:43;7.0e+00;bri+06;*;0;*;*;0;*;347.260  ;-0.295   ;
1492;J1713+0747;fwc93;17:13:49.5337847;3.6e-07;rsc+21;+07:47:37.479763;1.1e-05;rsc+21;4.9238;1.3e-03;*;-3.9146;2.0e-03;*;28.751   ;25.223   ;
1493;J1713-3844;kbm+03;17:13:02.3;1.0e-01;kbm+03;-38:44:29;9.0e+00;kbm+03;*;0;*;*;0;*;348.101  ;0.207    ;
1494;J1713-3949;cpkm02;17:13:28;3.6e+01;cpkm02;-39:49;7.0e+00;cpkm02;*;0;*;*;0;*;347.279  ;-0.491   ;
1495;J1713+7810;scb+19;17:13:27.07;3.0e-02;tbc+20;+78:10:33.99;8.0e-02;tbc+20;*;0;*;*;0;*;110.305  ;31.461   ;
1496;J1714-1054;jbo+09;17:14:40.122;5.0e-03;jbo+09;-10:54:10.9;3.0e-01;jbo+09;*;0;*;*;0;*;11.487   ;15.777   ;
1497;J1714-3810;hg10a;17:14:05.74;1.4e-01;hg10b;-38:10:30.9;6.0e-01;hg10b;*;0;*;*;0;*;348.681  ;0.371    ;
1498;J1714-3830;plca18;17:14:19.8;0;aab+22;-38:30:23;0;aab+22;*;0;*;*;0;*;348.439  ;0.140    ;
1499;J1715-3247;kel+09;17:15:23.46;1.0e-01;kel+09;-32:47:30;2.0e+00;kel+09;*;0;*;*;0;*;353.211  ;3.296    ;
1500;J1715-3700;mlc+01;17:15:09.65;2.0e-01;mlc+01;-37:00:04;1.4e+01;mlc+01;*;0;*;*;0;*;349.757  ;0.886    ;
1501;J1715-3859;lfl+06;17:15:37.89;3.0e-02;lfl+06;-38:59:25.1;9.0e-01;lfl+06;*;0;*;*;0;*;348.194  ;-0.348   ;
1502;J1715-3903;kbm+03;17:15:14.08;4.0e-02;psj+19;-39:02:57.10;9.0e-02;psj+19;*;0;*;*;0;*;348.101  ;-0.320   ;
1503;J1715-4034;kbm+03;17:15:40.92;3.0e-02;lbs+20;-40:34:18;1.0e+00;lbs+20;*;0;*;*;0;*;346.913  ;-1.276   ;
1504;J1715-4254;hfs+04;17:15:10.54;9.0e-02;hfs+04;-42:54:54;4.0e+00;hfs+04;*;0;*;*;0;*;344.951  ;-2.562   ;
1505;J1715+46;scb+19;17:15:48;1.8e+01;scb+19;+46:03;3.0e+00;scb+19;*;0;*;*;0;*;71.861   ;35.354   ;
1506;J1716+34;aab+22;17:16:08;0;aab+22;+34:36:11;0;aab+22;*;0;*;*;0;*;58.100   ;33.702   ;
1507;J1716-3720;mlc+01;17:16:11.36;6.0e-02;mlc+01;-37:20:44;3.0e+00;mlc+01;*;0;*;*;0;*;349.596  ;0.519    ;
1508;J1716-4005;eklk13;17:16:42.06;4.0e-02;eklk13;-40:05:27;2.0e+00;eklk13;*;0;*;*;0;*;347.418  ;-1.155   ;
1509;J1716-4111;kel+09;17:16:44.307;7.0e-03;kel+09;-41:11:09.5;6.0e-01;kel+09;*;0;*;*;0;*;346.529  ;-1.795   ;
1510;J1716-4711;bbb+12;17:16:01.109;7.0e-03;bbb+12;-47:11:00.9;3.0e-01;bbb+12;*;0;*;*;0;*;341.549  ;-5.155   ;
1511;J1717+03;dsm+16;17:17:56;1.1e+02;dsm+16;+03:11;8.0e+00;dsm+16;*;0;*;*;0;*;24.784   ;22.203   ;
1512;J1717-3425;jlm+92;17:17:20.244;8.9e-03;hlk+04;-34:24:59.6;3.9e-01;hlk+04;*;0;*;*;0;*;352.120  ;2.025    ;
1513;J1717-3737;kbm+03;17:17:15.96;2.0e-02;kbm+03;-37:37:36;1.0e+00;kbm+03;*;0;*;*;0;*;349.491  ;0.182    ;
1514;J1717-3847;kbm+03;17:17:18.4;5.0e-01;kbm+03;-38:47:03;2.0e+01;kbm+03;*;0;*;*;0;*;348.551  ;-0.494   ;
1515;J1717-3953;lfl+06;17:17:25.55;2.0e-01;lfl+06;-39:53:55;8.0e+00;lfl+06;*;0;*;*;0;*;347.655  ;-1.157   ;
1516;J1717-4043;kbm+03;17:17:47.91;6.0e-02;kbm+03;-40:43:50;2.0e+00;kbm+03;*;0;*;*;0;*;347.016  ;-1.695   ;
1517;J1717-40435;kbm+03;17:17:02.0;4.0e-01;kbm+03;-40:43:31;9.0e+00;kbm+03;*;0;*;*;0;*;346.937  ;-1.574   ;
1518;J1717-4054;jlm+92;17:17:52.36;3.0e-02;jbv+19;-41:03:17.8;7.0e-01;jbv+19;*;0;*;*;0;*;346.759  ;-1.893   ;
1519;J1717+4308A;prl+20;17:17:06.49640;4.0e-05;pqm+21;+43:08:03.4806;6.0e-04;pqm+21;-4.935;2.4e-02;vb21;-0.625;2.4e-02;vb21;68.336   ;34.861   ;
1520;J1717-5800;ebvb01;17:17:35.65;2.0e-02;ebvb01;-58:00:05.4;3.0e-01;ebvb01;*;0;*;*;0;*;332.668  ;-11.475  ;
1521;J1718-3714;hfs+04;17:18:18.59;1.6e-01;hfs+04;-37:14:16;9.0e+00;hfs+04;*;0;*;*;0;*;349.928  ;0.237    ;
1522;J1718-3718;hfs+04;17:18:10.0;3.0e-01;hfs+04;-37:18:53;1.1e+01;hfs+04;*;0;*;*;0;*;349.849  ;0.216    ;
1523;J1718-3825;mlc+01;17:18:13.565;4.0e-03;mlc+01;-38:25:18.06;1.5e-01;mlc+01;*;0;*;*;0;*;348.951  ;-0.432   ;
1524;J1718-41;ncb+15;17:18:12;3.0e+01;ncb+15;-41:07;7.0e+00;ncb+15;*;0;*;*;0;*;346.744  ;-1.979   ;
1525;J1718-4539;lfl+06;17:18:11.90;4.0e-02;lfl+06;-45:39:15.9;9.0e-01;lfl+06;*;0;*;*;0;*;343.022  ;-4.584   ;
1526;J1719-1438;bbb+11a;17:19:10.07293;5.0e-05;nbb+14;-14:38:00.942;4.0e-03;nbb+14;1.9;4.0e-01;nbb+14;-11;2.0e+00;nbb+14;8.858    ;12.838   ;
1527;J1719-2330;bbb+12;17:19:36.1;4.0e-01;bsb+19;-23:30:14;7.2e+01;bsb+19;*;0;*;*;0;*;1.402    ;7.846    ;
1528;J1719-3458;ccb+20;17:19:12.141;3.0e-03;ccb+20;-34:58:22.4;2.0e-01;ccb+20;*;0;*;*;0;*;351.885  ;1.391    ;
1529;J1719-4006;jlm+92;17:19:01.722;1.0e-02;jml+95;-40:06:59.5;4.0e-01;jml+95;*;0;*;*;0;*;347.653  ;-1.533   ;
1530;J1719-4302;kbm+03;17:19:48.77;1.0e-02;kbm+03;-43:02:11.4;6.0e-01;kbm+03;*;0;*;*;0;*;345.341  ;-3.325   ;
1531;J1720+00;dsm+16;17:20:55;1.1e+02;dsm+16;+00:40;8.0e+00;dsm+16;*;0;*;*;0;*;22.791   ;20.349   ;
1532;J1720-0212;mlt+78;17:20:57.269;1.1e-02;hlk+04;-02:12:23.9;5.0e-01;hlk+04;-1;4.0e+00;bfg+03;-26;5.0e+00;bfg+03;20.134   ;18.936   ;
1533;J1720-1633;stwd85;17:20:25.206;1.0e-02;hlk+04;-16:33:33.7;1.4e+00;hlk+04;*;0;*;*;0;*;7.374    ;11.537   ;
1534;J1720+2150;fcwa95;17:20:01.30;2.0e-02;lwf+04;+21:50:12.8;4.0e-01;lwf+04;*;0;*;*;0;*;43.957   ;29.371   ;
1535;J1720-2446;bbb+12;17:20:22.46;6.0e-02;bbb+12;-24:46:27;1.2e+01;bbb+12;*;0;*;*;0;*;0.443    ;6.986    ;
1536;J1720-2933;dls72;17:20:34.117;1.0e-02;hlk+04;-29:33:16.2;1.1e+00;hlk+04;*;0;*;*;0;*;356.505  ;4.248    ;
1537;J1720-36;ncb+15;17:20:54;3.0e+01;ncb+15;-36:53;7.0e+00;ncb+15;*;0;*;*;0;*;350.515  ;0.016    ;
1538;J1720-3659;mlc+01;17:20:01.976;9.0e-03;mlc+01;-36:59:06.5;4.0e-01;mlc+01;*;0;*;*;0;*;350.332  ;0.100    ;
1539;J1721-1936;lbhb93;17:21:01.48;4.3e-02;hlk+04;-19:36:51;7.2e+00;hlk+04;-2.903;2.7e-02;vb21;-7.116;2.6e-02;vb21;4.857    ;9.738    ;
1540;J1721-1939;ebvb01;17:21:46.61;4.0e-02;ebvb01;-19:39:49;5.0e+00;ebvb01;*;0;*;*;0;*;4.914    ;9.563    ;
1541;J1721-2457;eb01b;17:21:05.4979;3.0e-04;dcl+16;-24:57:06.17;5.0e-02;dcl+16;1.9;1.2e+00;dcl+16;-25;1.6e+01;dcl+16;0.387    ;6.751    ;
1542;J1721-3532;jlm+92;17:21:32.778;1.6e-02;hlk+04;-35:32:49.6;1.1e+00;hlk+04;*;0;*;*;0;*;351.687  ;0.670    ;
1543;J1722-3207;dls72;17:22:02.959;2.0e-03;jbv+19;-32:07:45.3;2.0e-01;jbv+19;-1;5.0e+00;zhw+05;-40;2.7e+01;zhw+05;354.561  ;2.525    ;
1544;J1722+35;ttol16;17:22:06;1.2e+01;scb+19;+35:18;3.0e+00;scb+19;*;0;*;*;0;*;59.218   ;32.651   ;
1545;J1722-3632;jlm+92;17:22:09.817;8.0e-03;jml+95;-36:32:53.3;5.0e-01;jml+95;*;0;*;*;0;*;350.934  ;-0.001   ;
1546;J1722-3712;mlt+78;17:22:59.21;4.0e-02;psj+19;-37:12:04.50;8.0e-02;psj+19;*;0;*;*;0;*;350.490  ;-0.507   ;
1547;J1722-4400;lfl+06;17:22:46.517;1.2e-02;lfl+06;-44:00:33.2;3.0e-01;lfl+06;*;0;*;*;0;*;344.843  ;-4.319   ;
1548;J1723-2837;fsk+04;17:23:23.1856;8.0e-04;cls+13;-28:37:57.17;1.1e-01;cls+13;-11.713;8.2e-02;jkc+18;-23.990;6.2e-02;jkc+18;357.616  ;4.260    ;
1549;J1723-2852;eklk13;17:23:58.2;3.0e-01;eklk13;-28:52:51;1.5e+01;eklk13;*;0;*;*;0;*;357.482  ;4.015    ;
1550;J1723-3659;mlc+01;17:23:07.58;1.7e-01;psj+19;-36:59:14.2;8.0e-01;psj+19;*;0;*;*;0;*;350.682  ;-0.409   ;
1551;J1723-38;ncb+15;17:23;5.0e+00;ncb+15;-38:20;7.0e+00;ncb+15;*;0;*;*;0;*;349.557  ;-1.149   ;
1552;J1724-3149;hfs+04;17:24:44.87;7.0e-02;hfs+04;-31:49:04;4.0e+00;hfs+04;*;0;*;*;0;*;355.142  ;2.228    ;
1553;J1724-35;ekl09;17:24:43;3.6e+01;kkl+11;-35:49;7.0e+00;kkl+11;*;0;*;*;0;*;351.829  ;-0.013   ;
1554;J1724-3505;mlc+01;17:24:47.89;1.7e-01;mlc+01;-35:05:36;7.0e+00;mlc+01;*;0;*;*;0;*;352.437  ;0.380    ;
1555;J1724-4500;lfl+06;17:24:25.8;3.0e-01;lfl+06;-45:00:15;4.0e+00;lfl+06;*;0;*;*;0;*;344.182  ;-5.121   ;
1556;J1725-0732;crh+06a;17:25:12.281;6.0e-03;crh+06a;-07:32:59.2;3.0e-01;crh+06a;*;0;*;*;0;*;15.866   ;15.324   ;
1557;J1725-2852;lfl+06;17:25:09.9;3.0e-01;lfl+06;-28:52:22;1.7e+01;lfl+06;*;0;*;*;0;*;357.636  ;3.803    ;
1558;J1725-3546;mlc+01;17:25:42.2;3.0e-01;mlc+01;-35:46:16;7.0e+00;mlc+01;*;0;*;*;0;*;351.979  ;-0.153   ;
1559;J1725-3848;kbm+03;17:25:00.1;5.0e-01;kbm+03;-38:48:36;1.4e+01;kbm+03;*;0;*;*;0;*;349.384  ;-1.741   ;
1560;J1725-3853;mlb+12;17:25:27.27;8.0e-02;mlb+12;-38:53:04.20;5.0e-02;mlb+12;*;0;*;*;0;*;349.372  ;-1.856   ;
1561;J1725-4043;kbm+03;17:25:41.42;4.0e-02;kbm+03;-40:43:11;2.0e+00;kbm+03;*;0;*;*;0;*;347.874  ;-2.920   ;
1562;J1726-00;dsm+13;17:26:23;3.0e+01;dsm+13;-00:15;8.0e+00;dsm+13;*;0;*;*;0;*;22.638   ;18.710   ;
1563;J1726-31;kek+13;17:26:36;3.0e+01;kek+13;-31:57;7.0e+00;kek+13;*;0;*;*;0;*;355.252  ;1.828    ;
1564;J1726-3530;mlc+01;17:26:07.51;6.0e-02;mlc+01;-35:29:58;4.0e+00;mlc+01;*;0;*;*;0;*;352.252  ;-0.072   ;
1565;J1726-3635;mlc+01;17:26:49.61;3.0e-02;mlc+01;-36:35:45.6;1.3e+00;mlc+01;*;0;*;*;0;*;351.422  ;-0.802   ;
1566;J1726-4006;hfs+04;17:26:33.37;7.0e-02;hfs+04;-40:06:02;4.0e+00;hfs+04;*;0;*;*;0;*;348.481  ;-2.711   ;
1567;J1726-52;brs+19;17:26;0;brs+19;-52:00;0;brs+19;*;0;*;*;0;*;338.441  ;-9.193   ;
1568;J1727-1609;aab+22;17:28:03;0;aab+22;-16:11:10;0;aab+22;*;0;*;*;0;*;8.701    ;10.199   ;
1569;J1727-2739;hfs+04;17:27:30.98;3.0e-02;lbs+20;-27:38:53;4.0e+00;lbs+20;*;0;*;*;0;*;358.945  ;4.053    ;
1570;J1727-29;kle+10;17:27:19;3.3e+01;kkl+11;-29:59;7.0e+00;kkl+11;*;0;*;*;0;*;356.973  ;2.795    ;
1571;J1727-2946;fsk+04;17:27:15.09493;1.7e-04;lem+15;-29:46:36.797;1.7e-02;lem+15;0.6;9.0e-01;lem+15;0;8.0e+00;lem+15;357.137  ;2.921    ;
1572;J1727-2951;ccb+20;17:27:00.402;5.0e-03;ccb+20;-29:51:40.8;8.0e-01;ccb+20;*;0;*;*;0;*;357.037  ;2.919    ;
1573;J1728-0007;stwd85;17:28:34.819;6.7e-03;hlk+04;-00:07:45.0;2.9e-01;hlk+04;*;0;*;*;0;*;23.029   ;18.287   ;
1574;J1728-3733;mlc+01;17:28:46.25;1.6e-01;mlc+01;-37:33:08;9.0e+00;mlc+01;*;0;*;*;0;*;350.842  ;-1.656   ;
1575;J1728-4028;lfl+06;17:28:27.68;1.7e-01;lfl+06;-40:28:10;4.0e+00;lfl+06;*;0;*;*;0;*;348.375  ;-3.218   ;
1576;J1729-2117;btb+15;17:29:10.808;6.0e-03;btb+15;-21:17:28;1.0e+00;btb+15;*;0;*;*;0;*;4.496    ;7.222    ;
1577;J1730-2304;lnl+95;17:30:21.67096;4.0e-05;rsc+21;-23:04:31.155;1.1e-02;rsc+21;20.12;1.0e-01;*;-3.0;2.0e+00;*;3.137    ;6.023    ;
1578;J1730-2900;lfl+06;17:30:08.28;1.0e-01;lfl+06;-29:00:46;1.2e+01;lfl+06;*;0;*;*;0;*;358.123  ;2.819    ;
1579;J1730-3350;jlm+92;17:30:32.559;1.2e-02;hlk+04;-33:50:39.4;1.1e+00;hlk+04;*;0;*;*;0;*;354.133  ;0.090    ;
1580;J1730-3353;hfs+04;17:30:55.58;1.0e-01;hfs+04;-33:53:38;1.2e+01;hfs+04;*;0;*;*;0;*;354.135  ;-0.004   ;
1581;J1730-34;ncb+15;17:30:06;3.0e+01;ncb+15;-34:48;7.0e+00;ncb+15;*;0;*;*;0;*;353.285  ;-0.360   ;
1582;J1731-1847;kjv+10;17:31:17.609823;1.7e-05;nbb+14;-18:47:32.666;3.0e-03;nbb+14;-1.7;3.0e-01;nbb+14;-6;3.0e+00;nbb+14;6.890    ;8.151    ;
1583;J1731-3123;hfs+04;17:31:00.53;3.0e-02;hfs+04;-31:23:43;4.0e+00;hfs+04;*;0;*;*;0;*;356.233  ;1.354    ;
1584;J1731-33;ccb+20;17:31:48;2.4e+01;ccb+20;-33:48;7.0e+00;ccb+20;*;0;*;*;0;*;354.313  ;-0.104   ;
1585;J1731-3322;ncb+15;17:31:14.31;1.0e-01;ncb+15;-33:22:45;2.0e+00;ncb+15;*;0;*;*;0;*;354.601  ;0.225    ;
1586;J1731-4744;lvw68;17:31:42.160;5.0e-03;skz+19;-47:44:36.26;6.0e-02;skz+19;73;1.5e+01;skz+19;-132;1.4e+01;skz+19;342.565  ;-7.669   ;
1587;J1732-1930;lml+98;17:32:20.02;3.1e-02;hlk+04;-19:30:09;6.8e+00;hlk+04;*;0;*;*;0;*;6.417    ;7.563    ;
1588;J1732-3131;aaa+09c;17:32:33.54;3.0e-02;rkp+11;-31:31:23;2.0e+00;rkp+11;*;0;*;*;0;*;356.307  ;1.007    ;
1589;J1732-3426;lfl+06;17:32:07.18;7.0e-02;lfl+06;-34:26:05;3.0e+00;lfl+06;*;0;*;*;0;*;353.818  ;-0.507   ;
1590;J1732-35;ncb+15;17:32:30;2.4e+01;ncb+15;-35:05;7.0e+00;ncb+15;*;0;*;*;0;*;353.318  ;-0.926   ;
1591;J1732-3729;kbm+03;17:32:20.81;5.0e-02;kbm+03;-37:29:05;3.0e+00;kbm+03;*;0;*;*;0;*;351.288  ;-2.211   ;
1592;J1732-4128;mlt+78;17:32:50.0;1.0e-01;nmc81;-41:28:48;4.0e+00;nmc81;*;0;*;*;0;*;347.980  ;-4.462   ;
1593;J1732-4156;hfs+04;17:32:48.86;4.0e-02;hfs+04;-41:56:29.6;1.6e+00;hfs+04;*;0;*;*;0;*;347.589  ;-4.709   ;
1594;J1732-5049;eb01b;17:32:47.76670;2.4e-05;rsc+21;-50:49:00.1951;3.6e-04;rsc+21;-0.50;1.3e-01;*;-9.87;2.0e-01;*;340.029  ;-9.454   ;
1595;J1733-01;mss+20;17:33;0.0e+00;mss+20;-01;0.0e+00;mss+20;*;0;*;*;0;*;22.787   ;16.899   ;
1596;J1733-2228;dls73;17:33:26.43;3.7e-02;hlk+04;-22:28:37;1.1e+01;hlk+04;*;0;*;*;0;*;4.029    ;5.749    ;
1597;J1733-2533;lfl+06;17:33:25.86;8.0e-02;lfl+06;-25:33:11;1.8e+01;lfl+06;*;0;*;*;0;*;1.428    ;4.092    ;
1598;J1733-2837;lfl+06;17:33:33.90;5.0e-02;lfl+06;-28:37:33;8.0e+00;lfl+06;*;0;*;*;0;*;358.857  ;2.402    ;
1599;J1733-3030;hfs+04;17:33:58.89;6.0e-02;hfs+04;-30:30:49;7.0e+00;hfs+04;*;0;*;*;0;*;357.320  ;1.301    ;
1600;J1733-3322;mhl+02;17:33:55.21;8.0e-02;mhl+02;-33:22:03;4.0e+00;mhl+02;*;0;*;*;0;*;354.917  ;-0.238   ;
1601;J1733-3716;jlm+92;17:33:26.7624;1.3e-03;hly+20;-37:16:55.23;6.0e-02;hly+20;-3;5.0e+00;hly+20;40;1.8e+01;hly+20;351.577  ;-2.284   ;
1602;J1733-4005;hfs+04;17:33:58.64;3.0e-02;hfs+04;-40:05:39.7;1.5e+00;hfs+04;*;0;*;*;0;*;349.266  ;-3.895   ;
1603;J1733-5515;bbb+12;17:33:00.4;3.0e-01;bbb+12;-55:15:40;5.0e+00;bbb+12;*;0;*;*;0;*;336.188  ;-11.801  ;
1604;J1734-0212;dtws85;17:34:45.66;2.5e-02;hlk+04;-02:12:39.1;1.4e+00;hlk+04;*;0;*;*;0;*;21.904   ;15.928   ;
1605;J1734-2415;lfl+06;17:34:41.6;3.0e-01;lfl+06;-24:15:20;9.0e+01;lfl+06;*;0;*;*;0;*;2.678    ;4.551    ;
1606;J1734-2859;ccb+20;17:34:00.114;1.0e-02;ccb+20;-28:59:53.4;1.6e+00;ccb+20;*;0;*;*;0;*;358.596  ;2.119    ;
1607;J1734-3058;ncb+15;17:34:50.839;7.0e-03;ncb+15;-30:58:41.4;8.0e-01;ncb+15;*;0;*;*;0;*;357.031  ;0.893    ;
1608;J1734-3333;mhl+02;17:34:26.9;2.0e-01;elk+11;-33:33:20;1.0e+01;elk+11;10;1.0e+01;evh+22;-29;1.1e+01;evh+22;354.819  ;-0.433   ;
1609;J1735-0243;blr+13;17:35:48.1;2.0e-01;blr+13;-02:43:48;5.0e+00;blr+13;*;0;*;*;0;*;21.564   ;15.448   ;
1610;J1735-0724;ll76;17:35:04.9730;1.0e-04;dgb+19;-07:24:52.130;1.0e-03;dgb+19;0.82;6.0e-02;dgb+19;20.63;6.0e-02;dgb+19;17.271   ;13.284   ;
1611;J1735-3258;mhl+02;17:35:56.92;3.5e-01;psj+19;-32:58:21.82;4.2e-01;psj+19;*;0;*;*;0;*;355.478  ;-0.381   ;
1612;J1735+6320;scb+19;17:35:06.562;4.0e-03;mbc+20;+63:20:00.06;3.0e-02;mbc+20;*;0;*;*;0;*;92.721   ;32.552   ;
1613;J1736+05;cnst96;17:36:54;1.6e+01;cnst96;+05:48;5.0e+00;cnst96;*;0;*;*;0;*;29.592   ;19.208   ;
1614;J1736-2457;lfl+06;17:36:45.44;8.0e-02;lfl+06;-24:57:50;2.2e+01;lfl+06;*;0;*;*;0;*;2.331    ;3.775    ;
1615;J1736-2819;hfs+04;17:36:24.73;9.0e-02;hfs+04;-28:19:42;1.6e+01;hfs+04;*;0;*;*;0;*;359.446  ;2.036    ;
1616;J1736-2843;hfs+04;17:36:42.59;1.6e-01;hfs+04;-28:43:51;2.2e+01;hfs+04;*;0;*;*;0;*;359.142  ;1.764    ;
1617;J1736-3422;nie+20;17:36:10.9;0;aab+22;-34:22:19;0;aab+22;*;0;*;*;0;*;354.326  ;-1.176   ;
1618;J1736-3511;kbm+03;17:36:02.7;3.0e-01;kbm+03;-35:11:56;1.1e+01;kbm+03;*;0;*;*;0;*;353.614  ;-1.598   ;
1619;J1737-0314A;pqm+21;17:37:35.88794;3.0e-05;pqm+21;-03:14:34.775;1.0e-03;pqm+21;-3.590;2.5e-02;vb21;-5.059;2.5e-02;vb21;21.326   ;14.807   ;
1620;J1737-0314B;pqm+21;17:37:36.1;0.0e+00;har10a;-03:14:45;0.0e+00;har10a;-3.590;2.5e-02;vb21;-5.059;2.5e-02;vb21;21.324   ;14.805   ;
1621;J1737-0314C;pqm+21;17:37:36.1;0.0e+00;har10a;-03:14:45;0.0e+00;har10a;-3.590;2.5e-02;vb21;-5.059;2.5e-02;vb21;21.324   ;14.805   ;
1622;J1737-0314D;pqm+21;17:37:36.1;0.0e+00;har10a;-03:14:45;0.0e+00;har10a;-3.590;2.5e-02;vb21;-5.059;2.5e-02;vb21;21.324   ;14.805   ;
1623;J1737-0314E;pqm+21;17:37:36.1;0.0e+00;har10a;-03:14:45;0.0e+00;har10a;-3.590;2.5e-02;vb21;-5.059;2.5e-02;vb21;21.324   ;14.805   ;
1624;J1737-0811;blr+13;17:37:47.11235;1.4e-04;blr+13;-08:11:08.887;5.0e-03;blr+13;*;0;*;*;0;*;16.933   ;12.318   ;
1625;J1737-3102;mhl+02;17:37:33.73;4.0e-02;mhl+02;-31:02:00.5;4.1e+00;mhl+02;*;0;*;*;0;*;357.298  ;0.373    ;
1626;J1737-3137;mhl+02;17:37:04.29;4.0e-02;mhl+02;-31:37:21;3.0e+00;mhl+02;*;0;*;*;0;*;356.744  ;0.145    ;
1627;J1737-3320;hfs+04;17:37:10.51;5.0e-02;hfs+04;-33:20:20;5.0e+00;hfs+04;*;0;*;*;0;*;355.308  ;-0.795   ;
1628;J1737-3555;jlm+92;17:37:40.039;6.0e-03;jml+95;-35:55:43.8;4.0e-01;jml+95;*;0;*;*;0;*;353.175  ;-2.268   ;
1629;J1738+0333;jac05;17:38:53.9658386;0;fwe+12;+03:33:10.86667;3.0e-05;fwe+12;+7.037;5.0e-03;fwe+12;5.073;1.2e-02;fwe+12;27.721   ;17.742   ;
1630;J1738+04;dsm+16;17:38:25;1.1e+02;dsm+16;+04:20;8.0e+00;dsm+16;*;0;*;*;0;*;28.392   ;18.207   ;
1631;J1738-2330;lfl+06;17:38:08.8;3.0e-01;lfl+06;-23:30:47;1.0e+02;lfl+06;*;0;*;*;0;*;3.731    ;4.280    ;
1632;J1738-2647;hfs+04;17:38:05.03;4.0e-02;hfs+04;-26:47:46;2.6e+01;hfs+04;*;0;*;*;0;*;0.940    ;2.544    ;
1633;J1738-2736;ncb+15;17:38:14.628;5.0e-03;ncb+15;-27:36:25.8;9.0e-01;ncb+15;*;0;*;*;0;*;0.272    ;2.081    ;
1634;J1738-2955;mhl+02;17:38:52.12;2.0e-02;psj+19;-29:55:57.42;1.8e-01;psj+19;*;0;*;*;0;*;358.378  ;0.724    ;
1635;J1738-3107;hfs+04;17:38:47.4;3.0e-01;hfs+04;-31:07:44;1.4e+01;hfs+04;*;0;*;*;0;*;357.358  ;0.100    ;
1636;J1738-3211;cjlm87;17:38:54.185;8.6e-03;hlk+04;-32:11:53.6;5.8e-01;hlk+04;*;0;*;*;0;*;356.466  ;-0.491   ;
1637;J1738-3316;hfs+04;17:38:34.45;6.0e-02;hfs+04;-33:16:01.6;4.9e+00;hfs+04;*;0;*;*;0;*;355.525  ;-1.003   ;
1638;J1739+0612;jbo+09;17:39:17.966;4.0e-03;jbo+09;+06:12:28.4;1.0e+00;jbo+09;*;0;*;*;0;*;30.261   ;18.858   ;
1639;J1739-1313;ebvb01;17:39:57.821;6.0e-03;ebvb01;-13:13:18.6;4.0e-01;ebvb01;*;0;*;*;0;*;12.794   ;9.297    ;
1640;J1739-2521;cbmp17;17:39:32.629;5.4e-02;jcs+17;-25:21:56;1.5e+01;jcs+17;*;0;*;*;0;*;2.327    ;3.027    ;
1641;J1739-2903;cl86;17:39:34.292;2.0e-03;psj+19;-29:03:02.2;2.0e-01;psj+19;*;0;*;*;0;*;359.206  ;1.064    ;
1642;J1739-3023;mhl+02;17:39:39.79;4.0e-02;psj+19;-30:23:12.92;1.3e-01;psj+19;*;0;*;*;0;*;358.085  ;0.336    ;
1643;J1739-3049;mhl+02;17:39:23.22;6.0e-02;mhl+02;-30:49:40;5.0e+00;mhl+02;*;0;*;*;0;*;357.680  ;0.152    ;
1644;J1739-3131;cl86;17:39:24.304;5.5e-03;hlk+04;-31:31:15.3;5.0e-01;hlk+04;*;0;*;*;0;*;357.096  ;-0.220   ;
1645;J1739-3159;mhl+02;17:39:48.68;8.0e-02;mhl+02;-31:59:49;9.0e+00;mhl+02;*;0;*;*;0;*;356.739  ;-0.547   ;
1646;J1739-3951;lfl+06;17:39:38.25;4.0e-02;lfl+06;-39:52:00.3;8.0e-01;lfl+06;*;0;*;*;0;*;350.039  ;-4.690   ;
1647;J1740+1000;mca00;17:40:25.950;5.0e-03;mac+02;+10:00:06.3;2.0e-01;mac+02;*;0;*;*;0;*;34.011   ;20.268   ;
1648;J1740+1311;mlt+78;17:40:07.3455;1.2e-03;hlk+04;+13:11:56.69;3.0e-02;hlk+04;-22;2.0e+00;bfg+03;-20;2.0e+00;bfg+03;37.085   ;21.679   ;
1649;J1740-2540;hfs+04;17:40:45.32;6.0e-02;hfs+04;-25:40:19;1.8e+01;hfs+04;*;0;*;*;0;*;2.212    ;2.633    ;
1650;J1740+27;scb+19;17:40:30;1.2e+01;scb+19;+27:13;3.0e+00;scb+19;*;0;*;*;0;*;51.439   ;26.720   ;
1651;J1740-3015;cl86;17:40:33.82;1.0e-02;fgml97;-30:15:43.5;2.0e-01;fgml97;*;0;*;*;0;*;358.294  ;0.238    ;
1652;J1740-3052;sml+01;17:40:50.001;5.0e-03;bbn+11;-30:52:04.30;2.1e-01;bbn+11;*;0;*;*;0;*;357.811  ;-0.132   ;
1653;J1740-3327;hfs+04;17:40:25.72;3.0e-02;hfs+04;-33:27:53.5;1.7e+00;hfs+04;*;0;*;*;0;*;355.564  ;-1.436   ;
1654;J1740-5340A;dlm+01;17:40:44.589;4.0e-03;dpm+01;-53:40:40.9;1.0e-01;dpm+01;3.260;2.3e-02;vb21;-17.664;2.2e-02;vb21;338.165  ;-11.967  ;
1655;J1740-5340B;zrb+22;17:40:42.63;1.0e-02;zht+20;-53:40:28.1;3.0e-01;zht+20;3.260;2.3e-02;vb21;-17.664;2.2e-02;vb21;338.166  ;-11.961  ;
1656;J1741-0840;mlt+78;17:41:22.5629;1.0e-04;dgb+19;-08:40:31.711;1.0e-03;dgb+19;0.41;1.0e-01;dgb+19;6.90;9.0e-02;dgb+19;16.955   ;11.304   ;
1657;J1741+1351;jbo+07;17:41:31.1447385;1.8e-06;abb+18;+13:51:44.11589;3.6e-05;abb+18;-8.98;2.0e-02;*;-7.41;2.0e-02;*;37.885   ;21.641   ;
1658;J1741-2019;ebvb01;17:41:06.87;3.0e-02;ebvb01;-20:19:24;5.0e+00;ebvb01;*;0;*;*;0;*;6.815    ;5.377    ;
1659;J1741-2054;aaa+09c;17:41:57.238;3.0e-03;aab+22;-20:53:57.12;4.0e-02;aab+22;-63;1.2e+01;asr+15;-89;9.0e+00;asr+15;6.425    ;4.909    ;
1660;J1741-21;mss+20;17:41;0;mss+20;-21;0;mss+20;*;0;*;*;0;*;6.222    ;5.046    ;
1661;J1741-2719;lfl+06;17:41:35.06;4.0e-02;lfl+06;-27:19:23;7.0e+00;lfl+06;*;0;*;*;0;*;0.907    ;1.604    ;
1662;J1741-2733;mhl+02;17:41:01.34;4.0e-02;mhl+02;-27:33:51;7.0e+00;mhl+02;*;0;*;*;0;*;0.636    ;1.582    ;
1663;J1741+2758;fcwa95;17:41:53.51;2.0e-02;lwf+04;+27:58:09.0;9.0e-01;lwf+04;*;0;*;*;0;*;52.347   ;26.663   ;
1664;J1741-2945;mhl+02;17:41:14.47;4.0e-02;mhl+02;-29:45:35;5.0e+00;mhl+02;*;0;*;*;0;*;358.798  ;0.380    ;
1665;J1741-3016;mhl+02;17:41:07.04;6.0e-02;mhl+02;-30:16:31;1.0e+01;mhl+02;*;0;*;*;0;*;358.346  ;0.130    ;
1666;J1741-34;ncb+15;17:41:54;3.0e+01;ncb+15;-34:19;7.0e+00;ncb+15;*;0;*;*;0;*;355.002  ;-2.146   ;
1667;J1741+3855;scb+19;17:41:12.341;8.0e-03;tbc+20;+38:55:09.90;6.0e-02;tbc+20;*;0;*;*;0;*;64.293   ;29.693   ;
1668;J1741-3927;mlt+78;17:41:18.079;5.0e-03;jbv+19;-39:27:38.2;2.0e-01;jbv+19;20;1.5e+01;zhw+05;-6;5.9e+01;zhw+05;350.555  ;-4.749   ;
1669;J1742-0203;mss+20;17:42;0.0e+00;mss+20;-02:03;0.0e+00;mss+20;*;0;*;*;0;*;22.955   ;14.422   ;
1670;J1742-3321;nie+20;17:42:11.6;0;aab+22;-33:21:21;0;aab+22;*;0;*;*;0;*;355.851  ;-1.691   ;
1671;J1742-3957;lfl+06;17:42:04.43;1.9e-01;lfl+06;-39:57:22;9.0e+00;lfl+06;*;0;*;*;0;*;350.209  ;-5.135   ;
1672;J1742-4616;ebvb01;17:42:26.10;2.0e-02;ebvb01;-46:16:53.5;4.0e-01;ebvb01;*;0;*;*;0;*;344.790  ;-8.462   ;
1673;J1743-0339;mlt+78;17:43:08.18;2.7e-02;hlk+04;-03:39:11.5;1.4e+00;hlk+04;*;0;*;*;0;*;21.649   ;13.400   ;
1674;J1743+05;dsm+16;17:43:16;1.1e+02;dsm+16;+05:29;8.0e+00;dsm+16;*;0;*;*;0;*;30.045   ;17.651   ;
1675;J1743-1351;stwd85;17:43:37.622;7.4e-03;hlk+04;-13:51:38.0;6.1e-01;hlk+04;*;0;*;*;0;*;12.699   ;8.205    ;
1676;J1743-2442;hfs+04;17:43:20.12;1.0e-01;hfs+04;-24:42:55;4.1e+01;hfs+04;*;0;*;*;0;*;3.333    ;2.640    ;
1677;J1743-3150;jlm+92;17:43:36.710;8.0e-03;lbs+20;-31:50:22.7;9.0e-01;lbs+20;*;0;*;*;0;*;357.298  ;-1.149   ;
1678;J1743-3153;mhl+02;17:43:15.565;1.3e-02;mhl+02;-31:53:05.3;1.7e+00;mhl+02;*;0;*;*;0;*;357.221  ;-1.109   ;
1679;J1743-35;ncb+15;17:43:06;3.0e+01;ncb+15;-35:32;7.0e+00;ncb+15;*;0;*;*;0;*;354.095  ;-2.994   ;
1680;J1743-4212;ebvb01;17:43:05.223;5.0e-03;ebvb01;-42:12:02.4;2.0e-01;ebvb01;*;0;*;*;0;*;348.381  ;-6.464   ;
1681;J1744-1134;bjb+97;17:44:29.4097778;9.7e-07;rsc+21;-11:34:54.71673;6.8e-05;rsc+21;18.802;3.0e-03;*;-9.415;1.5e-02;*;14.794   ;9.180    ;
1682;J1744-1610;ebvb01;17:44:16.534;7.0e-03;ebvb01;-16:10:35.8;8.0e-01;ebvb01;*;0;*;*;0;*;10.773   ;6.885    ;
1683;J1744-2335;lml+98;17:44:48.47;5.0e-02;dsb+98;-23:35:55;2.6e+01;dsb+98;*;0;*;*;0;*;4.463    ;2.937    ;
1684;J1744-3130;mhl+02;17:44:05.682;1.4e-02;mhl+02;-31:30:04;3.0e+00;mhl+02;*;0;*;*;0;*;357.641  ;-1.059   ;
1685;J1744-3922;fsk+04;17:44:02.675;1.0e-02;fsk+04;-39:22:21.1;4.0e-01;fsk+04;*;0;*;*;0;*;350.908  ;-5.155   ;
1686;J1744-5337;bbb+12;17:44:38.92;4.0e-02;bbb+12;-53:37:51;2.0e+00;bbb+12;*;0;*;*;0;*;338.499  ;-12.447  ;
1687;J1744-7619;cpw+18;17:44:00.488;2.0e-03;cpw+18;-76:19:14.710;9.0e-03;cpw+18;-21;3.0e+00;cpw+18;-7;3.0e+00;cpw+18;317.108  ;-22.459  ;
1688;J1745-0129;ebvb01;17:45:02.06;1.0e-02;ebvb01;-01:29:18.1;4.0e-01;ebvb01;*;0;*;*;0;*;23.838   ;14.025   ;
1689;J1745-0952;eb01b;17:45:09.1348;2.0e-04;jsb+10;-09:52:39.682;1.5e-02;jsb+10;-21.2;1.1e+00;jsb+10;11;5.0e+00;jsb+10;16.371   ;9.895    ;
1690;J1745+1017;bgc+13;17:45:33.8371;7.0e-04;bgc+13;+10:17:52.523;2.0e-03;bgc+13;6;1.0e+00;bgc+13;-5;1.0e+00;bgc+13;34.869   ;19.254   ;
1691;J1745+1252;scb+19;17:45:44.19;2.0e-02;tbc+20;+12:52:38.3;2.0e-01;tbc+20;*;0;*;*;0;*;37.375   ;20.301   ;
1692;J1745-2229;hfs+04;17:45:16.71;7.0e-02;hfs+04;-22:29:14;2.5e+01;hfs+04;*;0;*;*;0;*;5.470    ;3.422    ;
1693;J1745-23;ccb+20;17:45:30;2.4e+01;ccb+20;-23:25;7.0e+00;ccb+20;*;0;*;*;0;*;4.701    ;2.896    ;
1694;J1745-2758;ncb+15;17:45:52.248;3.0e-03;pbm+19;-27:58:38.0;5.0e-01;pbm+19;*;0;*;*;0;*;0.847    ;0.452    ;
1695;J1745-2900;mgz+13;17:45:40.1662;8.0e-04;bdd+15;-29:00:29.896;1.0e-02;bdd+15;2.45;3.2e-01;bdd+15;5.89;1.1e-01;bdd+15;359.944  ;-0.047   ;
1696;J1745-2910;dcl09;17:45:16;3.4e+01;dcl09;-29:10;3.0e+00;dcl09;*;0;*;*;0;*;359.763  ;-0.054   ;
1697;J1745-2912;jkl+06;17:45:47.83043;2.3e-04;ddb+17;-29:12:30.780;3.0e-03;ddb+17;*;0;*;*;0;*;359.788  ;-0.175   ;
1698;J1745-3040;kac+73;17:45:56.316;1.2e-02;psj+19;-30:40:22.9;1.1e+00;psj+19;15;1.0e+00;jbv+19;47;7.0e+00;jbv+19;358.553  ;-0.963   ;
1699;J1745-3812;bbb+12;17:45:15.42;4.0e-02;bbb+12;-38:12:07.3;9.0e-01;bbb+12;*;0;*;*;0;*;352.036  ;-4.751   ;
1700;J1745+42;scb+19;17:45:48;1.8e+01;scb+19;+42:53;3.0e+00;scb+19;*;0;*;*;0;*;68.962   ;29.639   ;
1701;J1746+2245;clm+05;17:46:00.84;3.0e-02;clm+05;+22:45:28.9;8.0e-01;clm+05;*;0;*;*;0;*;47.252   ;24.048   ;
1702;J1746+2540;fcwa95;17:46:06.87;6.0e-02;lwf+04;+25:40:37.5;1.0e-01;lwf+04;*;0;*;*;0;*;50.274   ;25.031   ;
1703;J1746-2849;dcl09;17:46:03.35736;1.2e-04;ddb+17;-28:50:13.385;2.0e-03;ddb+17;*;0;*;*;0;*;0.134    ;-0.030   ;
1704;J1746-2850;dcl09;17:46:06.6;2.0e-01;dcl09;-28:50:42;5.0e+00;dcl09;*;0;*;*;0;*;0.134    ;-0.044   ;
1705;J1746-2856;jkl+06;17:46:49.85480;6.0e-05;ddb+17;-28:56:58.990;1.0e-03;ddb+17;*;0;*;*;0;*;0.126    ;-0.233   ;
1706;J1746-3239;pga+12;17:46:54.947;8.0e-03;pga+12;-32:39:55.8;7.0e-01;pga+12;*;0;*;*;0;*;356.957  ;-2.175   ;
1707;J1747-1030;bbb+12;17:47:58.31;6.0e-02;bbb+12;-10:30:05;4.0e+00;bbb+12;*;0;*;*;0;*;16.174   ;8.983    ;
1708;J1747-2647;kel+09;17:47:30.894;1.6e-02;kel+09;-26:47:14;5.0e+00;kel+09;*;0;*;*;0;*;2.054    ;0.758    ;
1709;J1747-2802;mhl+02;17:47:26.55;1.8e-01;mhl+02;-28:02:37;3.3e+01;mhl+02;*;0;*;*;0;*;0.971    ;0.121    ;
1710;J1747-2809;crgl09;17:47:22.80;3.0e-02;gpg01;-28:09:15.0;5.0e-01;gpg01;*;0;*;*;0;*;0.869    ;0.076    ;
1711;J1747-2958;cmgl02;17:47:15.882;8.0e-03;gvc+04;-29:58:01.0;7.0e-01;gvc+04;12.9;1.8e+00;hgc+09;*;0;*;359.305  ;-0.841   ;
1712;J1747-4036;kcj+12;17:47:48.716407;1.8e-05;aab+21a;-40:36:54.7912;6.8e-04;aab+21a;-1.41;1.5e-01;*;-2.3;5.0e-01;*;350.208  ;-6.412   ;
1713;J1748-1300;mlt+78;17:48:17.4077;1.7e-03;hlk+04;-13:00:52.08;1.4e-01;hlk+04;*;0;*;*;0;*;14.016   ;7.656    ;
1714;J1748-2021A;mlj+89b;17:48:52.689;2.0e-03;frb+08;-20:21:39.7;5.0e-01;frb+08;-1.187;3.6e-02;vb21;-4.020;3.5e-02;vb21;7.728    ;3.801    ;
1715;J1748-2021B;frb+08;17:48:52.95290;8.0e-05;frb+08;-20:21:38.86;1.9e-01;frb+08;-1.187;3.6e-02;vb21;-4.020;3.5e-02;vb21;7.729    ;3.800    ;
1716;J1748-2021C;frb+08;17:48:51.17320;1.5e-04;frb+08;-20:21:53.81;4.0e-02;frb+08;-1.187;3.6e-02;vb21;-4.020;3.5e-02;vb21;7.721    ;3.804    ;
1717;J1748-2021D;frb+08;17:48:51.64665;7.0e-05;frb+08;-20:21:07.414;1.8e-02;frb+08;-1.187;3.6e-02;vb21;-4.020;3.5e-02;vb21;7.734    ;3.809    ;
1718;J1748-2021E;frb+08;17:48:52.80040;1.4e-04;frb+08;-20:21:29.38;3.0e-02;frb+08;-1.187;3.6e-02;vb21;-4.020;3.5e-02;vb21;7.731    ;3.802    ;
1719;J1748-2021F;frb+08;17:48:52.3339;3.0e-04;frb+08;-20:21:39.33;9.0e-02;frb+08;-1.187;3.6e-02;vb21;-4.020;3.5e-02;vb21;7.727    ;3.802    ;
1720;J1748-2444;lmd+90;17:48:48.51;2.0e-02;hlk+04;-24:44:37;1.1e+01;hlk+04;*;0;*;*;0;*;3.955    ;1.564    ;
1721;J1748-2446A;lmd+90;17:48:02.255;2.0e-03;lmbm00;-24:46:36.9;6.0e-01;lmbm00;-1.99;7.0e-02;vb21;-5.24;7.0e-02;vb21;3.836    ;1.696    ;
1722;J1748-2446aa;fre08;17:48:04.8;0;clge02;-24:46:45;0;clge02;-1.99;7.0e-02;vb21;-5.24;7.0e-02;vb21;3.839    ;1.687    ;
1723;J1748-2446ab;fre08;17:48:04.8;0;clge02;-24:46:45;0;clge02;-1.99;7.0e-02;vb21;-5.24;7.0e-02;vb21;3.839    ;1.687    ;
1724;J1748-2446ac;fre08;17:48:04.8;0;clge02;-24:46:45;0;clge02;-1.99;7.0e-02;vb21;-5.24;7.0e-02;vb21;3.839    ;1.687    ;
1725;J1748-2446ad;hrs+06;17:48:04.8;0;clge02;-24:46:45;0;clge02;-1.99;7.0e-02;vb21;-5.24;7.0e-02;vb21;3.839    ;1.687    ;
1726;J1748-2446ae;fre08;17:48:04.8;0;clge02;-24:46:45;0;clge02;-1.99;7.0e-02;vb21;-5.24;7.0e-02;vb21;3.839    ;1.687    ;
1727;J1748-2446af;fre08;17:48:04.8;0;clge02;-24:46:45;0;clge02;-1.99;7.0e-02;vb21;-5.24;7.0e-02;vb21;3.839    ;1.687    ;
1728;J1748-2446ag;fre08;17:48:04.8;0;clge02;-24:46:45;0;clge02;-1.99;7.0e-02;vb21;-5.24;7.0e-02;vb21;3.839    ;1.687    ;
1729;J1748-2446ah;fre08;17:48:04.8;0;clge02;-24:46:45;0;clge02;-1.99;7.0e-02;vb21;-5.24;7.0e-02;vb21;3.839    ;1.687    ;
1730;J1748-2446ai;fre08;17:48:04.8;0;clge02;-24:46:45;0;clge02;-1.99;7.0e-02;vb21;-5.24;7.0e-02;vb21;3.839    ;1.687    ;
1731;J1748-2446aj;crf+18;17:48:05.0119;2.0e-04;crf+18;-24:46:34.85;7.0e-02;crf+18;-1.99;7.0e-02;vb21;-5.24;7.0e-02;vb21;3.842    ;1.688    ;
1732;J1748-2446ak;crf+18;17:48:03.6860;2.0e-04;crf+18;-24:46:37.83;8.0e-02;crf+18;-1.99;7.0e-02;vb21;-5.24;7.0e-02;vb21;3.839    ;1.692    ;
1733;J1748-2446al;crf+18;17:48;3.0e+00;crf+18;-24:46;7.0e+00;crf+18;-1.99;7.0e-02;vb21;-5.24;7.0e-02;vb21;3.841    ;1.709    ;
1734;J1748-2446am;ar18;17:48:04.8235;2.0e-04;ar18;-24:46:47.21;9.0e-02;ar18;-1.99;7.0e-02;vb21;-5.24;7.0e-02;vb21;3.839    ;1.687    ;
1735;J1748-2446an;rgf+21;17:48:05.65898;1.6e-04;rgf+21;-24:46:42.03;7.0e-02;rgf+21;-1.99;7.0e-02;vb21;-5.24;7.0e-02;vb21;3.842    ;1.685    ;
1736;J1748-2446C;lmbm00;17:48:04.54;1.0e-02;lmbm00;-24:46:36;4.0e+00;lmbm00;-1.99;7.0e-02;vb21;-5.24;7.0e-02;vb21;3.841    ;1.689    ;
1737;J1748-2446D;rhs+05;17:48:04.8;0;clge02;-24:46:45;0;clge02;-1.99;7.0e-02;vb21;-5.24;7.0e-02;vb21;3.839    ;1.687    ;
1738;J1748-2446E;rhs+05;17:48:04.8;0;clge02;-24:46:45;0;clge02;-1.99;7.0e-02;vb21;-5.24;7.0e-02;vb21;3.839    ;1.687    ;
1739;J1748-2446F;rhs+05;17:48:04.8;0;clge02;-24:46:45;0;clge02;-1.99;7.0e-02;vb21;-5.24;7.0e-02;vb21;3.839    ;1.687    ;
1740;J1748-2446G;rhs+05;17:48:04.8;0;clge02;-24:46:45;0;clge02;-1.99;7.0e-02;vb21;-5.24;7.0e-02;vb21;3.839    ;1.687    ;
1741;J1748-2446H;rhs+05;17:48:04.8;0;clge02;-24:46:45;0;clge02;-1.99;7.0e-02;vb21;-5.24;7.0e-02;vb21;3.839    ;1.687    ;
1742;J1748-2446I;rhs+05;17:48:04.8;0;clge02;-24:46:45;0;clge02;-1.99;7.0e-02;vb21;-5.24;7.0e-02;vb21;3.839    ;1.687    ;
1743;J1748-2446J;rhs+05;17:48:04.8;0;clge02;-24:46:45;0;clge02;-1.99;7.0e-02;vb21;-5.24;7.0e-02;vb21;3.839    ;1.687    ;
1744;J1748-2446K;rhs+05;17:48:04.8;0;clge02;-24:46:45;0;clge02;-1.99;7.0e-02;vb21;-5.24;7.0e-02;vb21;3.839    ;1.687    ;
1745;J1748-2446L;rhs+05;17:48:04.8;0;clge02;-24:46:45;0;clge02;-1.99;7.0e-02;vb21;-5.24;7.0e-02;vb21;3.839    ;1.687    ;
1746;J1748-2446M;rhs+05;17:48:04.8;0;clge02;-24:46:45;0;clge02;-1.99;7.0e-02;vb21;-5.24;7.0e-02;vb21;3.839    ;1.687    ;
1747;J1748-2446N;rhs+05;17:48:04.8;0;clge02;-24:46:45;0;clge02;-1.99;7.0e-02;vb21;-5.24;7.0e-02;vb21;3.839    ;1.687    ;
1748;J1748-2446O;rhs+05;17:48:04.8;0;clge02;-24:46:45;0;clge02;-1.99;7.0e-02;vb21;-5.24;7.0e-02;vb21;3.839    ;1.687    ;
1749;J1748-2446P;rhs+05;17:48:04.8;0;clge02;-24:46:45;0;clge02;-1.99;7.0e-02;vb21;-5.24;7.0e-02;vb21;3.839    ;1.687    ;
1750;J1748-2446Q;rhs+05;17:48:04.8;0;clge02;-24:46:45;0;clge02;-1.99;7.0e-02;vb21;-5.24;7.0e-02;vb21;3.839    ;1.687    ;
1751;J1748-2446R;rhs+05;17:48:04.8;0;clge02;-24:46:45;0;clge02;-1.99;7.0e-02;vb21;-5.24;7.0e-02;vb21;3.839    ;1.687    ;
1752;J1748-2446S;rhs+05;17:48:04.8;0;clge02;-24:46:45;0;clge02;-1.99;7.0e-02;vb21;-5.24;7.0e-02;vb21;3.839    ;1.687    ;
1753;J1748-2446T;rhs+05;17:48:04.8;0;clge02;-24:46:45;0;clge02;-1.99;7.0e-02;vb21;-5.24;7.0e-02;vb21;3.839    ;1.687    ;
1754;J1748-2446U;rhs+05;17:48:04.8;0;clge02;-24:46:45;0;clge02;-1.99;7.0e-02;vb21;-5.24;7.0e-02;vb21;3.839    ;1.687    ;
1755;J1748-2446V;rhs+05;17:48:04.8;0;clge02;-24:46:45;0;clge02;-1.99;7.0e-02;vb21;-5.24;7.0e-02;vb21;3.839    ;1.687    ;
1756;J1748-2446W;rhs+05;17:48:04.8;0;clge02;-24:46:45;0;clge02;-1.99;7.0e-02;vb21;-5.24;7.0e-02;vb21;3.839    ;1.687    ;
1757;J1748-2446X;rhs+05;17:48:04.8;0;clge02;-24:46:45;0;clge02;-1.99;7.0e-02;vb21;-5.24;7.0e-02;vb21;3.839    ;1.687    ;
1758;J1748-2446Y;rhs+05;17:48:04.8;0;clge02;-24:46:45;0;clge02;-1.99;7.0e-02;vb21;-5.24;7.0e-02;vb21;3.839    ;1.687    ;
1759;J1748-2446Z;fre08;17:48:04.8;0;clge02;-24:46:45;0;clge02;-1.99;7.0e-02;vb21;-5.24;7.0e-02;vb21;3.839    ;1.687    ;
1760;J1748-30;ncb+15;17:48;5.0e+00;ncb+15;-30:17;7.0e+00;ncb+15;*;0;*;*;0;*;359.117  ;-1.141   ;
1761;J1748-3009;kek+13;17:48:23.7582;3.0e-04;pbm+19;-30:09:11.28;4.0e-02;pbm+19;*;0;*;*;0;*;359.272  ;-1.147   ;
1762;J1749+16;dsm+16;17:49:29;1.2e+02;dsm+16;+16:24;8.0e+00;dsm+16;*;0;*;*;0;*;41.208   ;20.900   ;
1763;J1749-2146;ccb+20;17:49:21.241;1.9e-02;ccb+20;-21:46:31;1.0e+01;ccb+20;*;0;*;*;0;*;6.568    ;2.981    ;
1764;J1749-2347;hfs+04;17:49:15.61;1.2e-01;hfs+04;-23:47:17;8.2e+01;hfs+04;*;0;*;*;0;*;4.828    ;1.967    ;
1765;J1749-2629;mhl+02;17:49:11.28;5.0e-02;mhl+02;-26:29:10;1.9e+01;mhl+02;*;0;*;*;0;*;2.505    ;0.593    ;
1766;J1749-3002;jlm+92;17:49:13.49;2.8e-02;hlk+04;-30:02:35;3.2e+00;hlk+04;*;0;*;*;0;*;359.459  ;-1.244   ;
1767;J1749-4931;bbb+12;17:49:23.77;4.0e-02;bbb+12;-49:31:59;2.0e+00;bbb+12;*;0;*;*;0;*;342.522  ;-11.095  ;
1768;J1749-5417;bsb+19;17:49:47.06;3.0e-02;bsb+19;-54:17:30.7;3.0e-01;bsb+19;*;0;*;*;0;*;338.275  ;-13.427  ;
1769;J1749-5605;mlt+78;17:49:44.5;1.0e-01;nmc81;-56:05:19;3.0e+00;nmc81;*;0;*;*;0;*;336.637  ;-14.262  ;
1770;J1749+5952;scb+19;17:49:33.228;2.0e-03;tbc+20;+59:52:36.13;1.0e-02;tbc+20;*;0;*;*;0;*;88.621   ;30.900   ;
1771;J1750+07;dsm+16;17:50:40;1.2e+02;dsm+16;+07:33;8.0e+00;dsm+16;*;0;*;*;0;*;32.841   ;16.925   ;
1772;J1750-2043;lfl+06;17:50:18.4;5.0e-01;lfl+06;-20:43:08;7.5e+01;lfl+06;*;0;*;*;0;*;7.591    ;3.331    ;
1773;J1750-2438;mhl+02;17:50:59.787;9.0e-03;mhl+02;-24:38:58;7.0e+00;mhl+02;*;0;*;*;0;*;4.291    ;1.185    ;
1774;J1750-2444;hfs+04;17:50:22.96;8.0e-02;hfs+04;-24:44:47;4.2e+01;hfs+04;*;0;*;*;0;*;4.136    ;1.255    ;
1775;J1750-2536;kek+13;17:50:33.39;2.0e-02;kek+13;-25:36:43;3.0e+00;kek+13;*;0;*;*;0;*;3.413    ;0.778    ;
1776;J1750-28;ncb+15;17:50:04.0;2.0e-01;ncb+15;-28:45;7.0e+00;ncb+15;*;0;*;*;0;*;0.663    ;-0.737   ;
1777;J1750-3157;jlm+92;17:50:47.318;8.4e-03;hlk+04;-31:57:44.1;5.8e-01;hlk+04;*;0;*;*;0;*;357.982  ;-2.516   ;
1778;J1750-3503;mld+96;17:50:44.501;6.0e-03;dsb+98;-35:03:08.9;5.0e-01;dsb+98;*;0;*;*;0;*;355.314  ;-4.082   ;
1779;J1750-3703A;dpm+01a;17:50:13.8016;5.0e-04;frb+08;-37:03:10.95;2.0e-02;frb+08;-2.551;2.8e-02;vb21;-5.348;2.8e-02;vb21;353.532  ;-5.009   ;
1780;J1750-3703B;frb+08;17:50:12.1770;4.0e-04;frb+08;-37:03:22.93;2.0e-02;frb+08;-2.551;2.8e-02;vb21;-5.348;2.8e-02;vb21;353.526  ;-5.006   ;
1781;J1750-3703C;frb+08;17:50:13.4541;7.0e-04;frb+08;-37:03:05.58;3.0e-02;frb+08;-2.551;2.8e-02;vb21;-5.348;2.8e-02;vb21;353.533  ;-5.007   ;
1782;J1750-3703D;frb+08;17:50:13.0969;4.0e-04;frb+08;-37:03:06.368;1.7e-02;frb+08;-2.551;2.8e-02;vb21;-5.348;2.8e-02;vb21;353.532  ;-5.006   ;
1783;J1751-2516;mhl+02;17:51:52.63;6.0e-02;mhl+02;-25:16:43;2.6e+01;mhl+02;*;0;*;*;0;*;3.852    ;0.692    ;
1784;J1751-2737;bdf+17;17:51:12.65;2.0e-02;bdf+17;-27:37:19.8;3.0e-01;bdf+17;*;0;*;*;0;*;1.761    ;-0.376   ;
1785;J1751-2857;sfl+05;17:51:32.693197;1.7e-05;dcl+16;-28:57:46.520;3.0e-03;dcl+16;-7.4;1.0e-01;dcl+16;-4.3;1.2e+00;dcl+16;0.646    ;-1.124   ;
1786;J1751-3323;kbm+03;17:51:32.725;1.1e-02;ywml10;-33:23:39.6;9.0e-01;ywml10;*;0;*;*;0;*;356.829  ;-3.382   ;
1787;J1751-4657;wvl69;17:51:42.196;2.0e-03;jbv+19;-46:57:26.53;5.0e-02;jbv+19;-13;5.0e+00;jbv+19;-59;7.0e+00;jbv+19;345.002  ;-10.178  ;
1788;J1752+2359;fcwa95;17:52:35.42;2.0e-02;lwf+04;+23:59:48.2;2.0e-01;lwf+04;*;0;*;*;0;*;49.098   ;23.074   ;
1789;J1752-2410;hfs+04;17:52:58.742;1.5e-02;hfs+04;-24:10:26;1.5e+01;hfs+04;*;0;*;*;0;*;4.930    ;1.039    ;
1790;J1752-2806;tv68;17:52:58.6896;1.7e-03;hlk+04;-28:06:37.3;3.0e-01;hlk+04;-4;6.0e+00;fgml97;-5;5.0e+00;fgml97;1.540    ;-0.961   ;
1791;J1752-2821;mhl+02;17:52:24.55;3.0e-02;mhl+02;-28:21:10;9.0e+00;mhl+02;*;0;*;*;0;*;1.267    ;-0.976   ;
1792;J1753-12;bb10;17:52:53;5.8e+01;bb10;-12:59;1.5e+01;bb10;*;0;*;*;0;*;14.608   ;6.703    ;
1793;J1753-1914;lfl+06;17:53:35.171;1.2e-02;lfl+06;-19:14:58;3.0e+00;lfl+06;*;0;*;*;0;*;9.251    ;3.412    ;
1794;J1753-2240;kkl+09;17:53:39.847;5.0e-03;kkl+09;-22:40:42;1.0e+00;kkl+09;*;0;*;*;0;*;6.299    ;1.663    ;
1795;J1753-2501;cl86;17:53:30.61;2.9e-02;hlk+04;-25:00:25;1.4e+01;hlk+04;*;0;*;*;0;*;4.274    ;0.512    ;
1796;J1753-28;ccb+20;17:53:06;2.4e+01;ccb+20;-28:53;7.0e+00;ccb+20;*;0;*;*;0;*;0.887    ;-1.377   ;
1797;J1753-2819;mic13;17:53:56.1837;4.0e-04;pbm+19;-28:19:30.03;7.0e-02;pbm+19;*;0;*;*;0;*;1.462    ;-1.252   ;
1798;J1753-38;bb10;17:53;1.0e+00;kjv+10;-38:49;7.0e+00;kjv+10;*;0;*;*;0;*;352.277  ;-6.368   ;
1799;J1754+0032;mbc+19;17:54:52;0;mbc+19;+00:36:33;0;mbc+19;*;0;*;*;0;*;26.930   ;12.844   ;
1800;J1754-2422;kjv+10;17:54:36.56;6.0e-02;bbb+12;-24:22:24;4.9e+01;bbb+12;*;0;*;*;0;*;4.947    ;0.618    ;
1801;J1754-3014;mll+06;17:54:30.181;4.0e-02;jcs+17;-30:15:03;5.0e+00;jcs+17;*;0;*;*;0;*;359.862  ;-2.332   ;
1802;J1754-3443;hfs+04;17:54:37.372;1.4e-02;hfs+04;-34:43:53.9;1.0e+00;hfs+04;*;0;*;*;0;*;355.994  ;-4.607   ;
1803;J1754-3510;lfl+06;17:54:54.616;7.0e-03;lfl+06;-35:10:43.0;5.0e-01;lfl+06;*;0;*;*;0;*;355.635  ;-4.882   ;
1804;J1754+5201;dtws85;17:54:22.9068;1.0e-04;dgb+19;+52:01:12.244;1.0e-03;dgb+19;-3.95;5.0e-02;dgb+19;1.11;7.0e-02;dgb+19;79.608   ;29.628   ;
1805;J1755-0903;bbb+12;17:55:10.364;5.0e-03;bbb+12;-09:03:51.6;2.0e-01;bbb+12;*;0;*;*;0;*;18.324   ;8.150    ;
1806;J1755-1650;lfl+06;17:55:11.648;1.8e-02;lfl+06;-16:50:41;3.0e+00;lfl+06;*;0;*;*;0;*;11.527   ;4.291    ;
1807;J1755-2025;kel+09;17:55:35.801;6.0e-03;kel+09;-20:25:00;0;kel+09;*;0;*;*;0;*;8.480    ;2.416    ;
1808;J1755-2521;mhl+02;17:55:59.71;9.0e-02;mhl+02;-25:21:27;4.8e+01;mhl+02;*;0;*;*;0;*;4.255    ;-0.150   ;
1809;J1755-25211;hfs+04;17:55:19.31;5.0e-02;hfs+04;-25:21:09;1.8e+01;hfs+04;*;0;*;*;0;*;4.183    ;-0.016   ;
1810;J1755-2534;hfs+04;17:55:49.82;3.0e-02;hfs+04;-25:34:39;1.1e+01;hfs+04;*;0;*;*;0;*;4.047    ;-0.229   ;
1811;J1755-2550;ncb+15;17:55:38.400;4.0e-03;nkt+18;-25:50:22.0;1.8e+00;nkt+18;*;0;*;*;0;*;3.799    ;-0.323   ;
1812;J1755-26;ncb+15;17:55:16.29;4.0e-02;ncb+15;-26:00;1.0e+00;ncb+15;*;0;*;*;0;*;3.618    ;-0.333   ;
1813;J1755-2725;mhl+02;17:55:41.88;9.0e-02;mhl+02;-27:25:45;2.4e+01;mhl+02;*;0;*;*;0;*;2.432    ;-1.135   ;
1814;J1755-33;kek+13;17:55:12;3.0e+01;kek+13;-33:31;7.0e+00;kek+13;*;0;*;*;0;*;357.109  ;-4.102   ;
1815;J1755-3716;nbb+14;17:55:35.4462;4.0e-04;nbb+14;-37:16:10.78;4.0e-02;nbb+14;*;0;*;*;0;*;353.882  ;-6.041   ;
1816;J1756+1822;naf03;17:56:17.583;8.0e-03;bfrs18;+18:22:55.3;2.0e-01;bfrs18;*;0;*;*;0;*;43.836   ;20.185   ;
1817;J1756-2225;hfs+04;17:56:25.56;8.0e-02;hfs+04;-22:25:48;6.6e+01;hfs+04;*;0;*;*;0;*;6.835    ;1.237    ;
1818;J1756-2251;fsk+04;17:56:46.633812;1.5e-05;fsk+14;-22:51:59.35;2.0e-02;fsk+14;-2.42;8.0e-02;fsk+14;0;2.0e+01;fsk+14;6.499    ;0.948    ;
1819;J1756-2435;cl86;17:56:57.913;4.9e-03;hlk+04;-24:35:34;3.6e+00;hlk+04;*;0;*;*;0;*;5.027    ;0.044    ;
1820;J1756-25;ncb+15;17:56:42;3.0e+01;ncb+15;-25:28;7.0e+00;ncb+15;*;0;*;*;0;*;4.241    ;-0.342   ;
1821;J1756-2619;kel+09;17:57:19.39;2.0e-02;kel+09;-26:19:08;9.0e+00;kel+09;*;0;*;*;0;*;3.574    ;-0.891   ;
1822;J1757-1500;bbb+12;17:57:12.752;1.7e-02;bsb+19;-15:00:28.5;1.7e+00;bsb+19;*;0;*;*;0;*;13.367   ;4.785    ;
1823;J1757-16;fau04;17:57:25;3.0e+01;fau04;-16:26;7.0e+00;fau04;*;0;*;*;0;*;12.151   ;4.034    ;
1824;J1757-1854;cck+18;17:57:03.78438;6.0e-05;cck+18;-18:54:03.376;7.0e-03;cck+18;*;0;*;*;0;*;9.966    ;2.877    ;
1825;J1757-2223;mhl+02;17:57:50.772;4.0e-03;mhl+02;-22:23:49;4.0e+00;mhl+02;*;0;*;*;0;*;7.029    ;0.970    ;
1826;J1757-2421;kom74;17:57:29.3235;1.4e-03;ymw+17;-24:22:07.4;1.4e+00;ymw+17;*;0;*;*;0;*;5.281    ;0.054    ;
1827;J1757-2745;ncb+15;17:57:54.7826;1.0e-04;pbm+19;-27:45:40.16;2.0e-02;pbm+19;-11.4;1.1e+00;pbm+19;54;1.7e+01;pbm+19;2.391    ;-1.727   ;
1828;J1757-5322;eb01;17:57:15.1615;3.0e-04;eb01b;-53:22:26.387;5.0e-03;eb01b;*;0;*;*;0;*;339.637  ;-13.980  ;
1829;J1758-1931;hfs+04;17:58:05.60;7.0e-02;hfs+04;-19:31:41;1.1e+01;hfs+04;*;0;*;*;0;*;9.544    ;2.353    ;
1830;J1758-2206;mhl+02;17:58:44.45;3.0e-02;mhl+02;-22:06:45;1.9e+01;mhl+02;*;0;*;*;0;*;7.378    ;0.933    ;
1831;J1758-2540;mhl+02;17:58:31.94;9.0e-02;mhl+02;-25:40:49;4.6e+01;mhl+02;*;0;*;*;0;*;4.263    ;-0.807   ;
1832;J1758-2630;mhl+02;17:58:34.27;1.4e-01;mhl+02;-26:30:10;2.1e+01;mhl+02;*;0;*;*;0;*;3.555    ;-1.225   ;
1833;J1758-2846;lfl+06;17:58:15.41;3.0e-02;lfl+06;-28:46:02;5.0e+00;lfl+06;*;0;*;*;0;*;1.556    ;-2.294   ;
1834;J1758+3030;cnst96;17:58:25.88;2.0e-02;snt97;+30:30:24.0;6.0e-01;snt97;*;0;*;*;0;*;56.265   ;24.032   ;
1835;J1759-1029;bbb+12;17:59:34.30;4.0e-02;bbb+12;-10:29:57;3.0e+00;bbb+12;*;0;*;*;0;*;17.596   ;6.504    ;
1836;J1759-1736;lfl+06;17:59:28.16;7.0e-02;lfl+06;-17:36:10;7.0e+00;lfl+06;*;0;*;*;0;*;11.378   ;3.028    ;
1837;J1759-1903;hfs+04;17:59:41.76;1.6e-01;hfs+04;-19:03:19;2.7e+01;hfs+04;*;0;*;*;0;*;10.142   ;2.260    ;
1838;J1759-1940;mhl+02;17:59:57.040;1.5e-02;mhl+02;-19:40:29;5.0e+00;mhl+02;*;0;*;*;0;*;9.634    ;1.901    ;
1839;J1759-1956;mhl+02;17:59:35.42;4.0e-02;mhl+02;-19:56:08;1.5e+01;mhl+02;*;0;*;*;0;*;9.366    ;1.845    ;
1840;J1759-2205;mlt+78;17:59:24.164;4.0e-03;lbs+20;-22:05:33;2.0e+00;lbs+20;*;0;*;*;0;*;7.472    ;0.810    ;
1841;J1759-2302;mhl+02;17:59:49.23;9.0e-02;mhl+02;-23:02:08;2.0e+02;mhl+02;*;0;*;*;0;*;6.702    ;0.257    ;
1842;J1759-2307;mhl+02;17:59:30.945;2.0e-02;mhl+02;-23:07:17;4.6e+01;mhl+02;*;0;*;*;0;*;6.593    ;0.275    ;
1843;J1759-24;ncb+15;17:59:24;3.0e+01;ncb+15;-24:02;7.0e+00;ncb+15;*;0;*;*;0;*;5.789    ;-0.156   ;
1844;J1759-2549;mhl+02;17:59:35.12;9.0e-02;mhl+02;-25:49:07;3.4e+01;mhl+02;*;0;*;*;0;*;4.261    ;-1.082   ;
1845;J1759-2922;lml+98;17:59:48.246;1.4e-02;hlk+04;-29:22:07;2.5e+00;hlk+04;*;0;*;*;0;*;1.202    ;-2.887   ;
1846;J1759-3107;hfs+04;17:59:22.056;4.0e-03;lbs+20;-31:07:21.8;5.0e-01;lbs+20;*;0;*;*;0;*;359.629  ;-3.674   ;
1847;J1759+5036;amm+21;17:59:45.672;3.0e-03;amm+21;+50:36:56.96;2.0e-02;amm+21;*;0;*;*;0;*;78.151   ;28.600   ;
1848;J1759-5505;sfj+20;17:59:34.16;2.0e-02;sfj+20;-55:05:30.9;2.0e-01;sfj+20;*;0;*;*;0;*;338.205  ;-15.050  ;
1849;J1800-0125;crh+06a;18:00:22.08;3.0e-02;crh+06a;-01:25:30.6;7.0e-01;crh+06a;*;0;*;*;0;*;25.749   ;10.678   ;
1850;J1800-2114;hfs+04;18:00:12.3;4.0e-01;hfs+04;-21:14:19;7.5e+01;hfs+04;*;0;*;*;0;*;8.306    ;1.073    ;
1851;J1800-2343;moh83;18:00;4.0e+00;moh83;-23:43;1.5e+01;moh83;*;0;*;*;0;*;6.132    ;-0.118   ;
1852;J1800+5034;slr+14;18:00:44.372;1.0e-02;lsk+18;+50:34:21.76;1.4e-01;lsk+18;*;0;*;*;0;*;78.130   ;28.440   ;
1853;J1801-0357;stwd85;18:01:22.628;3.0e-03;lbs+20;-03:57:55.7;2.0e-01;lbs+20;*;0;*;*;0;*;23.595   ;9.257    ;
1854;J1801-0857A;lrfs11;18:01:50.6097;1.0e-04;pmq+21;-08:57:31.853;6.0e-03;pmq+21;-1.551;2.9e-02;vb21;-4.470;2.8e-02;vb21;19.225   ;6.762    ;
1855;J1801-0857B;lrfs11;18:01:50.5642;4.0e-04;pqm+21;-08:57:32.87;2.0e-02;pqm+21;-1.551;2.9e-02;vb21;-4.470;2.8e-02;vb21;19.225   ;6.762    ;
1856;J1801-0857C;lrfs11;18:01:50.73731;7.0e-05;pmq+21;-08:57:32.699;3.0e-03;pmq+21;-1.551;2.9e-02;vb21;-4.470;2.8e-02;vb21;19.225   ;6.762    ;
1857;J1801-0857D;lrfs11;18:01:55.3632;2.0e-04;pmq+21;-08:57:24.284;9.0e-03;pmq+21;-1.551;2.9e-02;vb21;-4.470;2.8e-02;vb21;19.237   ;6.746    ;
1858;J1801-0857E;pmq+21;18:01:50.6232;3.0e-04;pmq+21;-08:57:31.29;2.0e-02;pmq+21;-1.551;2.9e-02;vb21;-4.470;2.8e-02;vb21;19.225   ;6.762    ;
1859;J1801-0857F;pmq+21;18:01:50.7409;3.0e-04;pmq+21;-08:57:31.27;2.0e-02;pmq+21;-1.551;2.9e-02;vb21;-4.470;2.8e-02;vb21;19.226   ;6.762    ;
1860;J1801-0857G;pmq+21;18:01:50.099;2.0e-03;pmq+21;-08:57:27.9;1.0e-01;pmq+21;-1.551;2.9e-02;vb21;-4.470;2.8e-02;vb21;19.225   ;6.765    ;
1861;J1801-0857H;pqm+21;18:01:52.5895;9.0e-04;pqm+21;-08:57:53.15;5.0e-02;pqm+21;-1.551;2.9e-02;vb21;-4.470;2.8e-02;vb21;19.224   ;6.752    ;
1862;J1801-0857I;pqm+21;18:01:50.5;0.0e+00;har10a;-08:57:32;0.0e+00;har10a;-1.551;2.9e-02;vb21;-4.470;2.8e-02;vb21;19.225   ;6.763    ;
1863;J1801-1417;fsk+04;18:01:51.073331;1.9e-05;dcl+16;-14:17:34.526;2.0e-03;dcl+16;-10.89;1.2e-01;dcl+16;-3.0;1.0e+00;dcl+16;14.546   ;4.162    ;
1864;J1801-1855;mhl+02;18:01:22.3;3.0e-01;mhl+02;-18:55:49;4.9e+01;mhl+02;*;0;*;*;0;*;10.447   ;1.978    ;
1865;J1801-1909;mhl+02;18:01:46.69;3.0e-02;mhl+02;-19:09:36;6.0e+00;mhl+02;*;0;*;*;0;*;10.295   ;1.781    ;
1866;J1801-2115;hfs+04;18:01:32.49;1.2e-01;hfs+04;-21:15:18;5.3e+01;hfs+04;*;0;*;*;0;*;8.446    ;0.794    ;
1867;J1801-2154;hfs+04;18:01:08.68;3.5e-01;psj+19;-21:54:07.15;4.5e-01;psj+19;*;0;*;*;0;*;7.838    ;0.554    ;
1868;J1801-2304;mdt85;18:01:19.81488;6.0e-04;ddb+17;-23:04:44.637;1.0e-02;ddb+17;*;0;*;*;0;*;6.837    ;-0.066   ;
1869;J1801-2451;mdt85;18:01:00.016;8.0e-03;zbcg08;-24:51:27.5;2.0e-01;zbcg08;-11;9.0e+00;zbcg08;-1;1.5e+01;zbcg08;5.254    ;-0.882   ;
1870;J1801-2920;jlm+92;18:01:46.839;3.0e-03;lbs+20;-29:20:38.1;3.0e-01;lbs+20;*;0;*;*;0;*;1.437    ;-3.249   ;
1871;J1801-3210;kjv+10;18:01:25.8872;1.0e-04;pbm+19;-32:10:53.733;9.0e-03;pbm+19;-4.0;6.0e-01;pbm+19;-4;3.0e+00;pbm+19;358.922  ;-4.577   ;
1872;J1801-3458;lfl+06;18:01:52.66;1.1e-01;lfl+06;-34:58:37;7.0e+00;lfl+06;*;0;*;*;0;*;356.517  ;-6.023   ;
1873;J1802+0128;ebvb01;18:02:27.45;2.0e-02;ebvb01;+01:28:23.7;4.0e-01;ebvb01;*;0;*;*;0;*;28.612   ;11.562   ;
1874;J1802+03;dsm+13;18:02:44;3.0e+01;dsm+13;+03:38;8.0e+00;dsm+13;*;0;*;*;0;*;30.608   ;12.488   ;
1875;J1802-0523;bbb+12;18:02:12.14;8.0e-02;bsb+19;-05:23:29;4.0e+00;bsb+19;*;0;*;*;0;*;22.425   ;8.398    ;
1876;J1802-1745;mhl+02;18:02:14.85;3.0e-02;mhl+02;-17:45:17;7.0e+00;mhl+02;*;0;*;*;0;*;11.573   ;2.377    ;
1877;J1802-2124;fsk+04;18:02:05.335576;9.0e-06;fsk+10;-21:24:03.649;3.0e-03;fsk+10;-0.85;1.0e-01;fsk+10;4.8;0;fsk+10;8.382    ;0.611    ;
1878;J1802-2426;mhl+02;18:02:03.10;4.0e-02;mhl+02;-24:26:43;3.0e+01;mhl+02;*;0;*;*;0;*;5.731    ;-0.886   ;
1879;J1802-3346;kjv+10;18:02:55.2;1.0e-01;bbb+12;-33:46:45;5.0e+00;bbb+12;*;0;*;*;0;*;357.675  ;-5.629   ;
1880;J1803+1358;aab+22;18:03:11;0;aab+22;+13:59:26;0;aab+22;*;0;*;*;0;*;40.299   ;16.902   ;
1881;J1803-1616;hfs+04;18:03:34.68;3.0e-02;hfs+04;-16:16:30;4.0e+00;hfs+04;*;0;*;*;0;*;13.020   ;2.827    ;
1882;J1803-1857;mhl+02;18:03:59.06;3.0e-02;mhl+02;-18:57:19;8.0e+00;mhl+02;*;0;*;*;0;*;10.730   ;1.428    ;
1883;J1803-1920;hfs+04;18:03:29.44;3.0e-02;hfs+04;-19:20:41;7.0e+00;hfs+04;*;0;*;*;0;*;10.334   ;1.338    ;
1884;J1803-2137;cl86;18:03:51.4105;1.0e-03;bckf06;-21:37:07.351;1.0e-02;bckf06;11.6;1.8e+00;bckf06;14.8;2.3e+00;bckf06;8.395    ;0.146    ;
1885;J1803-2149;pga+12;18:03:09.632;9.0e-03;pga+12;-21:49:13;4.0e+00;pga+12;*;0;*;*;0;*;8.140    ;0.187    ;
1886;J1803-2712;jlm+92;18:03:31.692;1.6e-02;hlk+04;-27:12:06;3.6e+00;hlk+04;*;0;*;*;0;*;3.494    ;-2.532   ;
1887;J1803-3002A;pdc+05;18:03:34.0;0;har10a;-30:02:02;0;har10a;2.566;3.9e-02;vb21;-6.438;3.6e-02;vb21;1.025    ;-3.925   ;
1888;J1803-3002B;fre08;18:03:34.0;0;har10a;-30:02:02;0;har10a;2.566;3.9e-02;vb21;-6.438;3.6e-02;vb21;1.025    ;-3.925   ;
1889;J1803-3002C;fre08;18:03:34.0;0;har10a;-30:02:02;0;har10a;2.566;3.9e-02;vb21;-6.438;3.6e-02;vb21;1.025    ;-3.925   ;
1890;J1803-3002D;rgf+21;18:03:34.0;0;har10a;-30:02:02;0;har10a;2.566;3.9e-02;vb21;-6.438;3.6e-02;vb21;1.025    ;-3.925   ;
1891;J1803-3329;kjv+10;18:03:44.453;4.0e-03;bbb+12;-33:29:10.7;3.0e-01;bbb+12;*;0;*;*;0;*;358.015  ;-5.637   ;
1892;J1804-0735;dbl+93;18:04:49.8954;1.6e-03;hlk+04;-07:35:24.69;1.1e-01;hlk+04;-6.896;2.6e-02;vb21;-3.537;2.6e-02;vb21;20.792   ;6.773    ;
1893;J1804-2228;mhl+02;18:04:28.19;9.0e-02;mhl+02;-22:28:18;5.5e+01;mhl+02;*;0;*;*;0;*;7.722    ;-0.397   ;
1894;J1804-2717;llb+96;18:04:21.133087;1.9e-05;dcl+16;-27:17:31.335;4.0e-03;dcl+16;2.56;1.5e-01;dcl+16;-17;3.0e+00;dcl+16;3.505    ;-2.736   ;
1895;J1804-28;kek+13;18:04:48;3.0e+01;kek+13;-28:07;7.0e+00;kek+13;*;0;*;*;0;*;2.833    ;-3.225   ;
1896;J1804-2858;mbc+19;18:04:01.52323;4.0e-05;pbm+19;-28:58:46.608;7.0e-03;pbm+19;-6.4;5.0e-01;pbm+19;-11;5.0e+00;pbm+19;1.995    ;-3.498   ;
1897;J1805+0306;stwd85;18:05:10.154;1.9e-03;hlk+04;+03:06:30.27;1.1e-01;hlk+04;*;0;*;*;0;*;30.413   ;11.708   ;
1898;J1805+0615;cck+16;18:05:42.39969;3.0e-05;drc+21;+06:15:18.606;1.3e-02;drc+21;8.7;1.3e+00;drc+21;12.8;2.9e+00;drc+21;33.351   ;13.005   ;
1899;J1805-0619;ebvb01;18:05:31.436;9.0e-03;ebvb01;-06:19:45.4;4.0e-01;ebvb01;*;0;*;*;0;*;21.990   ;7.225    ;
1900;J1805-1504;lfl+06;18:05:06.10;1.7e-01;lfl+06;-15:04:36;1.8e+01;lfl+06;*;0;*;*;0;*;14.246   ;3.093    ;
1901;J1805-2032;mhl+02;18:05:37.09;6.0e-02;mhl+02;-20:32:51;2.1e+01;mhl+02;*;0;*;*;0;*;9.530    ;0.313    ;
1902;J1805-2037;mhl+02;18:05:28.19;3.0e-02;mhl+02;-20:37:16;1.1e+01;mhl+02;*;0;*;*;0;*;9.449    ;0.307    ;
1903;J1805-2447;hfs+04;18:05:25.93;3.0e-02;hfs+04;-24:47:30;1.4e+01;hfs+04;*;0;*;*;0;*;5.807    ;-1.725   ;
1904;J1805-2948;bbb+12;18:05:42.49;1.0e-02;bbb+12;-29:48:00;2.0e+00;bbb+12;*;0;*;*;0;*;1.456    ;-4.217   ;
1905;J1806+1023;ebvb01;18:06:52.114;3.0e-03;jbo+09;+10:23:18.30;1.2e-01;jbo+09;*;0;*;*;0;*;37.305   ;14.560   ;
1906;J1806-1154;stwd85;18:06:06.791;9.6e-03;hlk+04;-11:54:28.7;1.1e+00;hlk+04;*;0;*;*;0;*;17.142   ;4.417    ;
1907;J1806-1618;hfs+04;18:06:25.78;6.0e-02;hfs+04;-16:18:38;8.0e+00;hfs+04;*;0;*;*;0;*;13.323   ;2.213    ;
1908;J1806-1920;mhl+02;18:06:06.6;2.0e-01;mhl+02;-19:20:23;4.0e+01;mhl+02;*;0;*;*;0;*;10.641   ;0.802    ;
1909;J1806-2125;mhl+02;18:06:19.80;2.7e-01;psj+19;-21:27:55.58;7.3e-01;psj+19;*;0;*;*;0;*;8.811    ;-0.280   ;
1910;J1806+2819;kmk+18;18:06:25.0658;5.0e-04;kmk+18;+28:19:01.115;5.0e-03;kmk+18;*;0;*;*;0;*;54.645   ;21.667   ;
1911;J1807+04;dsm+13;18:07:25;3.0e+01;dsm+13;+04:05;8.0e+00;dsm+13;*;0;*;*;0;*;31.560   ;11.650   ;
1912;J1807+0756;rtj+96;18:07:51.235;2.0e-03;clm+05;+07:56:43.39;5.0e-02;clm+05;*;0;*;*;0;*;35.149   ;13.276   ;
1913;J1807-0847;mlt+78;18:07:38.0274;4.0e-04;hlk+04;-08:47:43.27;2.0e-02;hlk+04;-5;4.0e+00;fgml97;1;4.0e+00;fgml97;20.061   ;5.587    ;
1914;J1807-2459A;rgh+01;18:07:20.355604;1.6e-05;lfrj12;-24:59:52.9015;6.5e-03;lfrj12;-2.304;3.1e-02;vb21;-18.604;3.0e-02;vb21;5.837    ;-2.203   ;
1915;J1807-2459B;cha03;18:07:20.871209;5.3e-05;lfrj12;-25:00:01.915;1.7e-02;lfrj12;-2.304;3.1e-02;vb21;-18.604;3.0e-02;vb21;5.836    ;-2.206   ;
1916;J1807-2557;kle+10;18:07:13.66;1.0e-02;kkl+11;-25:57:20;5.0e+00;kkl+11;*;0;*;*;0;*;4.987    ;-2.646   ;
1917;J1807-2715;mlt+78;18:07:08.495;8.2e-03;hlk+04;-27:15:03.0;1.4e+00;hlk+04;*;0;*;*;0;*;3.843    ;-3.257   ;
1918;J1808+00;cnst96;18:08:19;1.6e+01;cnst96;+00:34;5.0e+00;cnst96;*;0;*;*;0;*;28.480   ;9.844    ;
1919;J1808-0813;mld+96;18:08:09.432;9.4e-03;hlk+04;-08:13:01.8;6.8e-01;hlk+04;*;0;*;*;0;*;20.634   ;5.750    ;
1920;J1808-1020;lfl+06;18:08:45.634;6.0e-03;lfl+06;-10:20:48.3;4.0e-01;lfl+06;*;0;*;*;0;*;18.828   ;4.600    ;
1921;J1808-1517;eklk13;18:08:39.09;2.0e-02;eklk13;-15:17:40;2.0e+00;eklk13;*;0;*;*;0;*;14.472   ;2.239    ;
1922;J1808-1726;lfl+06;18:08:42.3;3.0e-01;lfl+06;-17:26:27;4.2e+01;lfl+06;*;0;*;*;0;*;12.599   ;1.188    ;
1923;J1808-2024;kds+98;18:08:39.337;4.0e-03;icm+05;-20:24:39.85;6.0e-02;icm+05;-4.5;1.4e+00;tck12;-6.9;2.0e+00;tck12;9.996    ;-0.242   ;
1924;J1808-2057;cl86;18:08:06.396;1.1e-02;hlk+04;-20:58:08;2.9e+00;hlk+04;*;0;*;*;0;*;9.446    ;-0.400   ;
1925;J1808-2701;lfl+06;18:08:13.23;4.0e-02;lfl+06;-27:01:21;9.0e+00;lfl+06;*;0;*;*;0;*;4.160    ;-3.357   ;
1926;J1808-3249;ebvb01;18:08:04.48;2.0e-02;ebvb01;-32:49:34;1.0e+00;ebvb01;*;0;*;*;0;*;359.035  ;-6.115   ;
1927;J1809-0119;kjv+10;18:09:51.36;1.0e-02;bbb+12;-01:19:29.0;4.0e-01;bbb+12;*;0;*;*;0;*;26.962   ;8.627    ;
1928;J1809-0743;ebvb01;18:09:35.92;1.0e-02;ebvb01;-07:43:01.4;5.0e-01;ebvb01;*;0;*;*;0;*;21.247   ;5.675    ;
1929;J1809-1429;mhl+02;18:09:45.510;8.0e-03;mhl+02;-14:29:25.0;1.2e+00;mhl+02;*;0;*;*;0;*;15.306   ;2.393    ;
1930;J1809+17;scb+19;18:09:06;1.2e+01;scb+19;+17:04;3.0e+00;scb+19;*;0;*;*;0;*;43.842   ;16.864   ;
1931;J1809-1850;hfs+04;18:09:37.21;1.2e-01;hfs+04;-18:50:55;2.1e+01;hfs+04;*;0;*;*;0;*;11.473   ;0.316    ;
1932;J1809-1917;mhl+02;18:09:43.136;2.0e-03;psj+19;-19:17:38.1;5.0e-01;psj+19;-19;6.0e+00;psj+19;50;9.0e+01;psj+19;11.094   ;0.080    ;
1933;J1809-1943;ims+04;18:09:51.08696;3.0e-04;hcb+07;-19:43:51.9315;4.0e-03;hcb+07;-6.60;6.0e-02;hcb+07;-11.7;1.0e+00;hcb+07;10.727   ;-0.158   ;
1934;J1809-2004;mhl+02;18:09:15.87;1.5e-01;mhl+02;-20:04:12;5.7e+01;mhl+02;*;0;*;*;0;*;10.363   ;-0.202   ;
1935;J1809-2109;cjlm87;18:09:14.329;3.7e-03;hlk+04;-21:09:02.9;1.4e+00;hlk+04;*;0;*;*;0;*;9.415    ;-0.720   ;
1936;J1809-2332;aaa+09c;18:09:50.25;3.0e-02;vrn12;-23:32:22.68;1.0e-01;vrn12;12;8.0e+00;vrn12;-24;6.0e+00;vrn12;7.390    ;-1.995   ;
1937;J1809-3547;lml+98;18:09:26.98;4.0e-02;dsb+98;-35:47:18;2.0e+00;dsb+98;*;0;*;*;0;*;356.541  ;-7.766   ;
1938;J1810+0705;scb+19;18:10:47.038;7.0e-03;tbc+20;+07:05:36.3;2.0e-01;tbc+20;*;0;*;*;0;*;34.694   ;12.248   ;
1939;J1810-1441;hfs+04;18:10:59.162;1.4e-02;hfs+04;-14:41:33.6;1.3e+00;hfs+04;*;0;*;*;0;*;15.272   ;2.035    ;
1940;J1810-1709;ccb+20;18:10:28.21;3.0e-02;ccb+20;-17:09:27;4.0e+00;ccb+20;*;0;*;*;0;*;13.051   ;0.956    ;
1941;J1810+1744;hrm+11;18:10:37.28;1.0e-02;bvr+13;+17:44:37.38;7.0e-02;bvr+13;*;0;*;*;0;*;44.642   ;16.806   ;
1942;J1810-1820;mhl+02;18:10:55.52;3.0e-02;mhl+02;-18:20:39;6.0e+00;mhl+02;*;0;*;*;0;*;12.064   ;0.289    ;
1943;J1810-2005;clm+01;18:10:58.9919;6.0e-04;jsb+10;-20:05:08.27;1.4e-01;jsb+10;0;2.0e+00;jsb+10;17;3.7e+01;jsb+10;10.545   ;-0.563   ;
1944;J1810-5338;mlt+78;18:10:44.473;3.0e-03;lbs+20;-53:38:07.631;6.0e-03;lbs+20;*;0;*;*;0;*;340.292  ;-15.901  ;
1945;J1811-0154;ebvb01;18:11:19.88;3.0e-02;ebvb01;-01:54:30.9;7.0e-01;ebvb01;*;0;*;*;0;*;26.613   ;8.029    ;
1946;J1811-0624;mzl+23;18:11:18.0861;2.0e-04;mzl+23;-06:24:37.42;3.0e-02;mzl+23;*;0;*;*;0;*;22.604   ;5.923    ;
1947;J1811+0702;fcwa95;18:11:20.42;7.0e-02;lwf+04;+07:02:29.7;2.0e-01;lwf+04;*;0;*;*;0;*;34.709   ;12.102   ;
1948;J1811-1049;kek+13;18:11:17.07;8.0e-02;kek+13;-10:49:03;4.0e+00;kek+13;*;0;*;*;0;*;18.712   ;3.830    ;
1949;J1811-1717;ncb+15;18:11:26.53;1.9e-01;ncb+15;-17:17:47;1.4e+01;ncb+15;*;0;*;*;0;*;13.041   ;0.686    ;
1950;J1811-1736;lcm+00;18:11:55.034;3.0e-03;cks+07;-17:36:37.7;4.0e-01;cks+07;*;0;*;*;0;*;12.821   ;0.435    ;
1951;J1811-1835;mhl+02;18:11:29.72;9.0e-02;mhl+02;-18:35:44;1.3e+01;mhl+02;*;0;*;*;0;*;11.909   ;0.049    ;
1952;J1811-1925;ttdm97;18:11:29.2;1.0e-01;rtk+03;-19:25:28;1.0e+00;rtk+03;*;0;*;*;0;*;11.181   ;-0.348   ;
1953;J1811-2405;kjv+10;18:11:19.854050;1.9e-05;ngf+20;-24:05:18.422;1.0e-02;ngf+20;0.53;6.0e-02;ngf+20;0;0;ngf+20;7.073    ;-2.559   ;
1954;J1811-2439;lfl+06;18:11:55.53;3.0e-02;lfl+06;-24:39:53;9.0e+00;lfl+06;*;0;*;*;0;*;6.632    ;-2.954   ;
1955;J1811-4930;kjv+10;18:11:27.19;1.0e-02;bbb+12;-49:30:20.8;2.0e-01;bbb+12;*;0;*;*;0;*;344.222  ;-14.267  ;
1956;J1812+0226;stwd85;18:12:53.187;6.5e-03;hlk+04;+02:26:57.12;1.8e-01;hlk+04;*;0;*;*;0;*;30.709   ;9.692    ;
1957;J1812-15;ccb+20;18:12:36;3.0e+01;ccb+20;-15:31;7.0e+00;ccb+20;*;0;*;*;0;*;14.736   ;1.298    ;
1958;J1812-1718;cl86;18:12:07.208;7.7e-03;hlk+04;-17:18:29.5;1.1e+00;hlk+04;*;0;*;*;0;*;13.109   ;0.538    ;
1959;J1812-1733;cjlm87;18:12:15.85925;1.7e-04;ddb+17;-17:33:37.871;2.0e-03;ddb+17;*;0;*;*;0;*;12.904   ;0.387    ;
1960;J1812-1910;hfs+04;18:12:34.89;1.0e-01;hfs+04;-19:10:39;1.0e+01;hfs+04;*;0;*;*;0;*;11.522   ;-0.456   ;
1961;J1812-20;ccb+20;18:12:36.58;5.0e-02;ccb+20;-20:58.1;5.0e-01;ccb+20;*;0;*;*;0;*;9.954    ;-1.321   ;
1962;J1812-2102;mhl+02;18:12:20.93;6.0e-02;mhl+02;-21:02:36;1.5e+01;mhl+02;*;0;*;*;0;*;9.859    ;-1.303   ;
1963;J1812-2526;lfl+06;18:12:32.30;3.0e-02;lfl+06;-25:26:38;7.0e+00;lfl+06;*;0;*;*;0;*;6.013    ;-3.448   ;
1964;J1812-2748;kjv+10;18:12:40.58;1.0e-02;bbb+12;-27:48:03;2.0e+00;bbb+12;*;0;*;*;0;*;3.949    ;-4.598   ;
1965;J1812-3039;bbb+12;18:12:44.902;9.0e-03;bbb+12;-30:39:21;1.0e+00;bbb+12;*;0;*;*;0;*;1.431    ;-5.962   ;
1966;J1813-0402;mzl+23;18:13:34.93602;2.0e-05;mzl+23;-04:02:47.8226;1.2e-03;mzl+23;*;0;*;*;0;*;24.971   ;6.534    ;
1967;J1813-1246;aaa+09c;18:13:23.77;1.0e-02;rkp+11;-12:45:59.2;1.5e+00;rkp+11;*;0;*;*;0;*;17.244   ;2.445    ;
1968;J1813-1749;gh09b;18:13:35.180;9.0e-03;dr21;-17:49:57.52;1.3e-01;dr21;-5.0;3.7e+00;dr21;-13.2;6.7e+00;dr21;12.816   ;-0.020   ;
1969;J1813+1822;lwf+04;18:13:38.76;5.0e-02;lwf+04;+18:22:15.0;9.0e-01;lwf+04;*;0;*;*;0;*;45.544   ;16.401   ;
1970;J1813-2113;mhl+02;18:13:39.87;3.0e-02;mhl+02;-21:13:00.4;7.3e+00;mhl+02;*;0;*;*;0;*;9.853    ;-1.656   ;
1971;J1813-2242;hfs+04;18:13:29.16;8.0e-02;hfs+04;-22:42:06;4.2e+01;hfs+04;*;0;*;*;0;*;8.529    ;-2.329   ;
1972;J1813-2621;fsk+04;18:13:40.59165;1.0e-04;lem+15;-26:21:57.055;1.8e-02;lem+15;-7.3;9.0e-01;lem+15;-22;1.6e+01;lem+15;5.322    ;-4.112   ;
1973;J1813+4013;dth78;18:13:13.281;7.0e-03;hlk+04;+40:13:39.03;1.1e-01;hlk+04;*;0;*;*;0;*;67.408   ;24.033   ;
1974;J1814-0521;kjv+10;18:14:26.13;2.0e-02;bbb+12;-05:21:37.0;8.0e-01;bbb+12;*;0;*;*;0;*;23.905   ;5.730    ;
1975;J1814-0618;lfl+06;18:14:41.26;7.0e-02;lfl+06;-06:18:01.7;3.3e+00;lfl+06;*;0;*;*;0;*;23.101   ;5.233    ;
1976;J1814+1130;naf03;18:14:42.742;2.0e-03;naf03;+11:30:43.95;5.0e-02;naf03;*;0;*;*;0;*;39.205   ;13.306   ;
1977;J1814-1649;mhl+02;18:14:37.35;4.0e-02;mhl+02;-16:49:28;5.0e+00;mhl+02;*;0;*;*;0;*;13.820   ;0.245    ;
1978;J1814-1744;ckl+00;18:14:43.10;5.0e-02;js06;-17:44:48;8.0e+00;js06;*;0;*;*;0;*;13.021   ;-0.215   ;
1979;J1814+22;scb+19;18:14:36;1.2e+01;scb+19;+22:23;3.0e+00;scb+19;*;0;*;*;0;*;49.493   ;17.779   ;
1980;J1814+31;aab+22;18:14:31;0;aab+22;+31:30:01;0;aab+22;*;0;*;*;0;*;58.500   ;21.099   ;
1981;J1815-1738;hfs+04;18:15:14.67;1.9e-01;psj+19;-17:38:06.83;4.4e-01;psj+19;*;0;*;*;0;*;13.179   ;-0.272   ;
1982;J1815-1910;mhl+02;18:15:03.08;4.0e-02;mhl+02;-19:10:00.4;7.5e+00;mhl+02;*;0;*;*;0;*;11.810   ;-0.963   ;
1983;J1815+5546;slr+14;18:15:05.74;5.7e-02;lsk+18;+55:46:23.3;7.2e-01;lsk+18;*;0;*;*;0;*;84.316   ;27.133   ;
1984;J1816-0755;lfl+06;18:16:24.543;6.0e-03;lfl+06;-07:55:22.5;4.0e-01;lfl+06;*;0;*;*;0;*;21.867   ;4.092    ;
1985;J1816-1446;hfs+04;18:16:29.19;3.0e-02;hfs+04;-14:46:30;3.0e+00;hfs+04;*;0;*;*;0;*;15.836   ;0.828    ;
1986;J1816-1729;clj+92;18:16:18.662;4.9e-03;hlk+04;-17:29:02.7;6.8e-01;hlk+04;*;0;*;*;0;*;13.433   ;-0.424   ;
1987;J1816-2650;lvw69a;18:16:35.399;6.0e-03;lbs+20;-26:49:53;1.0e+00;lbs+20;*;0;*;*;0;*;5.219    ;-4.906   ;
1988;J1816+4510;slr+14;18:16:35.93436;7.0e-05;slr+14;+45:10:33.8618;8.0e-04;slr+14;5.3;8.0e-01;slr+14;-3;1.0e+00;slr+14;72.830   ;24.735   ;
1989;J1816-5643;jbo+09;18:16:36.464;7.0e-03;jbo+09;-56:43:42.10;6.0e-02;jbo+09;*;0;*;*;0;*;337.673  ;-17.898  ;
1990;J1817-0743;lfl+06;18:17:49.79;5.0e-02;lfl+06;-07:43:18.9;1.4e+00;lfl+06;*;0;*;*;0;*;22.211   ;3.876    ;
1991;J1817-1511;hfs+04;18:17:36.20;6.0e-02;hfs+04;-15:11:39;6.0e+00;hfs+04;*;0;*;*;0;*;15.595   ;0.391    ;
1992;J1817-1742;cla17;18:17:09.034;5.0e-03;cla17;-17:42:01.1;6.0e-01;cla17;*;0;*;*;0;*;13.337   ;-0.703   ;
1993;J1817-1938;bbb+12;18:17:06.82;8.0e-02;kek+13;-19:38:36;1.2e+01;kek+13;*;0;*;*;0;*;11.623   ;-1.617   ;
1994;J1817-2311;moh83;18:17;4.0e+00;moh83;-23:11;1.5e+01;moh83;*;0;*;*;0;*;8.489    ;-3.270   ;
1995;J1817-3618;mlt+78;18:17:05.857;9.0e-03;jbv+19;-36:18:04.6;3.0e-01;jbv+19;19;5.0e+00;jbv+19;-16;1.7e+01;jbv+19;356.801  ;-9.374   ;
1996;J1817-3837;lml+98;18:17:00.270;4.0e-03;dsb+98;-38:37:59.7;2.0e-01;dsb+98;*;0;*;*;0;*;354.678  ;-10.406  ;
1997;J1818-0151;bbb+12;18:18:25.77;3.0e-02;bsb+19;-01:51:54.0;1.1e+00;bsb+19;*;0;*;*;0;*;27.482   ;6.479    ;
1998;J1818-1116;hfs+04;18:18:26.45;6.0e-02;hfs+04;-11:16:29;7.0e+00;hfs+04;*;0;*;*;0;*;19.144   ;2.068    ;
1999;J1818-1422;cl86;18:18:23.7660;1.7e-03;ywml10;-14:22:36.71;1.6e-01;ywml10;*;0;*;*;0;*;16.405   ;0.610    ;
2000;J1818-1448;eklk13;18:18:27.91;6.0e-02;eklk13;-14:48:38;7.0e+00;eklk13;*;0;*;*;0;*;16.031   ;0.390    ;
2001;J1818-1519;mhl+02;18:18:14.6;3.0e-01;mhl+02;-15:19:43;3.6e+01;mhl+02;*;0;*;*;0;*;15.550   ;0.192    ;
2002;J1818-1541;mhl+02;18:18:37.52;3.0e-02;mhl+02;-15:41:45;5.0e+00;mhl+02;*;0;*;*;0;*;15.270   ;-0.063   ;
2003;J1818-1556;kel+09;18:18:51.95;2.0e-02;kel+09;-15:56:04;2.0e+00;kel+09;*;0;*;*;0;*;15.087   ;-0.227   ;
2004;J1818-1607;esy+20;18:18:00.19340;7.0e-05;ddls20;-16:07:53.0049;1.0e-03;ddls20;*;0;*;*;0;*;14.815   ;-0.138   ;
2005;J1819-0925;hfs+04;18:19:50.542;1.9e-02;hfs+04;-09:25:49.9;1.3e+00;hfs+04;*;0;*;*;0;*;20.935   ;2.633    ;
2006;J1819-1008;hfs+04;18:19:39.986;1.7e-02;hfs+04;-10:08:28;4.0e+00;hfs+04;*;0;*;*;0;*;20.287   ;2.337    ;
2007;J1819-1114;eklk13;18:19:28.78;1.0e-02;eklk13;-11:14:43;1.0e+00;eklk13;*;0;*;*;0;*;19.291   ;1.857    ;
2008;J1819-1131;hfs+04;18:19:58.15;1.0e-01;hfs+04;-11:31:29;9.0e+00;hfs+04;*;0;*;*;0;*;19.101   ;1.619    ;
2009;J1819+1305;ebvb01;18:19:56.226;3.0e-03;naf03;+13:05:15.25;1.1e-01;naf03;*;0;*;*;0;*;41.227   ;12.828   ;
2010;J1819-1318;lfl+06;18:19:43.66;5.0e-02;lfl+06;-13:18:42;5.0e+00;lfl+06;*;0;*;*;0;*;17.497   ;0.829    ;
2011;J1819-1408;mhl+02;18:19:56.8;5.0e-01;mhl+02;-14:08:01.6;5.0e+01;mhl+02;*;0;*;*;0;*;16.797   ;0.394    ;
2012;J1819-1458;mll+06;18:19:34.16;1.0e-02;bls+18;-14:58:00.00;1.0e-02;bls+18;*;0;*;*;0;*;16.020   ;0.081    ;
2013;J1819-1510;mhl+02;18:19:53.691;8.0e-03;mhl+02;-15:10:20.6;1.2e+00;mhl+02;*;0;*;*;0;*;15.876   ;-0.086   ;
2014;J1819-17;ncb+15;18:19:30;3.0e+01;ncb+15;-17:05;7.0e+00;ncb+15;*;0;*;*;0;*;14.146   ;-0.904   ;
2015;J1819-1717;ekl09;18:19:43.40;5.0e-02;eklk13;-17:17:16;5.0e+00;eklk13;*;0;*;*;0;*;13.991   ;-1.048   ;
2016;J1819-37;mss+20;18:19;0;mss+20;-37;0;mss+20;*;0;*;*;0;*;356.342  ;-10.029  ;
2017;J1820-0427;vlw69;18:20:52.5934;1.0e-04;dgb+19;-04:27:37.712;2.0e-03;dgb+19;-7.31;7.0e-02;dgb+19;15.89;8.0e-02;dgb+19;25.457   ;4.733    ;
2018;J1820-0509;lfl+06;18:20:22.728;7.0e-03;lfl+06;-05:09:38.5;4.0e-01;lfl+06;*;0;*;*;0;*;24.777   ;4.516    ;
2019;J1820-1346;cl86;18:20:19.759;1.2e-02;hlk+04;-13:46:15.3;1.1e+00;hlk+04;*;0;*;*;0;*;17.161   ;0.483    ;
2020;J1820-1529;hfs+04;18:20:41.31;2.7e-01;psj+19;-15:29:42.26;1.8e-01;psj+19;*;0;*;*;0;*;15.681   ;-0.406   ;
2021;J1820-1818;jlm+92;18:20:39.087;4.6e-03;hlk+04;-18:18:03.3;6.8e-01;hlk+04;*;0;*;*;0;*;13.202   ;-1.720   ;
2022;J1821+0155;rsm+13;18:21:38.88368;5.0e-05;rsm+13;+01:55:21.993;2.0e-03;rsm+13;*;0;*;*;0;*;31.244   ;7.504    ;
2023;J1821-0256;lfl+06;18:21:10.310;2.0e-02;lfl+06;-02:56:38.6;1.0e+00;lfl+06;*;0;*;*;0;*;26.839   ;5.372    ;
2024;J1821-0331;kek+13;18:21:44.70;3.0e-02;kek+13;-03:31:12.7;1.0e-01;kek+13;*;0;*;*;0;*;26.393   ;4.978    ;
2025;J1821-1419;hfs+04;18:21:34.3;4.0e-01;hfs+04;-14:19:26;3.2e+01;hfs+04;*;0;*;*;0;*;16.815   ;-0.043   ;
2026;J1821-1432;kel+09;18:21:39.777;1.5e-02;kel+09;-14:32:53.2;1.9e+00;kel+09;*;0;*;*;0;*;16.628   ;-0.168   ;
2027;J1821+1715;rtj+96;18:21:13.503;4.0e-03;clm+05;+17:15:47.06;7.0e-02;clm+05;*;0;*;*;0;*;45.259   ;14.302   ;
2028;J1821+4147;slr+14;18:21:52.345;4.1e-03;lsk+18;+41:47:02.55;3.6e-02;lsk+18;*;0;*;*;0;*;69.537   ;22.905   ;
2029;J1822+02;mss+20;18:22;0;mss+20;+02;0;mss+20;*;0;*;*;0;*;31.353   ;7.461    ;
2030;J1822+0705;fcwa95;18:22:18.44;2.7e-02;hlk+04;+07:05:19.0;1.1e+00;hlk+04;*;0;*;*;0;*;35.983   ;9.685    ;
2031;J1822-0719;ccb+20;18:22:28.073;1.5e-02;ccb+20;-07:19:55.0;7.0e-01;ccb+20;*;0;*;*;0;*;23.096   ;3.043    ;
2032;J1822-0848;fsk+04;18:22:51.86;8.0e-02;lfl+06;-08:48:59.0;1.1e+00;lfl+06;*;0;*;*;0;*;21.828   ;2.262    ;
2033;J1822-0902;ccb+20;18:22:35.745;8.0e-03;ccb+20;-09:02:59.1;5.0e-01;ccb+20;*;0;*;*;0;*;21.590   ;2.212    ;
2034;J1822-0907;hfs+04;18:22:39.80;5.0e-02;hfs+04;-09:07:36;3.0e+00;hfs+04;*;0;*;*;0;*;21.530   ;2.161    ;
2035;J1822+1120;lxf+05;18:22:14.60;1.0e-02;lxf+05;+11:20:56.2;2.0e-01;lxf+05;*;0;*;*;0;*;39.870   ;11.571   ;
2036;J1822-1252;hfs+04;18:22:41.7;3.0e-01;hfs+04;-12:52:49;2.9e+01;hfs+04;*;0;*;*;0;*;18.218   ;0.394    ;
2037;J1822-1400;cl86;18:22:54.042;7.5e-03;hlk+04;-14:00:02.4;5.4e-01;hlk+04;*;0;*;*;0;*;17.252   ;-0.176   ;
2038;J1822-1604;rei+11;18:22:18.00;1.2e-01;pbk11;-16:04:26.8;1.8e+00;pbk11;*;0;*;*;0;*;15.353   ;-1.021   ;
2039;J1822-1617;hfs+04;18:22:36.6;3.0e-01;hfs+04;-16:17:35;2.5e+01;hfs+04;*;0;*;*;0;*;15.194   ;-1.189   ;
2040;J1822-2256;dls72;18:22:58.95;8.4e-02;hlk+04;-22:56:31;2.9e+01;hlk+04;*;0;*;*;0;*;9.349    ;-4.373   ;
2041;J1822+2617;ccl+21;18:22:44.819;2.0e-03;ccl+21;+26:17:26.83;4.0e-02;ccl+21;*;0;*;*;0;*;54.027   ;17.554   ;
2042;J1822-4209;mld+96;18:22:11.356;3.0e-03;dsb+98;-42:09:10.98;7.0e-02;dsb+98;*;0;*;*;0;*;351.883  ;-12.829  ;
2043;J1823-0154;mld+96;18:23:52.146;9.0e-03;hlk+04;-01:54:04.6;3.6e-01;hlk+04;*;0;*;*;0;*;28.081   ;5.256    ;
2044;J1823+0550;mlt+78;18:23:30.9731;1.1e-03;hlk+04;+05:50:24.31;4.0e-02;hlk+04;5;1.1e+01;hla93;-2;4.0e+00;hla93;34.987   ;8.859    ;
2045;J1823-1115;cl86;18:23:40.30;3.9e-02;hlk+04;-11:15:11;2.5e+00;hlk+04;*;0;*;*;0;*;19.767   ;0.946    ;
2046;J1823-1126;hfs+04;18:23:19.86;1.0e-01;hfs+04;-11:26:04;5.0e+00;hfs+04;*;0;*;*;0;*;19.568   ;0.935    ;
2047;J1823-1347;mhl+02;18:23:24.25;8.0e-02;mhl+02;-13:47:54;9.0e+00;mhl+02;*;0;*;*;0;*;17.488   ;-0.189   ;
2048;J1823-1526;hfs+04;18:23:21.42;6.0e-02;hfs+04;-15:26:22;7.0e+00;hfs+04;*;0;*;*;0;*;16.033   ;-0.948   ;
2049;J1823-1807;mhl+02;18:23:09.68;7.0e-02;mhl+02;-18:07:33;8.0e+00;mhl+02;*;0;*;*;0;*;13.636   ;-2.164   ;
2050;J1823-3021A;bbl+94;18:23:40.48701;3.6e-04;lfrj12;-30:21:40.127;4.4e-02;lfrj12;0.124;2.9e-02;vb21;-6.936;2.9e-02;vb21;2.788    ;-7.913   ;
2051;J1823-3021B;bbl+94;18:23:41.5455;2.3e-03;lfrj12;-30:21:40.94;4.7e-01;lfrj12;0.124;2.9e-02;vb21;-6.936;2.9e-02;vb21;2.790    ;-7.917   ;
2052;J1823-3021C;cha03;18:23:41.1516;3.6e-03;lfrj12;-30:21:38.45;8.0e-01;lfrj12;0.124;2.9e-02;vb21;-6.936;2.9e-02;vb21;2.790    ;-7.915   ;
2053;J1823-3021D;lfrj12;18:23:40.5312;7.1e-03;lfrj12;-30:21:43.66;3.5e-01;lfrj12;0.124;2.9e-02;vb21;-6.936;2.9e-02;vb21;2.787    ;-7.914   ;
2054;J1823-3021E;fre08;18:23:38.93;0;rgf+21;-30:22:22.3;0;rgf+21;0.124;2.9e-02;vb21;-6.936;2.9e-02;vb21;2.775    ;-7.914   ;
2055;J1823-3021F;fre08;18:23:40.67;0;rgf+21;-30:21:39.9;0;rgf+21;0.124;2.9e-02;vb21;-6.936;2.9e-02;vb21;2.789    ;-7.914   ;
2056;J1823-3021G;rgf+21;18:23:40.7213;8.0e-04;rgf+21;-30:21:35.63;5.0e-02;rgf+21;0.124;2.9e-02;vb21;-6.936;2.9e-02;vb21;2.790    ;-7.914   ;
2057;J1823-3021H;rgf+21;18:23:40.48;0;rgf+21;-30:21:39.90;0;rgf+21;0.124;2.9e-02;vb21;-6.936;2.9e-02;vb21;2.788    ;-7.913   ;
2058;J1823-3106;mlt+78;18:23:46.7883;1.2e-03;hlk+04;-31:06:49.75;1.1e-01;hlk+04;18;4.0e+00;jbv+19;27;1.8e+01;jbv+19;2.120    ;-8.273   ;
2059;J1823-3543;aab+22;18:23:35;0;aab+22;-35:44:42;0;aab+22;*;0;*;*;0;*;357.900  ;-10.300  ;
2060;J1824-0127;lfl+06;18:24:53.43;1.0e-02;lbs+20;-01:27:51.4;4.0e-01;lbs+20;*;0;*;*;0;*;28.588   ;5.231    ;
2061;J1824-0132;bsb+19;18:24:55.575;9.0e-03;bsb+19;-01:32:24.0;4.0e-01;bsb+19;*;0;*;*;0;*;28.525   ;5.188    ;
2062;J1824-0621;mzl+23;18:24:15.81954;2.0e-05;mzl+23;-06:21:56.7918;1.3e-03;mzl+23;*;0;*;*;0;*;24.160   ;3.100    ;
2063;J1824+1014;cck+16;18:24:14.932;2.0e-03;drc+21;+10:14:43.82;3.0e-02;drc+21;*;0;*;*;0;*;39.076   ;10.647   ;
2064;J1824-1118;cl86;18:24:29.538;7.3e-03;hlk+04;-11:18:42.6;5.0e-01;hlk+04;*;0;*;*;0;*;19.809   ;0.741    ;
2065;J1824-1159;mhl+02;18:24:56.151;1.2e-02;mhl+02;-11:59:53.4;1.3e+00;mhl+02;*;0;*;*;0;*;19.253   ;0.324    ;
2066;J1824-1350;ncb+15;18:24:50.181;1.7e-02;ncb+15;-13:50:21.0;1.6e+00;ncb+15;*;0;*;*;0;*;17.614   ;-0.515   ;
2067;J1824-1423;mhl+02;18:24:57.387;7.0e-03;mhl+02;-14:23:05.3;1.1e+00;mhl+02;*;0;*;*;0;*;17.146   ;-0.796   ;
2068;J1824-1500;hfs+04;18:24:14.10;7.0e-02;hfs+04;-15:00:33;8.0e+00;hfs+04;*;0;*;*;0;*;16.512   ;-0.934   ;
2069;J1824-1945;mlt+78;18:24:00.56;1.8e-01;psj+19;-19:46:03.36;3.2e-01;psj+19;12.2;1.0e+00;jbv+19;10;1.4e+01;jbv+19;12.276   ;-3.108   ;
2070;J1824-2233;lfl+06;18:24:10.32;5.0e-02;lfl+06;-22:33:11;1.6e+01;lfl+06;*;0;*;*;0;*;9.822    ;-4.435   ;
2071;J1824-2328;lfl+06;18:24:28.64;1.9e-01;lfl+06;-23:28:17;6.1e+01;lfl+06;*;0;*;*;0;*;9.037    ;-4.922   ;
2072;J1824-2452A;lbm+87;18:24:32.007904;9.2e-06;rsc+21;-24:52:10.878;2.5e-03;rsc+21;-0.278;2.8e-02;vb21;-8.922;2.8e-02;vb21;7.797    ;-5.578   ;
2073;J1824-2452B;fre08;18:24:32.81;0;ng06;-24:52:11.20;0;ng06;-0.278;2.8e-02;vb21;-8.922;2.8e-02;vb21;7.798    ;-5.580   ;
2074;J1824-2452C;fre08;18:24:32.81;0;ng06;-24:52:11.20;0;ng06;-0.278;2.8e-02;vb21;-8.922;2.8e-02;vb21;7.798    ;-5.580   ;
2075;J1824-2452D;fre08;18:24:32.81;0;ng06;-24:52:11.20;0;ng06;-0.278;2.8e-02;vb21;-8.922;2.8e-02;vb21;7.798    ;-5.580   ;
2076;J1824-2452E;fre08;18:24:32.81;0;ng06;-24:52:11.20;0;ng06;-0.278;2.8e-02;vb21;-8.922;2.8e-02;vb21;7.798    ;-5.580   ;
2077;J1824-2452F;fre08;18:24:32.81;0;ng06;-24:52:11.20;0;ng06;-0.278;2.8e-02;vb21;-8.922;2.8e-02;vb21;7.798    ;-5.580   ;
2078;J1824-2452G;fre08;18:24:32.81;0;ng06;-24:52:11.20;0;ng06;-0.278;2.8e-02;vb21;-8.922;2.8e-02;vb21;7.798    ;-5.580   ;
2079;J1824-2452H;fre08;18:24:32.81;0;ng06;-24:52:11.20;0;ng06;-0.278;2.8e-02;vb21;-8.922;2.8e-02;vb21;7.798    ;-5.580   ;
2080;J1824-2452I;fre08;18:24:32.53;4.0e-02;pfb+13;-24:52:08.6;6.0e-01;pfb+13;-0.278;2.8e-02;vb21;-8.922;2.8e-02;vb21;7.798    ;-5.579   ;
2081;J1824-2452J;fre08;18:24:32.81;0;ng06;-24:52:11.20;0;ng06;-0.278;2.8e-02;vb21;-8.922;2.8e-02;vb21;7.798    ;-5.580   ;
2082;J1824-2452K;fre08;18:24:32.81;0;ng06;-24:52:11.20;0;ng06;-0.278;2.8e-02;vb21;-8.922;2.8e-02;vb21;7.798    ;-5.580   ;
2083;J1824-2452L;fre08;18:24:32.81;0;ng06;-24:52:11.20;0;ng06;-0.278;2.8e-02;vb21;-8.922;2.8e-02;vb21;7.798    ;-5.580   ;
2084;J1824-2452M;dpr+22;18:24:33.1835;5.0e-04;dpr+22;-34:52:08.2;2.3e+00;dpr+22;-0.278;2.8e-02;vb21;-8.922;2.8e-02;vb21;358.788  ;-10.092  ;
2085;J1824-2452N;dpr+22;18:24:33.1418;2.0e-04;dpr+22;-25:52:11.89;3.0e-02;dpr+22;-0.278;2.8e-02;vb21;-8.922;2.8e-02;vb21;6.905    ;-6.041   ;
2086;J1824-2537;ebvb01;18:24:30.587;1.0e-02;jbo+09;-25:37:19;2.0e+00;jbo+09;*;0;*;*;0;*;7.123    ;-5.918   ;
2087;J1825+0004;dtws85;18:25:15.324;2.4e-03;hlk+04;+00:04:19.70;1.1e-01;hlk+04;*;0;*;*;0;*;30.001   ;5.856    ;
2088;J1825-0319;bbb+13;18:25:55.9531;5.0e-04;bbb+13;-03:19:57.570;1.5e-02;bbb+13;*;0;*;*;0;*;27.045   ;4.138    ;
2089;J1825-0935;dls72;18:25:30.594;2.0e-03;jbv+19;-09:35:21.2;2.0e-01;jbv+19;-13;1.1e+01;fgml97;-9;5.0e+00;fgml97;21.449   ;1.324    ;
2090;J1825-1108;ncb+15;18:25:18.3;2.0e-01;ncb+15;-11:08:54;1.2e+01;ncb+15;*;0;*;*;0;*;20.047   ;0.641    ;
2091;J1825-1446;cl86;18:25:02.96;1.7e-01;psj+19;-14:46:53.77;7.0e-01;psj+19;11.07;1.0e-01;ddb+17;-27.61;1.0e-01;ddb+17;16.805   ;-1.001   ;
2092;J1825-31;bbb+12;18:25:58;0;bbb+12;-31:02:20;0;bbb+12;*;0;*;*;0;*;2.400    ;-8.658   ;
2093;J1825-33;bb10;18:26:02;5.0e+01;bb10;-33:21;1.5e+01;bb10;*;0;*;*;0;*;0.309    ;-9.697   ;
2094;J1826-1131;cl86;18:26:05.472;1.2e-02;hlk+04;-11:31:43.6;1.1e+00;hlk+04;*;0;*;*;0;*;19.800   ;0.293    ;
2095;J1826-1256;aaa+09c;18:26:08.53;1.0e-02;rkp+11;-12:56:33.0;5.0e-01;rkp+11;*;0;*;*;0;*;18.556   ;-0.377   ;
2096;J1826-1334;cl86;18:26:13.175;3.0e-03;ywml10;-13:34:46.8;1.0e-01;ywml10;23.0;2.5e+00;pkb08;-3.9;3.1e+00;pkb08;18.001   ;-0.691   ;
2097;J1826-1419;mll+06;18:26:42.391;4.0e-03;mlk+09;-14:19:21.6;3.0e-01;mlk+09;*;0;*;*;0;*;17.398   ;-1.142   ;
2098;J1826-1526;mhl+02;18:26:12.60;3.0e-02;mhl+02;-15:26:03;5.0e+00;mhl+02;*;0;*;*;0;*;16.358   ;-1.553   ;
2099;J1826-2415;bsb+19;18:26:36.0260;9.0e-04;bsb+19;-24:15:54.5;3.0e-01;bsb+19;*;0;*;*;0;*;8.553    ;-5.718   ;
2100;J1827-0750;lfl+06;18:27:02.735;6.0e-03;lfl+06;-07:50:19.2;6.0e-01;lfl+06;*;0;*;*;0;*;23.176   ;1.803    ;
2101;J1827-0849;frm+18;18:27:36.4;0;aab+22;-08:49:42;0;aab+22;*;0;*;*;0;*;22.364   ;1.221    ;
2102;J1827-0934;mhl+02;18:27:45.884;1.6e-02;mhl+02;-09:34:16.4;1.3e+00;mhl+02;*;0;*;*;0;*;21.724   ;0.841    ;
2103;J1827-0958;cl86;18:27:05.479;1.2e-02;hlk+04;-09:58:43.1;7.2e-01;hlk+04;*;0;*;*;0;*;21.286   ;0.798    ;
2104;J1827-1446;cwp+17;18:27:24.60;5.0e-02;cwp+17;-14:46:28;4.0e+00;cwp+17;*;0;*;*;0;*;17.077   ;-1.503   ;
2105;J1828-0611;hfs+04;18:28:20.715;6.0e-03;hfs+04;-06:11:51.5;4.0e-01;hfs+04;*;0;*;*;0;*;24.780   ;2.279    ;
2106;J1828+0625;rb13;18:28:28.9547;2.0e-04;brf+22;+06:25:09.782;5.0e-03;brf+22;-15.3;1.1e+00;brf+22;-5.8;1.5e+00;brf+22;36.069   ;8.014    ;
2107;J1828-1007;hfs+04;18:28:30.356;1.5e-02;hfs+04;-10:07:10.1;1.0e+00;hfs+04;*;0;*;*;0;*;21.324   ;0.424    ;
2108;J1828-1057;hfs+04;18:28:33.24;1.0e-01;psj+19;-10:57:26.9;7.0e-01;psj+19;*;0;*;*;0;*;20.587   ;0.024    ;
2109;J1828-1101;mhl+02;18:28:18.8;1.3e+00;psj+19;-11:01:50.83;4.8e-01;psj+19;*;0;*;*;0;*;20.495   ;0.043    ;
2110;J1828+1221;sfj+20;18:28:22.161;9.0e-03;sfj+20;+12:21:20.9;2.0e-01;sfj+20;*;0;*;*;0;*;41.457   ;10.657   ;
2111;J1828-1336;mhl+02;18:28:42.85;4.0e-02;mhl+02;-13:36:45;5.0e+00;mhl+02;*;0;*;*;0;*;18.254   ;-1.243   ;
2112;J1828+1359;naf03;18:28:53.338;2.0e-03;naf03;+13:59:35.36;1.3e-01;naf03;*;0;*;*;0;*;43.017   ;11.250   ;
2113;J1828-2119;lfl+06;18:28:21.56;5.0e-02;lfl+06;-21:19:56;1.1e+01;lfl+06;*;0;*;*;0;*;11.358   ;-4.734   ;
2114;J1829+0000;lfl+06;18:29:47.14;3.0e-02;lfl+06;+00:00:08.5;1.1e+00;lfl+06;*;0;*;*;0;*;30.460   ;4.817    ;
2115;J1829-0734;kbm+03;18:29:05.37;4.0e-02;kbm+03;-07:34:22;3.0e+00;kbm+03;*;0;*;*;0;*;23.647   ;1.478    ;
2116;J1829-1011;ncb+15;18:29:06.06;4.0e-02;ncb+15;-10:11:25;4.0e+00;ncb+15;*;0;*;*;0;*;21.329   ;0.262    ;
2117;J1829-1751;dls72;18:29:43.137;2.0e-03;hlk+04;-17:51:03.9;2.9e-01;hlk+04;22;1.3e+01;zhw+05;-150;1.3e+02;zhw+05;14.604   ;-3.418   ;
2118;J1829+2456;clm+04;18:29:34.6668;2.0e-04;clm+05;+24:56:18.193;3.0e-03;clm+05;*;0;*;*;0;*;53.343   ;15.612   ;
2119;J1829+25;mss+20;18:29;0.0e+00;mss+20;+25;0.0e+00;mss+20;*;0;*;*;0;*;53.348   ;15.757   ;
2120;J1830-0052;lfl+06;18:30:30.70;5.0e-02;lfl+06;-00:52:54.0;1.5e+00;lfl+06;*;0;*;*;0;*;29.755   ;4.251    ;
2121;J1830-0131;lfl+06;18:30:19.612;1.2e-02;lfl+06;-01:31:48.1;6.0e-01;lfl+06;*;0;*;*;0;*;29.156   ;3.994    ;
2122;J1830-10;ncb+15;18:30:06;3.0e+01;ncb+15;-10:39;7.0e+00;ncb+15;*;0;*;*;0;*;21.036   ;-0.169   ;
2123;J1830-1059;cjlm87;18:30:47.51;1.0e-01;psj+19;-10:59:26.52;8.1e-01;psj+19;*;0;*;*;0;*;20.812   ;-0.478   ;
2124;J1830-1135;mhl+02;18:30:01.72;6.0e-02;mhl+02;-11:35:32;6.0e+00;mhl+02;*;0;*;*;0;*;20.193   ;-0.590   ;
2125;J1830-1313;kel+09;18:30:41.98;2.0e-02;kel+09;-13:13:16.2;4.5e+00;kel+09;*;0;*;*;0;*;18.824   ;-1.490   ;
2126;J1830-1414;lfl+06;18:30:00.35;4.0e-02;lfl+06;-14:14:37;4.0e+00;lfl+06;*;0;*;*;0;*;17.839   ;-1.813   ;
2127;J1831-04;ccb+20;18:31:00;3.0e+01;ccb+20;-04:29;7.0e+00;ccb+20;*;0;*;*;0;*;26.607   ;2.486    ;
2128;J1831-0823;hfs+04;18:31:36.334;8.0e-03;hfs+04;-08:23:23.9;5.0e-01;hfs+04;*;0;*;*;0;*;23.211   ;0.548    ;
2129;J1831-0952;lfl+06;18:31:34.304;1.6e-02;lfl+06;-09:52:01.7;1.1e+00;lfl+06;*;0;*;*;0;*;21.897   ;-0.128   ;
2130;J1831-1223;mhl+02;18:31:12.83;1.0e-01;mhl+02;-12:23:31;1.1e+01;mhl+02;*;0;*;*;0;*;19.618   ;-1.217   ;
2131;J1831-1329;mhl+02;18:31:55.96;6.0e-02;mhl+02;-13:29:56;8.0e+00;mhl+02;*;0;*;*;0;*;18.716   ;-1.884   ;
2132;J1831-1423;hfs+04;18:31:29.10;3.0e-02;hfs+04;-14:23:46;4.0e+00;hfs+04;*;0;*;*;0;*;17.870   ;-2.201   ;
2133;J1832+0029;lfl+06;18:32:50.7;3.0e-01;lfl+06;+00:29:27;1.8e+01;lfl+06;*;0;*;*;0;*;31.247   ;4.360    ;
2134;J1832-0644;mhl+02;18:32:42.67;5.0e-02;mhl+02;-06:44:01.8;2.8e+00;mhl+02;*;0;*;*;0;*;24.806   ;1.070    ;
2135;J1832-0827;cl86;18:32:37.013;2.0e-03;psj+19;-08:27:03.7;1.2e+00;psj+19;-4;4.0e+00;hlk+04;20;1.5e+01;hlk+04;23.272   ;0.298    ;
2136;J1832-0836;bbb+13;18:32:27.592488;2.4e-06;aab+21a;-08:36:55.03357;1.4e-04;aab+21a;-7.99;3.1e-02;*;-21.46;1.2e-01;*;23.109   ;0.257    ;
2137;J1832-1021;cl86;18:32:40.866;2.0e-03;hlk+04;-10:21:32.78;1.4e-01;hlk+04;*;0;*;*;0;*;21.587   ;-0.597   ;
2138;J1832+27;ttk+17;18:32:10;0;ttk+17;+27:58;0;ttk+17;*;0;*;*;0;*;56.479   ;16.252   ;
2139;J1832-28;ebvb01;18:32:30;2.0e+01;ebvb01;-28:43;5.0e+00;ebvb01;*;0;*;*;0;*;5.142    ;-8.897   ;
2140;J1833-0209;ncb+15;18:33:05.411;8.0e-03;ncb+15;-02:09:16.4;3.0e-01;ncb+15;*;0;*;*;0;*;28.918   ;3.094    ;
2141;J1833-0338;dls72;18:33:41.8945;1.0e-04;dgb+19;-03:39:04.258;1.0e-03;dgb+19;-17.34;9.0e-02;dgb+19;15.0;3.0e-01;dgb+19;27.657   ;2.272    ;
2142;J1833-0556;hfs+04;18:33:38.88;1.6e-01;hfs+04;-05:56:05;9.0e+00;hfs+04;*;0;*;*;0;*;25.623   ;1.232    ;
2143;J1833-0559;mhl+02;18:33:07.60;5.0e-02;mhl+02;-05:59:25;5.0e+00;mhl+02;*;0;*;*;0;*;25.514   ;1.321    ;
2144;J1833-0827;cl86;18:33:40.268;3.0e-03;psj+19;-08:27:31.6;1.8e+00;psj+19;-33;5.2e+00;*;1.8;1.0e+01;*;23.386   ;0.063    ;
2145;J1833-0831;gcl+10;18:33:44.37;3.0e-02;gcl+10;-08:31:07.7;4.0e-01;gcl+10;*;0;*;*;0;*;23.340   ;0.020    ;
2146;J1833-1034;gmga05;18:33:33.57;2.0e-02;crg+06;-10:34:07.5;3.0e-01;crg+06;*;0;*;*;0;*;21.501   ;-0.885   ;
2147;J1833-1055;mhl+02;18:33:58.40;3.0e-02;mhl+02;-10:55:31;3.0e+00;mhl+02;*;0;*;*;0;*;21.231   ;-1.140   ;
2148;J1833-3840;ckr+15;18:33:04.6;0;aab+22;-38:40:46;0;aab+22;*;0;*;*;0;*;356.011  ;-13.260  ;
2149;J1833-6023;mlt+78;18:33:14.8;4.0e-01;nmc81;-60:23:04;4.0e+00;nmc81;*;0;*;*;0;*;334.827  ;-21.195  ;
2150;J1834-0010;dtws85;18:34:17.25;4.0e-02;hlk+04;-00:10:53.3;1.8e+00;hlk+04;*;0;*;*;0;*;30.812   ;3.732    ;
2151;J1834-0031;lfl+06;18:34:51.093;1.4e-02;lfl+06;-00:31:34.3;6.0e-01;lfl+06;*;0;*;*;0;*;30.570   ;3.449    ;
2152;J1834-0426;dls73;18:34:25.602;2.4e-03;hlk+04;-04:26:15.84;1.4e-01;hlk+04;*;0;*;*;0;*;27.042   ;1.749    ;
2153;J1834-0602;mhl+02;18:34:37.97;3.0e-02;mhl+02;-06:02:35;3.0e+00;mhl+02;*;0;*;*;0;*;25.640   ;0.965    ;
2154;J1834-0633;hfs+04;18:34:29.25;1.5e-01;hfs+04;-06:33:01.1;6.3e+00;hfs+04;*;0;*;*;0;*;25.173   ;0.763    ;
2155;J1834-0731;hfs+04;18:34:15.97;2.0e-02;psj+19;-07:31:05.93;7.0e-02;psj+19;*;0;*;*;0;*;24.288   ;0.366    ;
2156;J1834-0742;hfs+04;18:34:31.32;3.0e-02;hfs+04;-07:42:20.6;1.4e+00;hfs+04;*;0;*;*;0;*;24.151   ;0.223    ;
2157;J1834-0812;bjl+11;18:34:29.8;9.0e-01;bjl+11;-08:12:00;1.0e+02;bjl+11;*;0;*;*;0;*;23.709   ;0.001    ;
2158;J1834-0845;kkp+12;18:34:52.118;4.0e-02;kkp+12;-08:45:56.02;6.0e-01;kkp+12;*;0;*;*;0;*;23.250   ;-0.341   ;
2159;J1834-09;ncb+15;18:34:36;3.0e+01;ncb+15;-09:15;7.0e+00;ncb+15;*;0;*;*;0;*;22.789   ;-0.505   ;
2160;J1834+10;cnst96;18:34:27;1.6e+01;cnst96;+10:44;5.0e+00;cnst96;*;0;*;*;0;*;40.638   ;8.608    ;
2161;J1834-1202;hfs+04;18:34:23.12;3.0e-02;hfs+04;-12:02:26.4;1.3e+00;hfs+04;*;0;*;*;0;*;20.287   ;-1.743   ;
2162;J1834-1710;kbm+03;18:34:53.401;6.0e-03;kbm+03;-17:10:50;2.0e+00;kbm+03;*;0;*;*;0;*;15.768   ;-4.206   ;
2163;J1834-1855;lfl+06;18:34:45.94;5.0e-02;lfl+06;-18:55:59;6.0e+00;lfl+06;*;0;*;*;0;*;14.189   ;-4.977   ;
2164;J1835-0114;ekl09;18:35:21.9179;9.0e-04;eklk13;-01:14:33.61;2.0e-02;eklk13;*;0;*;*;0;*;29.990   ;3.007    ;
2165;J1835-0349;lfl+06;18:35:12.946;1.2e-02;lfl+06;-03:49:09.9;9.0e-01;lfl+06;*;0;*;*;0;*;27.681   ;1.858    ;
2166;J1835-0522;hfs+04;18:35:08.12;5.0e-02;hfs+04;-05:22:08;3.0e+00;hfs+04;*;0;*;*;0;*;26.296   ;1.164    ;
2167;J1835-0600;ccb+20;18:35:20.25;5.0e-02;ccb+20;-06:00:00;4.0e+00;ccb+20;*;0;*;*;0;*;25.758   ;0.829    ;
2168;J1835-0643;cl86;18:35:05.561;1.2e-02;hlk+04;-06:43:06.4;5.7e-01;hlk+04;*;0;*;*;0;*;25.093   ;0.552    ;
2169;J1835-0847;bsb+19;18:35:45.72;5.0e-02;bsb+19;-08:47:20;3.0e+00;bsb+19;*;0;*;*;0;*;23.331   ;-0.548   ;
2170;J1835-0924;mhl+02;18:35:38.02;1.2e-01;mhl+02;-09:24:27;1.3e+01;mhl+02;*;0;*;*;0;*;22.767   ;-0.804   ;
2171;J1835-09242;ncb+15;18:35:21.822;1.6e-02;ncb+15;-09:24:15.9;1.0e+00;ncb+15;*;0;*;*;0;*;22.739   ;-0.744   ;
2172;J1835-0928;ncb+15;18:35:22.22;3.0e-02;ncb+15;-09:28:02;2.0e+00;ncb+15;*;0;*;*;0;*;22.684   ;-0.774   ;
2173;J1835-0944;lfl+06;18:35:46.653;6.0e-03;psj+19;-09:44:27.2;4.0e-01;psj+19;*;0;*;*;0;*;22.487   ;-0.989   ;
2174;J1835-0946;lfl+06;18:35:44.86;9.0e-02;lfl+06;-09:46:38;3.0e+00;lfl+06;*;0;*;*;0;*;22.451   ;-0.999   ;
2175;J1835-1020;mhl+02;18:35:57.5784;1.0e-03;lwy+16;-10:20:04.50;6.0e-02;lwy+16;25;5.0e+00;lwy+16;4;2.1e+01;lwy+16;21.980   ;-1.302   ;
2176;J1835-1106;mld+96;18:35:18.41;5.0e-02;psj+19;-11:06:16.1;9.0e-01;psj+19;27;4.6e+01;zhw+05;56;1.9e+02;zhw+05;21.222   ;-1.513   ;
2177;J1835-15;mss+20;18:35:54;0.0e+00;mss+20;-15:35:25;0.0e+00;mss+20;*;0;*;*;0;*;17.297   ;-3.697   ;
2178;J1835-1548;lfl+06;18:35:50.33;1.0e-01;lfl+06;-15:48:38;1.0e+01;lfl+06;*;0;*;*;0;*;17.094   ;-3.784   ;
2179;J1835-3259A;drr11;18:35:44;0;drr11;-32:59:25;0;drr11;-5.484;2.7e-02;vb21;-4.274;2.7e-02;vb21;1.532    ;-11.371  ;
2180;J1835-3259B;grf+22;18:35:45.4704;1.0e-04;grf+22;-32:59:25.48;1.0e-02;grf+22;-5.484;2.7e-02;vb21;-4.274;2.7e-02;vb21;1.534    ;-11.376  ;
2181;J1836-0436;cl86;18:36:51.7904;1.7e-03;hlk+04;-04:36:37.68;1.1e-01;hlk+04;-3;4.6e+00;*;12;1.4e+01;*;27.167   ;1.130    ;
2182;J1836-0517;hfs+04;18:36:25.20;1.1e-01;hfs+04;-05:17:35;4.0e+00;hfs+04;*;0;*;*;0;*;26.510   ;0.915    ;
2183;J1836-1008;mlt+78;18:36:53.925;4.0e-03;hlk+04;-10:08:08.3;2.5e-01;hlk+04;18;6.5e+01;zhw+05;12;2.2e+02;zhw+05;22.263   ;-1.415   ;
2184;J1836-11;ncb+15;18:36:06;3.0e+01;ncb+15;-11:17;7.0e+00;ncb+15;*;0;*;*;0;*;21.153   ;-1.768   ;
2185;J1836-1324;lfl+06;18:36:52.287;9.0e-03;lfl+06;-13:24:33.6;5.0e-01;lfl+06;*;0;*;*;0;*;19.348   ;-2.910   ;
2186;J1836-2354A;lrfs11;18:36:25.4452;1.0e-04;lrfs11;-23:54:52.39;3.0e-02;lrfs11;9.851;2.3e-02;vb21;-5.617;2.3e-02;vb21;9.886    ;-7.561   ;
2187;J1836-2354B;lrfs11;18:36:24.351;3.0e-03;lrfs11;-23:54:28.7;7.0e-01;lrfs11;9.851;2.3e-02;vb21;-5.617;2.3e-02;vb21;9.890    ;-7.554   ;
2188;J1836+51;mss+20;18:36;0.0e+00;mss+20;+51;0.0e+00;mss+20;*;0;*;*;0;*;79.890   ;23.083   ;
2189;J1836+5925;aaa+09c;18:36:13.674;2.7e-02;hcg07;+59:25:30.15;2.0e-01;hcg07;*;0;*;*;0;*;88.875   ;24.999   ;
2190;J1837+0033g;hww+21;18:37:41;6.0e+00;hww+21;+00:33;2.0e+00;hww+21;*;0;*;*;0;*;31.853   ;3.311    ;
2191;J1837-0045;mld+96;18:37:32.154;1.6e-02;hlk+04;-00:45:10.6;7.2e-01;hlk+04;*;0;*;*;0;*;30.675   ;2.749    ;
2192;J1837+0053;lfl+06;18:37:28.45;7.0e-02;lfl+06;+00:53:13;3.0e+00;lfl+06;*;0;*;*;0;*;32.129   ;3.511    ;
2193;J1837-0559;mhl+02;18:37:23.652;6.0e-03;psj+19;-05:59:28.6;2.0e-01;psj+19;*;0;*;*;0;*;26.001   ;0.379    ;
2194;J1837-0604;dkm+01;18:37:43.55;1.0e-02;dkm+01;-06:04:49;1.0e+00;dkm+01;*;0;*;*;0;*;25.960   ;0.265    ;
2195;J1837-0653;cl86;18:37:14.65;1.9e-02;hlk+04;-06:53:02.1;1.1e+00;hlk+04;*;0;*;*;0;*;25.191   ;0.002    ;
2196;J1837-0822;bbb+12;18:37:39.654;1.0e-02;bsb+19;-08:22:12.4;7.0e-01;bsb+19;*;0;*;*;0;*;23.918   ;-0.772   ;
2197;J1837+1221;ebvb01;18:37:07.12;4.0e-02;ebvb01;+12:21:54.0;6.0e-01;ebvb01;*;0;*;*;0;*;42.411   ;8.738    ;
2198;J1837-1243;mhl+02;18:37:09.41;3.0e-02;mhl+02;-12:43:56;3.0e+00;mhl+02;*;0;*;*;0;*;19.983   ;-2.662   ;
2199;J1837-1837;ebvb01;18:37:54.25;1.0e-02;ebvb01;-18:37:08;2.0e+00;ebvb01;*;0;*;*;0;*;14.807   ;-5.498   ;
2200;J1838+0022g;hww+21;18:38:24;6.0e+00;hww+21;+00:22;2.0e+00;hww+21;*;0;*;*;0;*;31.771   ;3.068    ;
2201;J1838+0027g;hww+21;18:38:13;6.0e+00;hww+21;+00:27;2.0e+00;hww+21;*;0;*;*;0;*;31.824   ;3.147    ;
2202;J1838+0044g;hww+21;18:38:11;6.0e+00;hww+21;+00:44;2.0e+00;hww+21;*;0;*;*;0;*;32.073   ;3.283    ;
2203;J1838-01;kek+13;18:38:30;3.0e+01;kek+13;-01:01;7.0e+00;kek+13;*;0;*;*;0;*;30.550   ;2.414    ;
2204;J1838-0107;ncb+15;18:38:39.423;2.0e-03;ncb+15;-01:07:48.64;1.0e-01;ncb+15;*;0;*;*;0;*;30.467   ;2.327    ;
2205;J1838-0453;mhl+02;18:38:11.4;1.2e+00;psj+19;-04:53:25.32;5.8e-01;psj+19;*;0;*;*;0;*;27.070   ;0.708    ;
2206;J1838-0537;pga+12a;18:38:56.02;3.0e-02;pga+12a;-05:37:09;2.0e+00;pga+12a;*;0;*;*;0;*;26.508   ;0.209    ;
2207;J1838-0549;hfs+04;18:38:38.065;6.0e-03;psj+19;-05:49:12.1;3.0e-01;psj+19;*;0;*;*;0;*;26.295   ;0.183    ;
2208;J1838-0624;hfs+04;18:38:51.78;1.1e-01;hfs+04;-06:24:54;4.0e+00;hfs+04;*;0;*;*;0;*;25.792   ;-0.140   ;
2209;J1838-0655;gh08;18:38:03.13;2.0e-02;gh08;-06:55:33.4;3.0e-01;gh08;*;0;*;*;0;*;25.246   ;-0.196   ;
2210;J1838-1046;mhl+02;18:38:26.48;4.0e-02;mhl+02;-10:46:57;4.0e+00;mhl+02;*;0;*;*;0;*;21.862   ;-2.049   ;
2211;J1838+1523;sjm+18;18:38:46.78;1.0e-02;sjm+18;+15:23:25.4;1.0e-01;sjm+18;*;0;*;*;0;*;45.347   ;9.694    ;
2212;J1838+1650;lxf+05;18:38:43.062;4.0e-03;lxf+05;+16:50:16.05;6.0e-02;lxf+05;*;0;*;*;0;*;46.667   ;10.331   ;
2213;J1838-1849;kek+13;18:38:33.79;4.0e-02;kek+13;-18:49:59;5.0e+00;kek+13;*;0;*;*;0;*;14.686   ;-5.734   ;
2214;J1838+50;gac+21;18:38;8.0e+00;gac+21;+50:51;1.5e+01;gac+21;*;0;*;*;0;*;79.823   ;22.739   ;
2215;J1839-0141;mll+06;18:39:06.9848;8.5e-03;jcs+17;-01:41:56.0;2.0e-01;jcs+17;*;0;*;*;0;*;30.014   ;1.965    ;
2216;J1839-0223;ncb+15;18:39:58.032;3.0e-03;ncb+15;-02:23:09.5;1.6e+00;ncb+15;*;0;*;*;0;*;29.500   ;1.461    ;
2217;J1839-0321;mhl+02;18:39:37.520;8.0e-03;psj+19;-03:21:10.8;3.0e-01;psj+19;*;0;*;*;0;*;28.601   ;1.095    ;
2218;J1839-0332;ncb+15;18:39:56.583;1.2e-02;ncb+15;-03:32:58.6;6.0e-01;ncb+15;*;0;*;*;0;*;28.462   ;0.934    ;
2219;J1839-0402;mhl+02;18:39:51.06;3.0e-02;mhl+02;-04:02:24.9;1.2e+00;mhl+02;*;0;*;*;0;*;28.016   ;0.730    ;
2220;J1839-0436;lfl+06;18:39:00.064;9.0e-03;lfl+06;-04:36:57.5;7.0e-01;lfl+06;*;0;*;*;0;*;27.407   ;0.654    ;
2221;J1839-0459;mhl+02;18:39:42.619;2.0e-02;mhl+02;-04:59:58.8;1.6e+00;mhl+02;*;0;*;*;0;*;27.147   ;0.321    ;
2222;J1839-0627;mhl+02;18:39:20.46;3.0e-02;mhl+02;-06:27:34;5.0e+00;mhl+02;*;0;*;*;0;*;25.807   ;-0.266   ;
2223;J1839-0643;mhl+02;18:39:09.803;1.4e-02;mhl+02;-06:43:45.2;1.5e+00;mhl+02;*;0;*;*;0;*;25.547   ;-0.350   ;
2224;J1839-0905;hfs+04;18:39:53.46;3.0e-02;psj+19;-9:05:14.1;8.0e-01;psj+19;*;0;*;*;0;*;23.533   ;-1.591   ;
2225;J1839-1238;lfl+06;18:39:43.708;1.9e-02;lfl+06;-12:38:40.7;1.8e+00;lfl+06;*;0;*;*;0;*;20.347   ;-3.180   ;
2226;J1840+0012g;hww+21;18:40:49;6.0e+00;hww+21;+00:12;2.0e+00;hww+21;*;0;*;*;0;*;31.899   ;2.454    ;
2227;J1840+0214;lfl+06;18:40:34.087;1.9e-02;lfl+06;+02:14:54.7;6.0e-01;lfl+06;*;0;*;*;0;*;33.696   ;3.443    ;
2228;J1840-0445;bbb+12;18:40:45.5;3.0e-01;bsb+19;-04:45:08;1.3e+01;bsb+19;*;0;*;*;0;*;27.486   ;0.203    ;
2229;J1840-0559;hfs+04;18:40:23.18;4.0e-02;hfs+04;-05:59:16.2;1.8e+00;hfs+04;*;0;*;*;0;*;26.345   ;-0.281   ;
2230;J1840-0626;kel+09;18:40:16.31;5.0e-02;kel+09;-06:26:15.4;5.2e+00;kel+09;*;0;*;*;0;*;25.933   ;-0.461   ;
2231;J1840-0643;kek+13;18:40:08.9402;1.3e-03;sl20;-06:43:36.06;8.0e-02;sl20;*;0;*;*;0;*;25.662   ;-0.567   ;
2232;J1840-0753;eklk13;18:40:47.6;1.0e-01;eklk13;-07:53:32;6.0e+00;eklk13;*;0;*;*;0;*;24.698   ;-1.242   ;
2233;J1840-0809;hfs+04;18:40:33.365;6.0e-03;lbs+20;-08:09:03.62;4.0e-02;lbs+20;*;0;*;*;0;*;24.441   ;-1.308   ;
2234;J1840-0815;hfs+04;18:40:13.756;9.0e-03;lbs+20;-08:15:08.88;4.0e-02;lbs+20;*;0;*;*;0;*;24.314   ;-1.283   ;
2235;J1840-0840;lfl+06;18:40:51.9;4.0e-01;lfl+06;-08:40:29;1.5e+01;lfl+06;*;0;*;*;0;*;24.010   ;-1.616   ;
2236;J1840-1122;hfs+04;18:40:24.066;1.9e-02;hfs+04;-11:22:10.7;1.6e+00;hfs+04;*;0;*;*;0;*;21.559   ;-2.745   ;
2237;J1840-1207;lfl+06;18:40:53.782;8.0e-03;lfl+06;-12:07:32.6;6.0e-01;lfl+06;*;0;*;*;0;*;20.940   ;-3.197   ;
2238;J1840-1419;kle+10;18:40:33.04;1.0e-02;bls+18;-14:19:06.5;9.0e-01;bls+18;*;0;*;*;0;*;18.944   ;-4.119   ;
2239;J1840+5640;skk+80;18:40:44.5372;1.0e-04;dgb+19;+56:40:54.852;1.0e-03;dgb+19;-31.21;3.0e-02;dgb+19;-29.10;6.0e-02;dgb+19;86.078   ;23.819   ;
2240;J1841+0130;fsk+04;18:41:17.761;8.0e-03;lfl+06;+01:30:16.9;3.0e-01;lfl+06;*;0;*;*;0;*;33.116   ;2.942    ;
2241;J1841-0157;hfs+04;18:41:56.207;2.0e-02;hfs+04;-01:57:54.6;8.0e-01;hfs+04;*;0;*;*;0;*;30.099   ;1.216    ;
2242;J1841-0310;hfs+04;18:41:25.89;1.4e-01;hfs+04;-03:10:21;9.0e+00;hfs+04;*;0;*;*;0;*;28.968   ;0.776    ;
2243;J1841-0345;lkm+00;18:41:38.68;5.0e-02;mhl+02;-03:48:42.6;1.6e+00;mhl+02;*;0;*;*;0;*;28.424   ;0.437    ;
2244;J1841-04;ttm18;18:41:10;2.0e+01;ttm18;-04:48;2.5e+01;ttm18;*;0;*;*;0;*;27.490   ;0.090    ;
2245;J1841-0425;cl86;18:41:05.663;1.0e-03;ywml10;-04:25:19.50;7.0e-02;ywml10;9;4.2e+00;*;-7;7.4e+00;*;27.818   ;0.279    ;
2246;J1841-0456;vg97;18:41:19.343;3.0e-02;wpk+04;-04:56:11.16;3.0e-01;wpk+04;*;0;*;*;0;*;27.387   ;-0.007   ;
2247;J1841-0500;crc+12;18:41:18.14;5.0e-02;crc+12;-05:00:19.5;8.0e-01;crc+12;*;0;*;*;0;*;27.323   ;-0.034   ;
2248;J1841-0524;hfs+04;18:41:49.32;5.0e-02;hfs+04;-05:24:29.5;1.2e+00;hfs+04;*;0;*;*;0;*;27.024   ;-0.333   ;
2249;J1841+0912;mlt+78;18:41:55.959;2.7e-03;hlk+04;+09:12:07.35;6.5e-02;hlk+04;-12;5.0e+00;jbv+19;38;7.0e+00;jbv+19;40.078   ;6.278    ;
2250;J1841-1404;lfl+06;18:41:34.3;4.0e-01;lfl+06;-14:04:19;4.1e+01;lfl+06;*;0;*;*;0;*;19.277   ;-4.227   ;
2251;J1841-7845;jbo+09;18:41:25.9;4.0e-01;jbo+09;-78:45:15;4.0e+00;jbo+09;*;0;*;*;0;*;315.460  ;-26.082  ;
2252;J1842-0153;mhl+02;18:42:57.870;1.3e-02;mhl+02;-01:53:26.7;6.0e-01;mhl+02;*;0;*;*;0;*;30.283   ;1.022    ;
2253;J1842+0257;lfl+06;18:42:30.93;4.0e-02;lfl+06;+02:57:58.8;1.4e+00;lfl+06;*;0;*;*;0;*;34.558   ;3.336    ;
2254;J1842-0309;hfs+04;18:42:19.02;5.0e-02;hfs+04;-03:09:46;3.0e+00;hfs+04;*;0;*;*;0;*;29.078   ;0.584    ;
2255;J1842+0358;lfl+06;18:42:17.022;6.0e-03;lfl+06;+03:58:35.3;3.0e-01;lfl+06;*;0;*;*;0;*;35.434   ;3.846    ;
2256;J1842-0359;cl86;18:42:26.49;1.0e-02;lbs+20;-04:00:01.52;7.0e-02;lbs+20;*;0;*;*;0;*;28.347   ;0.174    ;
2257;J1842-0415;lkm+00;18:42:11.289;1.3e-02;mhl+02;-04:15:38.2;7.0e-01;mhl+02;*;0;*;*;0;*;28.086   ;0.111    ;
2258;J1842-0612;hfs+04;18:42:43.05;1.0e-01;hfs+04;-06:12:36;5.0e+00;hfs+04;*;0;*;*;0;*;26.413   ;-0.898   ;
2259;J1842+0638;lfl+06;18:42:10.002;1.7e-02;lfl+06;+06:38:15.0;7.0e-01;lfl+06;*;0;*;*;0;*;37.801   ;5.075    ;
2260;J1842-0800;ncb+15;18:42:54.943;1.3e-02;ncb+15;-08:00:53.5;7.0e-01;ncb+15;*;0;*;*;0;*;24.829   ;-1.766   ;
2261;J1842-0905;kbm+03;18:42:22.15;2.0e-02;psj+19;-09:05:30.0;3.0e-01;psj+19;*;0;*;*;0;*;23.809   ;-2.137   ;
2262;J1842+1332;ebvb01;18:42:29.96;6.0e-02;ebvb01;+13:32:01.5;9.0e-01;ebvb01;*;0;*;*;0;*;44.054   ;8.074    ;
2263;J1842-27;mbc+19;18:42:02;0;mbc+19;-27:58:19;0;mbc+19;*;0;*;*;0;*;6.745    ;-10.465  ;
2264;J1842-39;mss+20;18:42;0.0e+00;mss+20;-39;0.0e+00;mss+20;*;0;*;*;0;*;356.427  ;-14.980  ;
2265;J1843-0000;hfs+04;18:43:27.965;9.0e-03;lbs+20;-00:00:41.5;2.0e-01;lbs+20;*;0;*;*;0;*;32.013   ;1.768    ;
2266;J1843-0050;mhl+02;18:43:36.72;6.0e-02;mhl+02;-00:50:10;3.0e+00;mhl+02;*;0;*;*;0;*;31.295   ;1.360    ;
2267;J1843+0119;pab+18;18:43:23.90;3.0e-02;psf+22;+01:19:27.1;8.0e-01;psf+22;*;0;*;*;0;*;33.195   ;2.392    ;
2268;J1843-0137;hfs+04;18:43:12.63;3.0e-02;hfs+04;-01:37:46.3;1.2e+00;hfs+04;*;0;*;*;0;*;30.543   ;1.087    ;
2269;J1843-0211;hfs+04;18:43:30.328;2.0e-02;hfs+04;-02:11:02.8;7.0e-01;hfs+04;*;0;*;*;0;*;30.084   ;0.768    ;
2270;J1843-0355;mhl+02;18:43:06.663;8.0e-03;psj+19;-03:55:56.6;3.0e-01;psj+19;*;0;*;*;0;*;28.484   ;0.056    ;
2271;J1843-0408;hfs+04;18:43:43.44;7.0e-02;hfs+04;-04:08:04;3.0e+00;hfs+04;*;0;*;*;0;*;28.374   ;-0.172   ;
2272;J1843-0459;mhl+02;18:43:27.643;1.8e-02;mhl+02;-04:59:30.4;1.3e+00;mhl+02;*;0;*;*;0;*;27.581   ;-0.505   ;
2273;J1843-0510;ncb+15;18:43:09.732;1.2e-02;ncb+15;-05:10:04.5;5.0e-01;ncb+15;*;0;*;*;0;*;27.391   ;-0.520   ;
2274;J1843-0702;hfs+04;18:43:22.439;2.0e-03;psj+19;-07:02:54.6;1.4e+00;psj+19;*;0;*;*;0;*;25.741   ;-1.426   ;
2275;J1843-0744;kel+09;18:43:05.487;8.0e-03;kel+09;-07:44:30.1;5.0e-01;kel+09;*;0;*;*;0;*;25.092   ;-1.680   ;
2276;J1843-0806;hfs+04;18:43:28.715;1.1e-02;hfs+04;-08:06:44.9;7.0e-01;hfs+04;*;0;*;*;0;*;24.806   ;-1.934   ;
2277;J1843-1113;hfs+04;18:43:41.261917;1.2e-05;dcl+16;-11:13:31.0686;7.0e-04;dcl+16;-1.91;7.0e-02;dcl+16;-3.2;3.0e-01;dcl+16;22.055   ;-3.397   ;
2278;J1843-1448;fsk+04;18:43:01.3750;3.0e-04;lem+15;-14:48:12.61;3.0e-02;lem+15;10.50;1.9e-01;lem+15;12;1.5e+01;lem+15;18.782   ;-4.871   ;
2279;J1843-1507;lfl+06;18:43:33.607;7.0e-03;lfl+06;-15:07:03.0;8.0e-01;lfl+06;*;0;*;*;0;*;18.559   ;-5.129   ;
2280;J1843+2024;zcwl96;18:43:26.18;7.0e-02;clm+05;+20:24:54.6;1.2e+00;clm+05;*;0;*;*;0;*;50.444   ;10.846   ;
2281;J1843-40;mbc+19;18:43:03;0;mbc+19;-40:33:51;0;mbc+19;*;0;*;*;0;*;355.011  ;-15.771  ;
2282;J1844+00;cnst96;18:44:11;1.6e+01;cnst96;+00:35;5.0e+00;cnst96;*;0;*;*;0;*;32.624   ;1.880    ;
2283;J1844+0028g;hww+21;18:44:36;6.0e+00;hww+21;+00:28.8;2.0e-01;hww+21;*;0;*;*;0;*;32.580   ;1.740    ;
2284;J1844-0030;hfs+04;18:44:41.099;1.9e-02;hfs+04;-00:30:25.8;1.3e+00;hfs+04;*;0;*;*;0;*;31.710   ;1.271    ;
2285;J1844+0115;csl+12;18:44:40.5474;3.0e-04;csl+12;+01:15:34.974;1.1e-02;csl+12;*;0;*;*;0;*;33.283   ;2.079    ;
2286;J1844-0244;cl86;18:44:44.975;1.6e-02;hlk+04;-02:44:40.9;6.5e-01;hlk+04;*;0;*;*;0;*;29.727   ;0.235    ;
2287;J1844-0256;cpkm02;18:44:53;3.0e+01;cpkm02;-02:56;7.0e+00;cpkm02;*;0;*;*;0;*;29.574   ;0.119    ;
2288;J1844-03;tkk+98;18:44:57;3.0e+00;tkk+98;-03:00:00;4.0e+01;tkk+98;*;0;*;*;0;*;29.523   ;0.074    ;
2289;J1844-0302;ncb+15;18:44:06.918;1.2e-02;ncb+15;-03:02:11.2;5.0e-01;ncb+15;*;0;*;*;0;*;29.395   ;0.243    ;
2290;J1844-0310;lkm+00;18:44:45.48;5.0e-02;mhl+02;-03:10:37.1;2.0e+00;mhl+02;*;0;*;*;0;*;29.343   ;0.036    ;
2291;J1844-0346;cwp+17;18:44:32.89;2.0e-02;cwp+17;-03:46:30.6;9.0e-01;cwp+17;*;0;*;*;0;*;28.787   ;-0.191   ;
2292;J1844-0433;cjlm87;18:44:33.452;4.8e-03;hlk+04;-04:33:12.4;2.5e-01;hlk+04;*;0;*;*;0;*;28.096   ;-0.548   ;
2293;J1844-0452;hfs+04;18:44:01.54;4.0e-02;hfs+04;-04:52:20.9;1.9e+00;hfs+04;*;0;*;*;0;*;27.752   ;-0.576   ;
2294;J1844-0502;hfs+04;18:44:33.96;7.0e-02;hfs+04;-05:02:00.5;2.3e+00;hfs+04;*;0;*;*;0;*;27.670   ;-0.769   ;
2295;J1844-0538;cl86;18:44:05.12;2.0e-02;psj+19;-05:38:34.1;1.4e+00;psj+19;*;0;*;*;0;*;27.073   ;-0.941   ;
2296;J1844+1454;mlt+78;18:44:54.8946;1.1e-03;hlk+04;+14:54:14.12;3.0e-02;hlk+04;-9;1.0e+01;hla93;45;6.0e+00;hla93;45.557   ;8.149    ;
2297;J1844+21;tkt22;18:44;4.0e+00;tkt22;+21:51;1.5e+01;tkt22;*;0;*;*;0;*;51.826   ;11.333   ;
2298;J1844+41;ttk+17;18:44:45;0;ttk+17;+41:17;0;ttk+17;*;0;*;*;0;*;70.472   ;18.685   ;
2299;J1845-0028g;hww+21;18:45:40;6.0e+00;hww+21;-00:28;2.0e+00;hww+21;*;0;*;*;0;*;31.859   ;1.071    ;
2300;J1845-0316;lkm+00;18:45:52.9;1.0e-01;lkm+00;-03:16:05;1.2e+01;lkm+00;*;0;*;*;0;*;29.390   ;-0.255   ;
2301;J1845-0434;cjlm87;18:45:34.709;7.0e-03;hlk+04;-04:34:29.8;2.9e-01;hlk+04;*;0;*;*;0;*;28.193   ;-0.785   ;
2302;J1845-0545;hfs+04;18:45:38.49;4.0e-02;hfs+04;-05:45:18.2;1.0e+00;hfs+04;*;0;*;*;0;*;27.150   ;-1.337   ;
2303;J1845+0623;lfl+06;18:45:08.59;3.0e-02;lfl+06;+06:23:57.6;9.0e-01;lfl+06;*;0;*;*;0;*;37.923   ;4.308    ;
2304;J1845-0635;eklk13;18:45:07.406;9.0e-03;eklk13;-06:35:23.4;8.0e-01;eklk13;*;0;*;*;0;*;26.348   ;-1.603   ;
2305;J1845-0743;kbm+03;18:45:57.1833;4.0e-04;psj+19;-07:43:38.57;2.0e-02;psj+19;*;0;*;*;0;*;25.428   ;-2.304   ;
2306;J1845-0826;lfl+06;18:45:05.693;1.9e-02;lfl+06;-08:26:39.7;1.2e+00;lfl+06;*;0;*;*;0;*;24.693   ;-2.441   ;
2307;J1845-1114;lfl+06;18:45:45.778;6.0e-03;lfl+06;-11:14:11.0;5.0e-01;lfl+06;*;0;*;*;0;*;22.276   ;-3.855   ;
2308;J1845-1351;lfl+06;18:45:11.50;3.0e-02;lfl+06;-13:51:54.5;2.0e+00;lfl+06;*;0;*;*;0;*;19.860   ;-4.918   ;
2309;J1845+21;tkt22;18:45;4.0e+00;tkt22;+21:51;4.0e+00;tkt22;*;0;*;*;0;*;51.925   ;11.123   ;
2310;J1846+0051;hfs+04;18:46:43.821;2.0e-02;hfs+04;+00:51:39.0;7.0e-01;hfs+04;*;0;*;*;0;*;33.162   ;1.440    ;
2311;J1846-0257;mll+06;18:46:15.49;4.0e-02;mlk+09;-02:57:36.0;1.8e+00;mlk+09;*;0;*;*;0;*;29.707   ;-0.198   ;
2312;J1846-0258;gvbt00;18:46:24.94;1.0e-02;hcg03;-02:58:30.1;2.0e-01;hcg03;*;0;*;*;0;*;29.712   ;-0.240   ;
2313;J1846-0749;lfl+06;18:46:19.744;5.0e-03;lfl+06;-07:49:21.4;3.0e-01;lfl+06;*;0;*;*;0;*;25.386   ;-2.431   ;
2314;J1846-07492;kel+09;18:46:07.999;9.0e-03;kel+09;-07:49:13.2;6.0e-01;kel+09;*;0;*;*;0;*;25.366   ;-2.386   ;
2315;J1846+0919;sdz+10;18:46:26.0;6.0e-01;sdz+10;+09:19:46;1.1e+01;sdz+10;*;0;*;*;0;*;40.693   ;5.342    ;
2316;J1846-4249;tjb+13;18:46;0;tjb+13;-42:49;0;tjb+13;*;0;*;*;0;*;353.047  ;-17.123  ;
2317;J1846-7403;jbo+09;18:46:13.78;1.7e-01;jbo+09;-74:03:04;2.0e+00;jbo+09;*;0;*;*;0;*;320.674  ;-25.650  ;
2318;J1847+01;palfa21;18:47:05;6.0e+00;hww+21;+01:13;2.0e+00;hww+21;*;0;*;*;0;*;33.519   ;1.524    ;
2319;J1847+0110g;hww+21;18:47:23;6.0e+00;hww+21;+01:10;2.0e+00;hww+21;*;0;*;*;0;*;33.508   ;1.434    ;
2320;J1847-0130;msk+03;18:47:35.21;9.0e-02;hfs+04;-01:30:46;3.0e+00;hfs+04;*;0;*;*;0;*;31.147   ;0.167    ;
2321;J1847+0133g;hww+21;18:47:01;6.0e+00;hww+21;+01:33;2.0e+00;hww+21;*;0;*;*;0;*;33.808   ;1.690    ;
2322;J1847-0402;dlp70;18:47:22.842;2.0e-03;jbv+19;-04:02:14.4;1.0e-01;jbv+19;-1;7.0e+00;lwy+16;8;1.9e+01;lwy+16;28.876   ;-0.939   ;
2323;J1847-0427;ncb+15;18:47:18.86;5.0e-02;ncb+15;-04:27:59;2.0e+00;ncb+15;*;0;*;*;0;*;28.487   ;-1.120   ;
2324;J1847-0438;mhl+02;18:47:37.925;1.3e-02;mhl+02;-04:38:15.3;9.0e-01;mhl+02;*;0;*;*;0;*;28.371   ;-1.268   ;
2325;J1847-0443;hfs+04;18:47:51.85;3.0e-02;hfs+04;-04:43:36.2;8.0e-01;hfs+04;*;0;*;*;0;*;28.318   ;-1.361   ;
2326;J1847-0605;mhl+02;18:47:21.071;1.1e-02;mhl+02;-06:05:14.1;9.0e-01;mhl+02;*;0;*;*;0;*;27.048   ;-1.867   ;
2327;J1847+0614g;hww+21;18:47:34;6.0e+00;hww+21;+06:14;2.0e+00;hww+21;*;0;*;*;0;*;38.047   ;3.695    ;
2328;J1848-0023;hfs+04;18:48:37.89;9.0e-02;hfs+04;-00:23:17;4.0e+00;hfs+04;*;0;*;*;0;*;32.267   ;0.447    ;
2329;J1848-0055;hfs+04;18:48:45.50;1.9e-01;hfs+04;-00:55:53;4.0e+00;hfs+04;*;0;*;*;0;*;31.798   ;0.171    ;
2330;J1848-0123;smb71;18:48:23.5895;1.5e-03;lwy+16;-01:23:58.33;5.0e-02;lwy+16;5;2.0e+00;jbv+19;-26;6.0e+00;jbv+19;31.339   ;0.039    ;
2331;J1848+0127g;hww+21;18:48:19;6.0e+00;hww+21;+01:27;2.0e+00;hww+21;*;0;*;*;0;*;33.867   ;1.355    ;
2332;J1848+0150g;hww+21;18:48:43;6.0e+00;hww+21;+01:50.4;2.0e-01;hww+21;*;0;*;*;0;*;34.260   ;1.444    ;
2333;J1848+0351;nab+13;18:48:42.24;1.0e-02;nab+13;+03:51:35.7;3.0e-01;nab+13;*;0;*;*;0;*;36.058   ;2.366    ;
2334;J1848-0511;hfs+04;18:48:15.01;1.4e-01;hfs+04;-05:11:38;5.0e+00;hfs+04;*;0;*;*;0;*;27.945   ;-1.659   ;
2335;J1848-0601;lfl+06;18:48:20.349;1.4e-02;lfl+06;-06:01:07.7;8.0e-01;lfl+06;*;0;*;*;0;*;27.221   ;-2.054   ;
2336;J1848+0604;lxf+05;18:48:54.622;7.0e-03;lxf+05;+06:04:46.8;3.0e-01;lxf+05;*;0;*;*;0;*;38.062   ;3.328    ;
2337;J1848+0647;fcwa95;18:48:56.01;3.0e-02;lwf+04;+06:47:31.7;4.0e-01;lwf+04;*;0;*;*;0;*;38.701   ;3.646    ;
2338;J1848+0826;nft95;18:48:43.77;2.0e-02;cn95;+08:26:35.9;7.0e-01;cn95;*;0;*;*;0;*;40.154   ;4.437    ;
2339;J1848-1150;lfl+06;18:48:11.81;3.0e-02;lfl+06;-11:50:09.2;1.8e+00;lfl+06;*;0;*;*;0;*;22.009   ;-4.658   ;
2340;J1848+12;ebvb01;18:48:30;2.0e+01;ebvb01;+12:50;5.0e+00;ebvb01;*;0;*;*;0;*;44.072   ;6.454    ;
2341;J1848-1243;mll+06;18:48:18.026;1.4e-02;jcs+17;-12:43:30;1.0e+00;jcs+17;*;0;*;*;0;*;21.224   ;-5.081   ;
2342;J1848-1414;mld+96;18:48:39.15;1.9e-02;hlk+04;-14:14:17;2.2e+00;hlk+04;*;0;*;*;0;*;19.903   ;-5.835   ;
2343;J1848+1516;mhl+18;18:48:56.13;2.0e-02;mbc+20;+15:16:44.1;4.0e-01;mbc+20;*;0;*;*;0;*;46.328   ;7.443    ;
2344;J1848-1952;mlt+78;18:48:18.03;4.6e-02;hlk+04;-19:52:31;6.8e+00;hlk+04;*;0;*;*;0;*;14.772   ;-8.254   ;
2345;J1849-0001;ghtm11;18:49:01.632;4.0e-02;kh15;-00:01:17.45;6.0e-01;kh15;*;0;*;*;0;*;32.638   ;0.527    ;
2346;J1849+0001g;hww+21;18:49:23;6.0e+00;hww+21;+00:01;2.0e+00;hww+21;*;0;*;*;0;*;32.713   ;0.465    ;
2347;J1849+0009g;hww+21;18:49:42;6.0e+00;hww+21;+00:09;2.0e+00;hww+21;*;0;*;*;0;*;32.867   ;0.455    ;
2348;J1849-0014g;hww+21;18:49:31;6.0e+00;hww+21;-00:14;2.0e+00;hww+21;*;0;*;*;0;*;32.505   ;0.321    ;
2349;J1849+0016g;hww+21;18:49:58;6.0e+00;hww+21;+00:16;2.0e+00;hww+21;*;0;*;*;0;*;33.002   ;0.449    ;
2350;J1849-0019g;hww+21;18:49:15;6.0e+00;hww+21;-00:19;2.0e+00;hww+21;*;0;*;*;0;*;32.401   ;0.342    ;
2351;J1849+0037g;hww+21;18:49:28;6.0e+00;hww+21;+00:37;2.0e+00;hww+21;*;0;*;*;0;*;33.256   ;0.720    ;
2352;J1849-0040;hfs+04;18:49:10.25;8.0e-02;hfs+04;-00:40:20;6.0e+00;hfs+04;*;0;*;*;0;*;32.075   ;0.198    ;
2353;J1849+0106;psf+22;18:49:55.404;7.0e-03;psf+22;+01:06:22.6;2.0e-01;psf+22;*;0;*;*;0;*;33.744   ;0.841    ;
2354;J1849+0127;mhl+02;18:49:44.18;1.5e-01;mhl+02;+01:27:23;4.0e+00;mhl+02;*;0;*;*;0;*;34.034   ;1.043    ;
2355;J1849+0225g;hww+21;18:49:13;6.0e+00;hww+21;+02:25;2.0e+00;hww+21;*;0;*;*;0;*;34.830   ;1.596    ;
2356;J1849-0317;mhl+02;18:49:57.85;3.0e-02;mhl+02;-03:17:31;3.0e+00;mhl+02;*;0;*;*;0;*;29.834   ;-1.173   ;
2357;J1849+0339g;hww+21;18:49:55;6.0e+00;hww+21;+03:39;2.0e+00;hww+21;*;0;*;*;0;*;36.008   ;2.001    ;
2358;J1849+0409;lfl+06;18:49:03.471;1.3e-02;lfl+06;+04:09:42.3;5.0e-01;lfl+06;*;0;*;*;0;*;36.367   ;2.425    ;
2359;J1849+0430;psf+22;18:49:40.44;2.0e-02;psf+22;+04:30:36.8;6.0e-01;psf+22;*;0;*;*;0;*;36.748   ;2.446    ;
2360;J1849-0614;hfs+04;18:49:45.157;1.9e-02;hfs+04;-06:14:31.5;8.0e-01;hfs+04;*;0;*;*;0;*;27.182   ;-2.469   ;
2361;J1849-0636;dls72;18:49:06.435;4.1e-03;hlk+04;-06:37:06.9;2.2e-01;hlk+04;*;0;*;*;0;*;26.773   ;-2.497   ;
2362;J1849+2423;mca00;18:49:34.6763;4.0e-04;clm+05;+24:23:45.976;1.2e-02;clm+05;*;0;*;*;0;*;54.731   ;11.240   ;
2363;J1849+2559;scb+19;18:49:47.555;1.0e-03;mbc+20;+25:59:57.66;2.0e-02;mbc+20;*;0;*;*;0;*;56.238   ;11.866   ;
2364;J1850-0002g;hww+21;18:50:00;6.0e+00;hww+21;-00:02;2.0e+00;hww+21;*;0;*;*;0;*;32.738   ;0.305    ;
2365;J1850-0006;kel+09;18:50:47.93;8.0e-02;kel+09;-00:06:26.1;4.5e+00;kel+09;*;0;*;*;0;*;32.764   ;0.093    ;
2366;J1850+0011g;hww+21;18:50:04;6.0e+00;hww+21;+00:11;2.0e+00;hww+21;*;0;*;*;0;*;32.939   ;0.389    ;
2367;J1850-0020g;hww+21;18:50:06;6.0e+00;hww+21;-00:20;2.0e+00;hww+21;*;0;*;*;0;*;32.483   ;0.146    ;
2368;J1850+0026;mhl+02;18:50:45.144;1.0e-02;mhl+02;+00:26:25.6;9.0e-01;mhl+02;*;0;*;*;0;*;33.246   ;0.353    ;
2369;J1850-0026;kel+09;18:50:14.714;4.0e-03;kel+09;-00:26:11.6;2.0e-01;kel+09;*;0;*;*;0;*;32.407   ;0.066    ;
2370;J1850-0031;hfs+04;18:50:33.39;9.0e-02;hfs+04;-00:31:09;4.0e+00;hfs+04;*;0;*;*;0;*;32.369   ;-0.041   ;
2371;J1850+0124;csl+12;18:50:01.0139;8.0e-04;csl+12;+01:24:34.61;3.0e-02;csl+12;*;0;*;*;0;*;34.025   ;0.959    ;
2372;J1850+0242;skl+15;18:50:41.683;1.0e-03;skl+15;+02:42:57.44;3.0e-02;skl+15;*;0;*;*;0;*;35.265   ;1.403    ;
2373;J1850+0423;nab+13;18:50:23.43;1.0e-02;nab+13;+04:23:09.2;4.0e-01;nab+13;*;0;*;*;0;*;36.718   ;2.231    ;
2374;J1850+1335;stwd85;18:50:35.473;2.2e-03;hlk+04;+13:35:58.39;6.1e-02;hlk+04;-16;6.1e+00;*;-4;1.0e+01;*;44.990   ;6.339    ;
2375;J1850+15;bb10;18:50:09;5.8e+01;bb10;+15:32;1.5e+01;bb10;*;0;*;*;0;*;46.688   ;7.292    ;
2376;J1851+00;palfa21;18:51:02;6.0e+00;hww+21;+00:10;2.0e+00;hww+21;*;0;*;*;0;*;33.034   ;0.166    ;
2377;J1851-0029;kel+09;18:51:55.093;1.0e-02;kel+09;-00:29:58.1;5.0e-01;kel+09;*;0;*;*;0;*;32.542   ;-0.335   ;
2378;J1851-0053;hfs+04;18:51:03.17;8.0e-02;hfs+04;-00:53:07.3;1.9e+00;hfs+04;*;0;*;*;0;*;32.100   ;-0.318   ;
2379;J1851+0056g;hww+21;18:51:27;6.0e+00;hww+21;+00:56;2.0e+00;hww+21;*;0;*;*;0;*;33.764   ;0.423    ;
2380;J1851-0114;lfl+06;18:51:16.41;3.0e-02;lfl+06;-01:14:13.4;1.3e+00;lfl+06;*;0;*;*;0;*;31.812   ;-0.527   ;
2381;J1851+0118;hfs+04;18:51:52.18;1.3e-01;hfs+04;+01:18:59;5.0e+00;hfs+04;*;0;*;*;0;*;34.153   ;0.504    ;
2382;J1851+0233;lbh+15;18:51:09.130;1.9e-02;lsb+17;+02:33:46.4;9.0e-01;lsb+17;*;0;*;*;0;*;35.181   ;1.232    ;
2383;J1851+0241;psf+22;18:51:20.34;3.0e-02;psf+22;+02:41:20.0;9.0e-01;psf+22;*;0;*;*;0;*;35.314   ;1.248    ;
2384;J1851-0241;hfs+04;18:51:15.26;1.0e-01;hfs+04;-02:41:31;3.0e+00;hfs+04;*;0;*;*;0;*;30.515   ;-1.186   ;
2385;J1851+0418;bbf84;18:51:03.298;1.3e-02;hlk+04;+04:18:12.0;3.9e-01;hlk+04;*;0;*;*;0;*;36.720   ;2.046    ;
2386;J1851-0633;ccb+20;18:51:41.646;5.0e-03;clh+20;-06:33:48.4;2.0e-01;clh+20;*;0;*;*;0;*;27.114   ;-3.044   ;
2387;J1851+1259;stwd85;18:51:13.215;6.1e-03;hlk+04;+12:59:35.29;1.4e-01;hlk+04;*;0;*;*;0;*;44.513   ;5.932    ;
2388;J1852-0000;psf+22;18:52:40.167;9.0e-03;psf+22;-00:00:25.5;3.0e-01;psf+22;*;0;*;*;0;*;33.066   ;-0.277   ;
2389;J1852-0002g;hww+21;18:52:10;6.0e+00;hww+21;-00:02;2.0e+00;hww+21;*;0;*;*;0;*;32.985   ;-0.177   ;
2390;J1852+0008;hfs+04;18:52:42.78;3.0e-02;hfs+04;+00:08:09.6;8.0e-01;hfs+04;*;0;*;*;0;*;33.198   ;-0.222   ;
2391;J1852+0013;hfs+04;18:52:41.779;2.0e-02;hfs+04;+00:13:57.1;1.2e+00;hfs+04;*;0;*;*;0;*;33.282   ;-0.174   ;
2392;J1852+0018g;hww+21;18:52:30;6.0e+00;hww+21;+00:18;2.0e+00;hww+21;*;0;*;*;0;*;33.320   ;-0.100   ;
2393;J1852-0024g;hww+21;18:52:14;6.0e+00;hww+21;-00:24;2.0e+00;hww+21;*;0;*;*;0;*;32.667   ;-0.359   ;
2394;J1852+0031;cjlm87;18:52:27.42;1.1e-01;hlk+04;+00:32:02;3.9e+00;hlk+04;*;0;*;*;0;*;33.523   ;0.017    ;
2395;J1852+0033;zcl+14;18:52:46.6;1.0e-01;zcl+14;+00:33:20.9;1.5e+00;zcl+14;*;0;*;*;0;*;33.579   ;-0.044   ;
2396;J1852-0033g;hww+21;18:52:26;6.0e+00;hww+21;-00:33;2.0e+00;hww+21;*;0;*;*;0;*;32.556   ;-0.472   ;
2397;J1852-0039g;hww+21;18:52:11;6.0e+00;hww+21;-00:39;2.0e+00;hww+21;*;0;*;*;0;*;32.438   ;-0.462   ;
2398;J1852+0040;ghs05;18:52:38.57;4.0e-02;ghs05;+00:40:19.8;6.0e-01;ghs05;*;0;*;*;0;*;33.667   ;0.038    ;
2399;J1852-0044g;hww+21;18:52:27;6.0e+00;hww+21;-00:44;2.0e+00;hww+21;*;0;*;*;0;*;32.395   ;-0.560   ;
2400;J1852-0055g;hww+21;18:52:23;6.0e+00;hww+21;-00:55;2.0e+00;hww+21;*;0;*;*;0;*;32.224   ;-0.628   ;
2401;J1852+0056g;hww+21;18:52:14;6.0e+00;hww+21;+00:56;2.0e+00;hww+21;*;0;*;*;0;*;33.853   ;0.249    ;
2402;J1852-0118;hfs+04;18:52:17.15;3.0e-02;hfs+04;-01:18:14.8;1.7e+00;hfs+04;*;0;*;*;0;*;31.868   ;-0.783   ;
2403;J1852-0127;hfs+04;18:52:03.60;4.0e-02;hfs+04;-01:27:23.4;1.4e+00;hfs+04;*;0;*;*;0;*;31.706   ;-0.802   ;
2404;J1852+0158g;hww+21;18:52:44;6.0e+00;hww+21;+01:58;2.0e+00;hww+21;*;0;*;*;0;*;34.830   ;0.609    ;
2405;J1852+0305;mhl+02;18:52:32.6;5.0e-01;mhl+02;+03:05:05;9.0e+00;mhl+02;*;0;*;*;0;*;35.804   ;1.160    ;
2406;J1852+0309g;hww+21;18:52:11;6.0e+00;hww+21;+03:09;2.0e+00;hww+21;*;0;*;*;0;*;35.821   ;1.270    ;
2407;J1852-0635;hfs+04;18:52:57.448;5.0e-03;lbs+20;-06:36:00.45;2.0e-02;lbs+20;*;0;*;*;0;*;27.224   ;-3.341   ;
2408;J1852+0857g;hww+21;18:52:37;6.0e+00;hww+21;+08:57;2.0e+00;hww+21;*;0;*;*;0;*;41.043   ;3.808    ;
2409;J1852-13;aab+22;18:52:11;0;aab+22;-13:06:48;0;aab+22;*;0;*;*;0;*;21.300   ;-6.100   ;
2410;J1852-2610;mld+96;18:52:59.467;1.3e-02;hlk+04;-26:10:12.7;1.8e+00;hlk+04;*;0;*;*;0;*;9.458    ;-11.918  ;
2411;J1853-0003g;hww+21;18:53:24;6.0e+00;hww+21;-00:03;2.0e+00;hww+21;*;0;*;*;0;*;33.111   ;-0.459   ;
2412;J1853-0004;hfs+04;18:53:23.027;8.0e-03;psj+19;-00:04:33.4;3.0e-01;psj+19;*;0;*;*;0;*;33.086   ;-0.468   ;
2413;J1853-0008g;hww+21;18:53:12;6.0e+00;hww+21;-00:08;2.0e+00;hww+21;*;0;*;*;0;*;33.014   ;-0.453   ;
2414;J1853+0009;palfa21;18:53:39;6.0e+00;hww+21;+00:08;2.0e+00;hww+21;*;0;*;*;0;*;33.303   ;-0.431   ;
2415;J1853+0011;hfs+04;18:53:29.980;8.0e-03;psj+19;+00:11:30.6;3.0e-01;psj+19;*;0;*;*;0;*;33.338   ;-0.371   ;
2416;J1853+0013g;hww+21;18:53:53;6.0e+00;hww+21;+00:13;2.0e+00;hww+21;*;0;*;*;0;*;33.404   ;-0.445   ;
2417;J1853+0023g;hww+21;18:53:10;6.0e+00;hww+21;+00:23;2.0e+00;hww+21;*;0;*;*;0;*;33.470   ;-0.210   ;
2418;J1853+0029;psf+22;18:53:17.745;1.7e-02;psf+22;+00:29:23.8;7.0e-01;psf+22;*;0;*;*;0;*;33.580   ;-0.190   ;
2419;J1853+0056;mhl+02;18:53:32.66;1.6e-01;mhl+02;+00:56:59;4.0e+00;mhl+02;*;0;*;*;0;*;34.017   ;-0.036   ;
2420;J1853+0237g;hww+21;18:53:57;6.0e+00;hww+21;+02:37;2.0e+00;hww+21;*;0;*;*;0;*;35.547   ;0.634    ;
2421;J1853+0259;lbh+15;18:53:14.979;8.0e-03;psf+22;+02:59:47.9;3.0e-01;psf+22;*;0;*;*;0;*;35.806   ;0.963    ;
2422;J1853+0312g;hww+21;18:53:15;6.0e+00;hww+21;+03:12;2.0e+00;hww+21;*;0;*;*;0;*;35.987   ;1.056    ;
2423;J1853+0427;pab+18;18:53:47.007;1.3e-02;psf+22;+04:27:41.2;5.0e-01;psf+22;*;0;*;*;0;*;37.170   ;1.512    ;
2424;J1853+0505;hfs+04;18:53:04.36;7.0e-02;hfs+04;+05:05:26.1;1.8e+00;hfs+04;*;0;*;*;0;*;37.650   ;1.956    ;
2425;J1853+0545;kbm+03;18:53:58.411;1.0e-03;ywml10;+05:45:55.26;3.0e-02;ywml10;*;0;*;*;0;*;38.354   ;2.064    ;
2426;J1853-0649;lbr+13;18:53:25.422;3.6e-02;lbr+13;-06:49:25.9;2.6e+00;lbr+13;*;0;*;*;0;*;27.077   ;-3.545   ;
2427;J1853-0842A;ypr+21;18:53:04.07409;2.0e-05;ypr+21;-08:42:28.254;2.0e-03;ypr+21;3.363;2.7e-02;vb21;-4.436;2.7e-02;vb21;25.352   ;-4.318   ;
2428;J1853+0853;lfl+06;18:53:22.07;1.1e-01;lfl+06;+08:53:17;3.0e+00;lfl+06;*;0;*;*;0;*;41.071   ;3.615    ;
2429;J1853+1303;fsk+04;18:53:57.318221;2.8e-06;aab+21a;+13:03:44.04867;6.8e-05;aab+21a;-1.62;3.0e-02;*;-2.90;5.0e-02;*;44.875   ;5.367    ;
2430;J1854+0012g;hww+21;18:54:18;6.0e+00;hww+21;+00:12;2.0e+00;hww+21;*;0;*;*;0;*;33.436   ;-0.546   ;
2431;J1854-0033g;hww+21;18:54:30;6.0e+00;hww+21;-00:33;2.0e+00;hww+21;*;0;*;*;0;*;32.791   ;-0.932   ;
2432;J1854+0050;lbh+15;18:54:43.47;2.0e-02;psf+22;+00:50:17.8;6.0e-01;psf+22;*;0;*;*;0;*;34.053   ;-0.349   ;
2433;J1854+0131g;hww+21;18:54:34;6.0e+00;hww+21;+01:31;2.0e+00;hww+21;*;0;*;*;0;*;34.638   ;-0.004   ;
2434;J1854+0306;dcm+09;18:54:02.98;3.0e-02;kkl+11;+03:06:14;1.0e+00;kkl+11;*;0;*;*;0;*;35.992   ;0.834    ;
2435;J1854+0317;eklk13;18:54:29.06;7.0e-02;eklk13;+03:17:31;3.0e+00;eklk13;*;0;*;*;0;*;36.209   ;0.824    ;
2436;J1854+0319;lsb+17;18:54:00.110;1.2e-02;lsb+17;+03:19:12.8;5.0e-01;lsb+17;*;0;*;*;0;*;36.179   ;0.944    ;
2437;J1854-0524;ccb+20;18:54:55.35;2.0e-02;ccb+20;-05:24:23.1;1.9e+00;ccb+20;*;0;*;*;0;*;28.511   ;-3.235   ;
2438;J1854+0704g;hww+21;18:54:31;6.0e+00;hww+21;+07:04;2.0e+00;hww+21;*;0;*;*;0;*;39.575   ;2.535    ;
2439;J1854+1050;sstd86;18:54:29.33;8.3e-02;hlk+04;+10:46:42;2.2e+00;hlk+04;*;0;*;*;0;*;42.887   ;4.223    ;
2440;J1854-1421;mlt+78;18:54:44.292;8.3e-03;hlk+04;-14:21:26.4;6.1e-01;hlk+04;*;0;*;*;0;*;20.456   ;-7.209   ;
2441;J1854-1557;bbj+11;18:54:53.6;1.0e-01;bbb+12;-15:57:47;1.4e+01;bbb+12;*;0;*;*;0;*;19.018   ;-7.950   ;
2442;J1854+36;ar_drift21;18:54;0.0e+00;ar_drift21;+36;0.0e+00;ar_drift21;*;0;*;*;0;*;66.026   ;15.068   ;
2443;J1855+0139g;hww+21;18:55:14;6.0e+00;hww+21;+01:39;2.0e+00;hww+21;*;0;*;*;0;*;34.833   ;-0.092   ;
2444;J1855+0205;nab+13;18:55:42.046;5.0e-03;nab+13;+02:05:36.4;2.0e-01;nab+13;*;0;*;*;0;*;35.281   ;0.007    ;
2445;J1855+0228g;hww+21;18:55:45;6.0e+00;hww+21;+02:28;2.0e+00;hww+21;*;0;*;*;0;*;35.619   ;0.166    ;
2446;J1855+0235g;hww+21;18:55:49;6.0e+00;hww+21;+02:35;2.0e+00;hww+21;*;0;*;*;0;*;35.730   ;0.204    ;
2447;J1855+0306;lsb+17;18:55:38.30;2.0e-02;psf+22;+03:06:22.7;7.0e-01;psf+22;*;0;*;*;0;*;36.175   ;0.483    ;
2448;J1855+0307;hfs+04;18:55:26.63;3.0e-02;hfs+04;+03:07:20.2;9.0e-01;hfs+04;*;0;*;*;0;*;36.167   ;0.533    ;
2449;J1855+0327g;hww+21;18:55:45;6.0e+00;hww+21;+03:27;2.0e+00;hww+21;*;0;*;*;0;*;36.494   ;0.615    ;
2450;J1855+0339g;hww+21;18:55:42;6.0e+00;hww+21;+03:39;2.0e+00;hww+21;*;0;*;*;0;*;36.666   ;0.717    ;
2451;J1855+0422;mhl+02;18:55:41.37;1.1e-01;mhl+02;+04:22:47;4.0e+00;mhl+02;*;0;*;*;0;*;37.314   ;1.052    ;
2452;J1855+0424g;hww+21;18:55:00;6.0e+00;hww+21;+04:24;2.0e+00;hww+21;*;0;*;*;0;*;37.254   ;1.214    ;
2453;J1855+0455g;hww+21;18:55:15;6.0e+00;hww+21;+04:55;2.0e+00;hww+21;*;0;*;*;0;*;37.742   ;1.394    ;
2454;J1855+0511g;hww+21;18:55:12;6.0e+00;hww+21;+05:11;2.0e+00;hww+21;*;0;*;*;0;*;37.974   ;1.527    ;
2455;J1855+0527;kel+09;18:55:15.073;1.8e-02;kel+09;+05:27:40.7;9.0e-01;kel+09;*;0;*;*;0;*;38.227   ;1.642    ;
2456;J1855+0626;psf+22;18:55:25;0;psf+22;+06:26:53;0;psf+22;*;0;*;*;0;*;39.125   ;2.055    ;
2457;J1855+0700;hfs+04;18:55:17.72;4.0e-02;hfs+04;+07:00:37.1;9.0e-01;hfs+04;*;0;*;*;0;*;39.613   ;2.337    ;
2458;J1855-0941;ebvb01;18:55:15.68;3.0e-02;ebvb01;-09:41:02;1.0e+00;ebvb01;*;0;*;*;0;*;24.722   ;-5.241   ;
2459;J1855-1436;san16;18:55:54.2286;3.0e-04;san16;-14:36:08.98;3.0e-02;san16;*;0;*;*;0;*;20.359   ;-7.570   ;
2460;J1856+0011g;hww+21;18:56:48;6.0e+00;hww+21;+00:11;2.0e+00;hww+21;*;0;*;*;0;*;33.706   ;-1.109   ;
2461;J1856+0102;hfs+04;18:56:28.503;1.3e-02;hfs+04;+01:02:10.6;5.0e-01;hfs+04;*;0;*;*;0;*;34.428   ;-0.648   ;
2462;J1856+0113;wcd91;18:56:10.65;3.8e-02;hlk+04;+01:13:21.3;1.4e+00;hlk+04;*;0;*;*;0;*;34.560   ;-0.497   ;
2463;J1856+0211g;hww+21;18:56:53;6.0e+00;hww+21;+02:11;2.0e+00;hww+21;*;0;*;*;0;*;35.496   ;-0.215   ;
2464;J1856+0243g;hww+21;18:56:01;6.0e+00;hww+21;+02:43;2.0e+00;hww+21;*;0;*;*;0;*;35.871   ;0.221    ;
2465;J1856+0245;hng+08;18:56:50.9;3.0e-01;nab+13;+02:45:47;9.0e+00;nab+13;*;0;*;*;0;*;36.008   ;0.057    ;
2466;J1856+0404;mhl+02;18:56:26.6;3.0e-01;mhl+02;+04:04:26;5.0e+00;mhl+02;*;0;*;*;0;*;37.128   ;0.745    ;
2467;J1856-0526;lfl+06;18:56:21.977;1.5e-02;lfl+06;-05:26:56.8;8.0e-01;lfl+06;*;0;*;*;0;*;28.636   ;-3.575   ;
2468;J1856+0615g;hww+21;18:56:39;6.0e+00;hww+21;+06:15;2.0e+00;hww+21;*;0;*;*;0;*;39.088   ;1.692    ;
2469;J1856+0912;pab+18;18:56:33.40;1.0e-02;psf+22;+09:12:29.7;3.0e-01;psf+22;*;0;*;*;0;*;41.715   ;3.058    ;
2470;J1856-3754;tm07;18:56:35.41;1.6e-01;wm97;-37:54:35.8;2.0e-01;wm97a;+325.86;2.1e-01;wel+10;-59.22;1.8e-01;wel+10;358.599  ;-17.215  ;
2471;J1857+0057;moh83;18:57:00.80;3.2e-02;hlk+04;+00:57:16.8;1.4e+00;hlk+04;*;0;*;*;0;*;34.417   ;-0.805   ;
2472;J1857+0143;hfs+04;18:57:33.008;1.5e-02;hfs+04;+01:43:47.0;9.0e-01;hfs+04;*;0;*;*;0;*;35.168   ;-0.571   ;
2473;J1857+0210;mhl+02;18:57:40.90;4.0e-02;mhl+02;+02:10:58;3.0e+00;mhl+02;*;0;*;*;0;*;35.586   ;-0.393   ;
2474;J1857+0212;cl86;18:57:43.642;2.9e-03;hlk+04;+02:12:41.11;1.1e-01;hlk+04;*;0;*;*;0;*;35.617   ;-0.390   ;
2475;J1857+0214g;hww+21;18:57:08;6.0e+00;hww+21;+02:14;2.0e+00;hww+21;*;0;*;*;0;*;35.569   ;-0.248   ;
2476;J1857+0224g;hww+21;18:57:08;6.0e+00;hww+21;+02:24;2.0e+00;hww+21;*;0;*;*;0;*;35.717   ;-0.172   ;
2477;J1857+0300;lsb+17;18:57:16.91;3.0e-02;lsb+17;+03:00:26.0;1.3e+00;lsb+17;*;0;*;*;0;*;36.274   ;0.072    ;
2478;J1857+0526;kbm+03;18:57:15.856;8.0e-03;kbm+03;+05:26:28.7;5.0e-01;kbm+03;*;0;*;*;0;*;38.438   ;1.187    ;
2479;J1857+0809;hfs+04;18:57:09.31;3.0e-02;hfs+04;+08:09:04.3;8.0e-01;hfs+04;*;0;*;*;0;*;40.839   ;2.446    ;
2480;J1857+0943;srs+86;18:57:36.390292;2.3e-06;rsc+21;+09:43:17.19177;6.4e-05;rsc+21;-2.665;9.2e-03;*;-5.413;1.7e-02;*;42.290   ;3.060    ;
2481;J1857-1027;ebvb01;18:57:26.45;5.0e-02;ebvb01;-10:27:01;2.0e+00;ebvb01;*;0;*;*;0;*;24.275   ;-6.063   ;
2482;J1858-0024g;hww+21;18:58:46;6.0e+00;hww+21;-00:24;2.0e+00;hww+21;*;0;*;*;0;*;33.411   ;-1.813   ;
2483;J1858+0026g;hww+21;18:58:05;6.0e+00;hww+21;+00:26;2.0e+00;hww+21;*;0;*;*;0;*;34.075   ;-1.281   ;
2484;J1858+0215;mhl+02;18:58:17.43;1.4e-01;mhl+02;+02:15:38;8.0e+00;mhl+02;*;0;*;*;0;*;35.725   ;-0.493   ;
2485;J1858+0239;psf+22;18:58:18;0;psf+22;+02:39:52;0;psf+22;*;0;*;*;0;*;36.085   ;-0.310   ;
2486;J1858+0241;hfs+04;18:58:53.81;1.4e-01;hfs+04;+02:41:38;6.0e+00;hfs+04;*;0;*;*;0;*;36.180   ;-0.430   ;
2487;J1858+0244g;hww+21;18:58:01;6.0e+00;hww+21;+02:44;2.0e+00;hww+21;*;0;*;*;0;*;36.114   ;-0.216   ;
2488;J1858+0310g;hww+21;18:58:05;6.0e+00;hww+21;+03:10;2.0e+00;hww+21;*;0;*;*;0;*;36.507   ;-0.033   ;
2489;J1858+0319;lsb+17;18:58:40.88;3.0e-02;lsb+17;+03:19:21.5;1.0e+00;lsb+17;*;0;*;*;0;*;36.714   ;-0.094   ;
2490;J1858+0346;nab+13;18:58:22.36;2.0e-02;nab+13;+03:46:37.8;8.0e-01;nab+13;*;0;*;*;0;*;37.083   ;0.182    ;
2491;J1858+0609g;hww+21;18:58:10;6.0e+00;hww+21;+06:09;2.0e+00;hww+21;*;0;*;*;0;*;39.171   ;1.311    ;
2492;J1858-0736;kek+13;18:58:44.3;7.0e-01;kek+13;-07:37;7.0e+00;kek+13;*;0;*;*;0;*;26.964   ;-5.079   ;
2493;J1858-2216;san16;18:58:17.8792;8.0e-04;san16;-22:16:56.4;1.0e-01;san16;*;0;*;*;0;*;13.581   ;-11.393  ;
2494;J1858-5422;aab+22;18:58:15;0;aab+22;-54:20:35;0;aab+22;*;0;*;*;0;*;342.100  ;-22.701  ;
2495;J1859+00;cnst96;18:59:47;6.0e+00;hww+21;+00:38;2.0e+00;hww+21;*;0;*;*;0;*;34.447   ;-1.568   ;
2496;J1859+0026g;hww+21;18:59:58;6.0e+00;hww+21;+00:26;2.0e+00;hww+21;*;0;*;*;0;*;34.290   ;-1.700   ;
2497;J1859+0126g;hww+21;18:59:15;6.0e+00;hww+21;+01:26;2.0e+00;hww+21;*;0;*;*;0;*;35.098   ;-1.084   ;
2498;J1859+0239g;hww+21;18:59:18;6.0e+00;hww+21;+02:39;2.0e+00;hww+21;*;0;*;*;0;*;36.187   ;-0.539   ;
2499;J1859+0313g;hww+21;18:59:36;6.0e+00;hww+21;+03:13;2.0e+00;hww+21;*;0;*;*;0;*;36.725   ;-0.347   ;
2500;J1859+0345;psf+22;18:59:12.71;2.0e-02;psf+22;+03:45:57;1.0e+00;psf+22;*;0;*;*;0;*;37.169   ;-0.010   ;
2501;J1859+0430g;hww+21;18:59:10;6.0e+00;hww+21;+04:30;2.0e+00;hww+21;*;0;*;*;0;*;37.817   ;0.336    ;
2502;J1859+0434g;hww+21;18:59:41;6.0e+00;hww+21;+04:34;2.0e+00;hww+21;*;0;*;*;0;*;37.935   ;0.252    ;
2503;J1859+0601;hfs+04;18:59:45.76;5.0e-02;hfs+04;+06:01:46.1;1.8e+00;hfs+04;*;0;*;*;0;*;39.245   ;0.903    ;
2504;J1859+0603;lsb+17;18:59:42.131;1.6e-02;lsb+17;+06:03:54.5;5.0e-01;lsb+17;*;0;*;*;0;*;39.270   ;0.932    ;
2505;J1859+0658g;hww+21;18:59:05;6.0e+00;hww+21;+06:58;2.0e+00;hww+21;*;0;*;*;0;*;40.002   ;1.481    ;
2506;J1859+07;pab+18;18:59;0;pab+18;+07;0;pab+18;*;0;*;*;0;*;40.022   ;1.514    ;
2507;J1859+1526;nft95;18:59:44.389;7.0e-03;cn95;+15:26:11.0;2.0e-01;cn95;*;0;*;*;0;*;47.637   ;5.181    ;
2508;J1859+7654;slr+14;18:59:36.02;4.2e-02;lsk+18;+76:54:55.63;1.4e-01;lsk+18;*;0;*;*;0;*;108.364  ;25.911   ;
2509;J1900-0051;hfs+04;19:00:46.644;7.0e-03;hfs+04;-00:51:08.4;5.0e-01;hfs+04;*;0;*;*;0;*;33.238   ;-2.467   ;
2510;J1900-0134;qpl+19;19:00:26.174;5.0e-03;clh+20;-01:34:38.2;3.0e-01;clh+20;*;0;*;*;0;*;32.553   ;-2.721   ;
2511;J1900+0213g;hww+21;19:00:12;6.0e+00;hww+21;+02:13;2.0e+00;hww+21;*;0;*;*;0;*;35.904   ;-0.937   ;
2512;J1900+0227;mhl+02;19:00:38.60;4.0e-02;mhl+02;+02:27:32.0;2.0e+00;mhl+02;*;0;*;*;0;*;36.170   ;-0.925   ;
2513;J1900+0308;csl+12;19:00:50.5548;3.0e-04;csl+12;+03:08:24.079;1.3e-02;csl+12;*;0;*;*;0;*;36.798   ;-0.658   ;
2514;J1900+0405g;hww+21;19:00:40;6.0e+00;hww+21;+04:05;2.0e+00;hww+21;*;0;*;*;0;*;37.617   ;-0.187   ;
2515;J1900+0438;lsb+17;19:00:13.35;3.0e-02;lsb+17;+04:38:46.8;1.1e+00;lsb+17;*;0;*;*;0;*;38.067   ;0.169    ;
2516;J1900+0634;hfs+04;19:00:28.034;2.0e-02;hfs+04;+06:34:20.9;6.0e-01;hfs+04;*;0;*;*;0;*;39.808   ;0.995    ;
2517;J1900+0715g;hww+21;19:00:22;6.0e+00;hww+21;+07:15;2.0e+00;hww+21;*;0;*;*;0;*;40.400   ;1.327    ;
2518;J1900-0933;bbb+12;19:00:31.19;3.0e-02;bsb+19;-09:33:48.1;1.5e+00;bsb+19;*;0;*;*;0;*;25.413   ;-6.346   ;
2519;J1900-2600;vl70;19:00:47.582;4.0e-03;hlk+04;-26:00:43.8;5.0e-01;hlk+04;-19.9;3.0e-01;fgbc99;-47.3;9.0e-01;fgbc99;10.342   ;-13.451  ;
2520;J1900+30;cnst96;19:00:18;1.6e+01;cnst96;+30:53;5.0e+00;cnst96;*;0;*;*;0;*;61.757   ;11.802   ;
2521;J1900-7951;mlt+78;19:00:24.4;5.0e-01;nmc81;-79:51:48.2;1.2e+00;nmc81;*;0;*;*;0;*;314.322  ;-27.065  ;
2522;J1901+00;cnst96;19:01:32;6.0e+00;hww+21;+00:32;2.0e+00;hww+21;*;0;*;*;0;*;34.558   ;-2.003   ;
2523;J1901+0020g;hww+21;19:01:17;6.0e+00;hww+21;+00:20;2.0e+00;hww+21;*;0;*;*;0;*;34.352   ;-2.038   ;
2524;J1901+0124;hfs+04;19:01:52.545;1.4e-02;hfs+04;+01:24:49.3;8.0e-01;hfs+04;*;0;*;*;0;*;35.381   ;-1.677   ;
2525;J1901-0125;aab+22;19:01:33.8;0;aab+22;-01:25:29;0;aab+22;*;0;*;*;0;*;32.817   ;-2.902   ;
2526;J1901+0156;stwd85;19:01:34.288;2.1e-03;hlk+04;+01:56:38.22;1.1e-01;hlk+04;*;0;*;*;0;*;35.818   ;-1.367   ;
2527;J1901+0234;lbh+15;19:01:26.93;3.0e-02;lsb+17;+02:34:51.4;1.0e+00;lsb+17;*;0;*;*;0;*;36.370   ;-1.048   ;
2528;J1901+0254;hfs+04;19:01:15.67;7.0e-02;hfs+04;+02:54:41;5.0e+00;hfs+04;*;0;*;*;0;*;36.643   ;-0.855   ;
2529;J1901+0300;skl+15;19:01:59.6168;1.0e-04;skl+15;+03:00:23.324;5.0e-03;skl+15;*;0;*;*;0;*;36.811   ;-0.974   ;
2530;J1901-0312;hfs+04;19:01:15.675;1.8e-02;hfs+04;-03:12:29.5;9.0e-01;hfs+04;*;0;*;*;0;*;31.192   ;-3.646   ;
2531;J1901-0315;lfl+06;19:01:16.33;8.0e-02;lfl+06;-03:15:14.3;2.0e+00;lfl+06;*;0;*;*;0;*;31.152   ;-3.669   ;
2532;J1901+0315g;hww+21;19:01:34;6.0e+00;hww+21;+03:15;2.0e+00;hww+21;*;0;*;*;0;*;36.979   ;-0.768   ;
2533;J1901+0320;hfs+04;19:01:03.01;9.0e-02;hfs+04;+03:20:18;4.0e+00;hfs+04;*;0;*;*;0;*;36.999   ;-0.613   ;
2534;J1901+0331;dlp70;19:01:31.781;2.0e-03;lwy+16;+03:31:05.97;7.0e-02;lwy+16;-7;2.0e+00;jbv+19;-45;5.0e+00;jbv+19;37.213   ;-0.637   ;
2535;J1901+0355;hfs+04;19:01:30.81;4.0e-02;hfs+04;+03:55:58.9;9.0e-01;hfs+04;*;0;*;*;0;*;37.580   ;-0.444   ;
2536;J1901+0413;mhl+02;19:01:10.3;1.0e-01;mhl+02;+04:13:51;6.0e+00;mhl+02;*;0;*;*;0;*;37.806   ;-0.232   ;
2537;J1901+0435;lfl+06;19:01:32.2;3.0e-01;lfl+06;+04:35:23;1.0e+01;lfl+06;*;0;*;*;0;*;38.167   ;-0.148   ;
2538;J1901+0459;lbh+15;19:01:17.47;4.0e-02;lsb+17;+04:59:06.8;1.2e+00;lsb+17;*;0;*;*;0;*;38.490   ;0.087    ;
2539;J1901+0510;hfs+04;19:01:57.85;1.1e-01;hfs+04;+05:10:34;4.0e+00;hfs+04;*;0;*;*;0;*;38.737   ;0.025    ;
2540;J1901+0511;lsb+17;19:01:42.91;5.0e-02;lsb+17;+05:11:00.2;1.5e+00;lsb+17;*;0;*;*;0;*;38.715   ;0.084    ;
2541;J1901+0621;cfl+06;19:01:05.96;9.0e-02;lfl+06;+06:21:19;4.0e+00;lfl+06;*;0;*;*;0;*;39.687   ;0.756    ;
2542;J1901+0659g;hww+21;19:01:25;6.0e+00;hww+21;+06:59;2.0e+00;hww+21;*;0;*;*;0;*;40.282   ;0.973    ;
2543;J1901+0712g;hww+21;19:01:30;6.0e+00;hww+21;+07:12;2.0e+00;hww+21;*;0;*;*;0;*;40.484   ;1.054    ;
2544;J1901+0716;cjlm87;19:01:38.936;1.3e-02;hlk+04;+07:16:34.8;3.9e-01;hlk+04;*;0;*;*;0;*;40.569   ;1.056    ;
2545;J1901-0906;lml+98;19:01:53.0087;3.0e-04;dgb+19;-09:06:11.146;1.0e-02;dgb+19;-7.54;4.0e-02;dgb+19;-18.2;2.0e-01;dgb+19;25.979   ;-6.441   ;
2546;J1901+1306;nft95;19:01:48.77;2.0e-02;cn95;+13:06:48.3;7.0e-01;cn95;*;0;*;*;0;*;45.786   ;3.683    ;
2547;J1901-1740;ebvb01;19:01:18.03;6.0e-02;ebvb01;-17:40:00;6.0e+00;ebvb01;*;0;*;*;0;*;18.138   ;-10.071  ;
2548;J1902+0235;lbh+15;19:02:31.062;4.0e-03;psf+22;+02:35:14.75;1.1e-01;psf+22;*;0;*;*;0;*;36.498   ;-1.282   ;
2549;J1902+0248;hfs+04;19:02:50.26;7.0e-02;hfs+04;+02:48:56;3.0e+00;hfs+04;*;0;*;*;0;*;36.738   ;-1.249   ;
2550;J1902-0340;hfs+04;19:02:50.70;1.9e-01;hfs+04;-03:40:18;4.0e+00;hfs+04;*;0;*;*;0;*;30.958   ;-4.209   ;
2551;J1902+0556;ht74;19:02:42.620;3.5e-03;hlk+04;+05:56:25.92;1.1e-01;hlk+04;*;0;*;*;0;*;39.501   ;0.210    ;
2552;J1902+0615;lh81;19:02:50.277;3.0e-03;lbs+20;+06:16:33.41;7.0e-02;lbs+20;-0.9;7.6e+00;*;-8;1.2e+01;*;39.814   ;0.336    ;
2553;J1902+0723;nft95;19:02:13.54;9.0e-02;cn95;+07:23:51;4.0e+00;cn95;*;0;*;*;0;*;40.742   ;0.984    ;
2554;J1902+0809g;hww+21;19:02:20;6.0e+00;hww+21;+08:09;2.0e+00;hww+21;*;0;*;*;0;*;41.423   ;1.305    ;
2555;J1902-1036;bbb+12;19:02:42.399;1.0e-02;bsb+19;-10:36:13.0;7.0e-01;bsb+19;*;0;*;*;0;*;24.716   ;-7.291   ;
2556;J1902+1141;psf+22;19:02:02.201;5.0e-03;psf+22;+11:41:05.50;9.0e-02;psf+22;*;0;*;*;0;*;44.537   ;2.984    ;
2557;J1902-5105;kcj+12;19:02:02.84821;9.0e-05;ckr+15;-51:05:56.9695;8.0e-04;ckr+15;-4.8;1.3e+00;ckr+15;-4.4;1.6e+00;ckr+15;345.650  ;-22.379  ;
2558;J1903+0135;dls73;19:03:29.986;1.0e-03;jbv+19;+01:35:38.53;4.0e-02;jbv+19;3;7.0e+00;lwy+16;-13;1.4e+01;lwy+16;35.727   ;-1.955   ;
2559;J1903-0258;lfl+06;19:03:30.343;1.1e-02;lfl+06;-02:58:15.6;7.0e-01;lfl+06;*;0;*;*;0;*;31.659   ;-4.038   ;
2560;J1903+0327;crl+08;19:03:05.793213;1.0e-05;fbw+11;+03:27:19.20911;6.0e-05;fbw+11;-2.06;7.0e-02;fbw+11;-5.21;1.2e-01;fbw+11;37.336   ;-1.014   ;
2561;J1903+0415;lbh+15;19:03:28.321;1.7e-02;psf+22;+04:15:07.6;6.0e-01;psf+22;*;0;*;*;0;*;38.088   ;-0.732   ;
2562;J1903+0433g;hww+21;19:03:19;6.0e+00;hww+21;+04:33;2.0e+00;hww+21;*;0;*;*;0;*;38.335   ;-0.561   ;
2563;J1903+0534g;hww+21;19:03:29;6.0e+00;hww+21;+05:34;2.0e+00;hww+21;*;0;*;*;0;*;39.257   ;-0.132   ;
2564;J1903+0601;hfs+04;19:03:20.874;1.6e-02;hfs+04;+06:01:34.0;6.0e-01;hfs+04;*;0;*;*;0;*;39.650   ;0.109    ;
2565;J1903-0632;dls72;19:03:37.934;2.0e-03;lbs+20;-06:32:21.52;9.0e-02;lbs+20;*;0;*;*;0;*;28.479   ;-5.679   ;
2566;J1903+0654;lsb+17;19:03:55.28;5.0e-02;lsb+17;+06:54:39.4;1.6e+00;lsb+17;*;0;*;*;0;*;40.502   ;0.388    ;
2567;J1903+0839g;hww+21;19:03:52;6.0e+00;hww+21;+08:39;2.0e+00;hww+21;*;0;*;*;0;*;42.041   ;1.197    ;
2568;J1903+0845g;hww+21;19:03:36;6.0e+00;hww+21;+08:45;2.0e+00;hww+21;*;0;*;*;0;*;42.100   ;1.301    ;
2569;J1903-0848;blr+13;19:03:11.271;1.8e-02;blr+13;-08:48:57.4;8.0e-01;blr+13;*;0;*;*;0;*;26.382   ;-6.601   ;
2570;J1903+0851g;hww+21;19:03:04;6.0e+00;hww+21;+08:51;2.0e+00;hww+21;*;0;*;*;0;*;42.129   ;1.464    ;
2571;J1903+0912;psf+22;19:03:42.101;5.0e-03;psf+22;+09:12:41.69;1.6e-01;psf+22;*;0;*;*;0;*;42.522   ;1.490    ;
2572;J1903+0925;lfl+06;19:03:55.18;2.0e-01;lfl+06;+09:25:55;6.0e+00;lfl+06;*;0;*;*;0;*;42.743   ;1.543    ;
2573;J1903+2225;nft95;19:03:52.95;2.0e-02;cn95;+22:25:12.3;3.0e-01;cn95;*;0;*;*;0;*;54.363   ;7.427    ;
2574;J1903-7051;ckr+15;19:03:38.7935;3.0e-04;ckr+15;-70:51:43.461;2.0e-03;ckr+15;-8.8;1.6e+00;ckr+15;-16;2.0e+00;ckr+15;324.391  ;-26.508  ;
2575;J1904+0004;mld+96;19:04:12.7180;1.5e-03;lwy+16;+00:04:05.29;4.0e-02;lwy+16;8;9.0e+00;lwy+16;-7;1.6e+01;lwy+16;34.450   ;-2.811   ;
2576;J1904+0056;psf+22;19:04:07.06;3.0e-02;psf+22;+00:56:59;1.0e+00;psf+22;*;0;*;*;0;*;35.224   ;-2.387   ;
2577;J1904-0150;lfl+06;19:04:55.555;1.0e-02;lfl+06;-01:50:32.5;5.0e-01;lfl+06;*;0;*;*;0;*;32.828   ;-3.841   ;
2578;J1904+0207g;hww+21;19:04:44;6.0e+00;hww+21;+02:07;2.0e+00;hww+21;*;0;*;*;0;*;36.333   ;-1.990   ;
2579;J1904+0358g;hww+21;19:04:22;6.0e+00;hww+21;+03:58;2.0e+00;hww+21;*;0;*;*;0;*;37.936   ;-1.061   ;
2580;J1904+0412;clm+01;19:04:31.382;4.0e-03;clm+01;+04:12:05.9;1.0e-01;clm+01;*;0;*;*;0;*;38.163   ;-0.988   ;
2581;J1904+0415g;hww+21;19:04:06;6.0e+00;hww+21;+04:15;2.0e+00;hww+21;*;0;*;*;0;*;38.157   ;-0.872   ;
2582;J1904+0451;skl+15;19:04:59.3848;2.0e-04;skl+15;+04:51:54.953;8.0e-03;skl+15;*;0;*;*;0;*;38.806   ;-0.787   ;
2583;J1904+0519g;hww+21;19:04:08;6.0e+00;hww+21;+05:19;2.0e+00;hww+21;*;0;*;*;0;*;39.109   ;-0.390   ;
2584;J1904+0535g;hww+21;19:04:52;6.0e+00;hww+21;+05:35;2.0e+00;hww+21;*;0;*;*;0;*;39.430   ;-0.430   ;
2585;J1904+0553g;hww+21;19:04:17;6.0e+00;hww+21;+05:53;2.0e+00;hww+21;*;0;*;*;0;*;39.630   ;-0.164   ;
2586;J1904+0603g;hww+21;19:04:52;6.0e+00;hww+21;+06:03;2.0e+00;hww+21;*;0;*;*;0;*;39.845   ;-0.216   ;
2587;J1904+0738;cfl+06;19:04:07.533;1.0e-03;nab+13;+07:38:51.69;4.0e-02;nab+13;*;0;*;*;0;*;41.180   ;0.680    ;
2588;J1904+0800;kbm+03;19:04:03.50;2.0e-02;kbm+03;+08:00:52.6;9.0e-01;kbm+03;*;0;*;*;0;*;41.498   ;0.863    ;
2589;J1904+0823g;hww+21;19:04:44;6.0e+00;hww+21;+08:23;2.0e+00;hww+21;*;0;*;*;0;*;41.903   ;0.884    ;
2590;J1904+0836g;hww+21;19:04:35;6.0e+00;hww+21;+08:36;2.0e+00;hww+21;*;0;*;*;0;*;42.078   ;1.016    ;
2591;J1904+0852g;hww+21;19:04:55;6.0e+00;hww+21;+08:52;2.0e+00;hww+21;*;0;*;*;0;*;42.353   ;1.066    ;
2592;J1904+1011;ht75b;19:04:02.49;2.0e-02;lcx02;+10:11:34.6;5.0e-01;lcx02;*;0;*;*;0;*;43.433   ;1.865    ;
2593;J1904-11;trr+21;19:04:34;0;aab+22;-11:30:34;0;aab+22;*;0;*;*;0;*;24.100   ;-8.101   ;
2594;J1904-1224;lml+98;19:04:33.281;1.3e-02;hlk+04;-12:24:01.3;1.1e+00;hlk+04;*;0;*;*;0;*;23.291   ;-8.490   ;
2595;J1904-1629;bbb+12;19:04:51.37;3.0e-02;bsb+19;-16:29:19;3.0e+00;bsb+19;*;0;*;*;0;*;19.590   ;-10.332  ;
2596;J1904+33;mss+20;19:04;0.0e+00;mss+20;+33;0.0e+00;mss+20;*;0;*;*;0;*;64.058   ;11.973   ;
2597;J1905-0056;stwd85;19:05:27.752;6.0e-03;lbs+20;-00:56:40.8;3.0e-01;lbs+20;*;0;*;*;0;*;33.690   ;-3.551   ;
2598;J1905+0154A;hrs+07;19:05:15.4;4.0e-01;hrs+07;+01:54:33;2.2e+01;hrs+07;-2.829;2.8e-02;vb21;-6.006;2.7e-02;vb21;36.208   ;-2.201   ;
2599;J1905+0400;hfs+04;19:05:28.273436;1.6e-05;gsf+11;+04:00:10.8830;6.0e-04;gsf+11;-3.80;1.8e-01;gsf+11;-7.3;4.0e-01;gsf+11;38.095   ;-1.289   ;
2600;J1905+0414;pab+18;19:05;0;pab+18;+04:14;0;pab+18;*;0;*;*;0;*;38.246   ;-1.079   ;
2601;J1905+0450g;hww+21;19:05:59;6.0e+00;hww+21;+04:50;2.0e+00;hww+21;*;0;*;*;0;*;38.891   ;-1.021   ;
2602;J1905+0600;hfs+04;19:05:04.35;5.0e-02;hfs+04;+06:00:59.9;1.4e+00;hfs+04;*;0;*;*;0;*;39.838   ;-0.277   ;
2603;J1905+0616;lxf+05;19:05:06.849;5.0e-03;lxf+05;+06:16:16.7;1.0e-01;lxf+05;*;0;*;*;0;*;40.069   ;-0.169   ;
2604;J1905+0656g;hww+21;19:05:45;6.0e+00;hww+21;+06:56;2.0e+00;hww+21;*;0;*;*;0;*;40.730   ;-0.005   ;
2605;J1905+0709;cl86;19:05:53.62;2.2e-02;hlk+04;+07:09:19.4;6.1e-01;hlk+04;*;0;*;*;0;*;40.944   ;0.065    ;
2606;J1905+0758g;hww+21;19:05:48;6.0e+00;hww+21;+07:58;2.0e+00;hww+21;*;0;*;*;0;*;41.654   ;0.458    ;
2607;J1905+0902;cfl+06;19:05:19.535;2.0e-03;nab+13;+09:02:32.49;8.0e-02;nab+13;*;0;*;*;0;*;42.555   ;1.056    ;
2608;J1905+0920g;hww+21;19:05:09;6.0e+00;hww+21;+09:20;2.0e+00;hww+21;*;0;*;*;0;*;42.794   ;1.228    ;
2609;J1905+0936g;hww+21;19:05:25;6.0e+00;hww+21;+09:36;2.0e+00;hww+21;*;0;*;*;0;*;43.061   ;1.292    ;
2610;J1905+1034;psf+22;19:05:20.625;1.4e-02;psf+22;+10:34:27.7;4.0e-01;psf+22;*;0;*;*;0;*;43.919   ;1.755    ;
2611;J1906+0055;lbh+15;19:06:48.68051;4.0e-05;sab+16;+00:55:07.886;1.0e-03;sab+16;*;0;*;*;0;*;35.505   ;-3.000   ;
2612;J1906+0414;lfl+06;19:06:57.793;7.0e-03;lfl+06;+04:14:29.44;1.3e-01;lfl+06;*;0;*;*;0;*;38.478   ;-1.510   ;
2613;J1906+0454;pkr+19;19:06:47.13970;7.0e-05;pkr+19;+04:54:09.042;2.0e-03;pkr+19;-6;1.0e+00;pkr+19;-14;3.0e+00;pkr+19;39.045   ;-1.167   ;
2614;J1906+0509;lsb+17;19:06:56.497;1.6e-02;lsb+17;+05:09:35.6;6.0e-01;lsb+17;*;0;*;*;0;*;39.291   ;-1.083   ;
2615;J1906+0641;cl86;19:06:35.244;2.7e-03;hlk+04;+06:41:02.90;1.1e-01;hlk+04;-6;6.1e+00;*;-2;1.1e+01;*;40.604   ;-0.304   ;
2616;J1906+0646g;hww+21;19:06:15;6.0e+00;hww+21;+06:46;2.0e+00;hww+21;*;0;*;*;0;*;40.639   ;-0.192   ;
2617;J1906+0649;hfs+04;19:06:11.97;3.0e-02;hfs+04;+06:49:48.1;1.0e+00;hfs+04;*;0;*;*;0;*;40.690   ;-0.152   ;
2618;J1906+0722;cpw+15;19:06:31.20;1.0e-02;cpw+15;+07:22:55.8;4.0e-01;cpw+15;*;0;*;*;0;*;41.216   ;0.031    ;
2619;J1906+0724;lbh+15;19:06:22.577;1.8e-02;psf+22;+07:24:22.8;6.0e-01;psf+22;*;0;*;*;0;*;41.222   ;0.074    ;
2620;J1906+0746;lsf+06;19:06:48.86;4.0e-02;vks+15;+07:46:25.9;7.0e-01;vks+15;*;0;*;*;0;*;41.598   ;0.147    ;
2621;J1906+0757g;hww+21;19:06:40;6.0e+00;hww+21;+07:57;2.0e+00;hww+21;*;0;*;*;0;*;41.737   ;0.260    ;
2622;J1906+0822g;hww+21;19:06:38;6.0e+00;hww+21;+08:22;2.0e+00;hww+21;*;0;*;*;0;*;42.104   ;0.459    ;
2623;J1906+0912;mhl+02;19:06:28.46;3.0e-02;mhl+02;+09:12:56.6;1.5e+00;mhl+02;*;0;*;*;0;*;42.840   ;0.884    ;
2624;J1906+1854;nft95;19:06:44.71;2.0e-02;cn95;+18:54:08.5;4.0e-01;cn95;*;0;*;*;0;*;51.501   ;5.251    ;
2625;J1907+0249;hfs+04;19:07:42.03;4.0e-02;hfs+04;+02:49:41;3.0e+00;hfs+04;*;0;*;*;0;*;37.306   ;-2.323   ;
2626;J1907+0255;lbh+15;19:07:17.90;4.0e-02;lsb+17;+02:55:02.7;1.0e+00;lsb+17;*;0;*;*;0;*;37.339   ;-2.192   ;
2627;J1907+0345;hfs+04;19:07:14.543;1.9e-02;hfs+04;+03:45:10.6;4.0e-01;hfs+04;*;0;*;*;0;*;38.075   ;-1.796   ;
2628;J1907+0534;mhl+02;19:07:23.34;2.0e-01;mhl+02;+05:34:53;1.4e+01;mhl+02;*;0;*;*;0;*;39.717   ;-0.988   ;
2629;J1907+0602;aaa+09c;19:07:54.74;1.0e-02;rkp+11;+06:02:16.9;3.0e-01;rkp+11;*;0;*;*;0;*;40.182   ;-0.894   ;
2630;J1907+0631;lsb+17;19:07:03.816;1.7e-02;lsb+17;+06:31:18.9;6.0e-01;lsb+17;*;0;*;*;0;*;40.515   ;-0.484   ;
2631;J1907+0658g;hww+21;19:07:34;6.0e+00;hww+21;+06:58;2.0e+00;hww+21;*;0;*;*;0;*;40.967   ;-0.390   ;
2632;J1907+0709g;hww+21;19:07:57;6.0e+00;hww+21;+07:09;2.0e+00;hww+21;*;0;*;*;0;*;41.173   ;-0.390   ;
2633;J1907+0731;hfs+04;19:07:54.79;3.0e-02;hfs+04;+07:31:21.9;5.0e-01;hfs+04;*;0;*;*;0;*;41.500   ;-0.211   ;
2634;J1907+0740;mhl+02;19:07:44.118;1.3e-02;mhl+02;+07:40:22.6;9.0e-01;mhl+02;*;0;*;*;0;*;41.613   ;-0.102   ;
2635;J1907+0833;psf+22;19:07:57.044;3.0e-03;psf+22;+08:33:59.99;7.0e-02;psf+22;*;0;*;*;0;*;42.431   ;0.262    ;
2636;J1907+0859;lsb+17;19:07:01.913;1.0e-02;lsb+17;+08:59:43.8;4.0e-01;lsb+17;*;0;*;*;0;*;42.707   ;0.661    ;
2637;J1907+0918;lx00;19:07:22.441;4.0e-03;lx00;+09:18:30.76;4.0e-02;lx00;*;0;*;*;0;*;43.024   ;0.730    ;
2638;J1907+0919;ksh+99;19:07:14.33;1.0e-02;fkb99;+09:19:20.1;2.0e-01;fkb99;0.6;2.0e-01;tck12;4.2;4.0e-01;tck12;43.021   ;0.766    ;
2639;J1907+1149;lfl+06;19:07:37.78;6.0e-02;lfl+06;+11:49:37.1;1.7e+00;lfl+06;*;0;*;*;0;*;45.290   ;1.832    ;
2640;J1907+1247;ht75b;19:07:10.70;2.0e-02;lcx02;+12:47:35.9;5.0e-01;lcx02;*;0;*;*;0;*;46.099   ;2.373    ;
2641;J1907-1532;bbb+12;19:07:06.78;1.0e-02;bbb+12;-15:32:14.9;8.0e-01;bbb+12;*;0;*;*;0;*;20.700   ;-10.413  ;
2642;J1907+4002;dth78;19:07:34.656;8.0e-03;hlk+04;+40:02:05.71;1.1e-01;hlk+04;11;4.0e+00;hla93;11;1.0e+00;hla93;70.948   ;14.203   ;
2643;J1907+57;mss+20;19:07;0;mss+20;+57;0;mss+20;*;0;*;*;0;*;87.484   ;20.459   ;
2644;J1908+0128;mzl+23;19:08:18.80366;1.2e-04;mzl+23;+01:28:22.714;2.0e-03;mzl+23;*;0;*;*;0;*;36.170   ;-3.080   ;
2645;J1908+0457;zcwl96;19:08:16.15;1.0e-01;zcwl96;+04:57:41;2.0e+00;zcwl96;*;0;*;*;0;*;39.267   ;-1.468   ;
2646;J1908+0500;nft95;19:08:05.162;1.0e-02;cn95;+05:00:54.45;1.6e-01;cn95;*;0;*;*;0;*;39.293   ;-1.403   ;
2647;J1908+0558;lbh+15;19:08:01.997;6.0e-03;psf+22;+05:58:33.94;1.8e-01;psf+22;*;0;*;*;0;*;40.141   ;-0.949   ;
2648;J1908+0734;nft95;19:08:17.010;3.0e-03;cn95;+07:34:14.36;1.1e-01;cn95;*;0;*;*;0;*;41.585   ;-0.270   ;
2649;J1908+0811g;hww+21;19:08:44;6.0e+00;hww+21;+08:11;2.0e+00;hww+21;*;0;*;*;0;*;42.180   ;-0.087   ;
2650;J1908+0833;lsb+17;19:08:20.960;1.6e-02;lsb+17;+08:33:31.5;5.0e-01;lsb+17;*;0;*;*;0;*;42.469   ;0.171    ;
2651;J1908+0839;mhl+02;19:08:18.51;4.0e-02;mhl+02;+08:39:59.2;1.2e+00;mhl+02;*;0;*;*;0;*;42.560   ;0.229    ;
2652;J1908+0909;mhl+02;19:08:07.437;1.3e-02;mhl+02;+09:09:12.4;5.0e-01;mhl+02;*;0;*;*;0;*;42.972   ;0.494    ;
2653;J1908+0916;ht75b;19:08:58.76;6.0e-02;gr78;+09:16:14;1.0e+00;gr78;*;0;*;*;0;*;43.173   ;0.361    ;
2654;J1908+0949g;hww+21;19:08:08;6.0e+00;hww+21;+09:49;2.0e+00;hww+21;*;0;*;*;0;*;43.562   ;0.797    ;
2655;J1908+1035g;hww+21;19:08:23;6.0e+00;hww+21;+10:35;2.0e+00;hww+21;*;0;*;*;0;*;44.271   ;1.096    ;
2656;J1908+1351;psf+22;19:08:35.31;4.0e-02;psf+22;+13:51:40;1.0e+00;psf+22;*;0;*;*;0;*;47.206   ;2.558    ;
2657;J1908+2105;cck+16;19:08:57.2940;3.0e-04;drc+21;+21:05:02.726;6.0e-03;drc+21;*;0;*;*;0;*;53.692   ;5.775    ;
2658;J1908+2351;lwf+04;19:08:31.94;7.0e-02;lwf+04;+23:51:41.9;8.0e-01;lwf+04;*;0;*;*;0;*;56.144   ;7.112    ;
2659;J1909+0007;dls73;19:09:35.257;2.0e-03;hlk+04;+00:07:57.77;1.1e-01;hlk+04;5;3.0e+00;jbv+19;-32;7.0e+00;jbv+19;35.123   ;-3.977   ;
2660;J1909+0254;dls72;19:09:38.310;2.8e-03;hlk+04;+02:54:50.67;1.1e-01;hlk+04;*;0;*;*;0;*;37.605   ;-2.713   ;
2661;J1909+0616;mhl+02;19:09:51.21;4.0e-02;mhl+02;+06:16:51.8;2.0e+00;mhl+02;*;0;*;*;0;*;40.620   ;-1.210   ;
2662;J1909+0641;dcm+09;19:09:29.052;4.0e-03;nab+13;+06:41:25.8;2.0e-01;nab+13;*;0;*;*;0;*;40.941   ;-0.940   ;
2663;J1909+0657g;hww+21;19:09:14;6.0e+00;hww+21;+06:57;2.0e+00;hww+21;*;0;*;*;0;*;41.143   ;-0.765   ;
2664;J1909+0749;nab+13;19:09:08.2;2.0e-01;nab+13;+07:49:32;5.0e+00;nab+13;*;0;*;*;0;*;41.909   ;-0.340   ;
2665;J1909+0905g;hww+21;19:09:39;6.0e+00;hww+21;+09:05;2.0e+00;hww+21;*;0;*;*;0;*;43.083   ;0.127    ;
2666;J1909+0912;mhl+02;19:09:19.91;5.0e-02;mhl+02;+09:12:53.7;1.7e+00;mhl+02;*;0;*;*;0;*;43.164   ;0.258    ;
2667;J1909+0930g;hww+21;19:09:47;6.0e+00;hww+21;+09:30;2.0e+00;hww+21;*;0;*;*;0;*;43.468   ;0.291    ;
2668;J1909+1102;dls73;19:09:48.6829;9.0e-04;lbs+20;+11:02:03.044;3.0e-03;lbs+20;-8;4.9e+00;*;5;7.5e+00;*;44.832   ;0.992    ;
2669;J1909+1132g;hww+21;19:09:37;6.0e+00;hww+21;+11:32;2.0e+00;hww+21;*;0;*;*;0;*;45.253   ;1.265    ;
2670;J1909+1148;lbh+15;19:09:31.379;3.0e-03;lsb+17;+11:48:59.86;8.0e-02;lsb+17;*;0;*;*;0;*;45.494   ;1.416    ;
2671;J1909+1205;psf+22;19:09:51.47;5.0e-02;psf+22;+12:05:47;2.0e+00;psf+22;*;0;*;*;0;*;45.780   ;1.472    ;
2672;J1909+1450;nft95;19:09:26.96;8.0e-02;cn95;+14:50:58;2.0e+00;cn95;*;0;*;*;0;*;48.181   ;2.827    ;
2673;J1909+1859;nft95;19:09:18.604;8.0e-03;cn95;+18:59:10.74;1.1e-01;cn95;*;0;*;*;0;*;51.852   ;4.749    ;
2674;J1909-3744;jbv+03;19:09:47.4322832;2.8e-07;rsc+21;-37:44:14.583740;1.1e-05;rsc+21;-9.5141;7.9e-04;*;-35.777;3.0e-03;*;359.731  ;-19.596  ;
2675;J1910-0112;lfl+06;19:10:15.7;4.0e-01;lfl+06;-01:12:06;1.4e+01;lfl+06;*;0;*;*;0;*;34.009   ;-4.736   ;
2676;J1910+0225;hfs+04;19:10:10.359;1.7e-02;hfs+04;+02:25:23.6;5.0e-01;hfs+04;*;0;*;*;0;*;37.229   ;-3.057   ;
2677;J1910-0309;mlt+78;19:10:29.692;2.0e-03;lbs+20;-03:09:54.1;1.0e-01;lbs+20;*;0;*;*;0;*;32.280   ;-5.681   ;
2678;J1910+0358;mb75;19:10:09.06;2.7e-02;hlk+04;+03:58:28.0;1.1e+00;hlk+04;*;0;*;*;0;*;38.606   ;-2.339   ;
2679;J1910+0435;psf+22;19:10:11.072;6.0e-03;psf+22;+04:35:29.5;2.0e-01;psf+22;*;0;*;*;0;*;39.158   ;-2.062   ;
2680;J1910+0517;lsf+17;19:10:37.907;1.4e-02;lsf+17;+5:17:56.1;5.0e-01;lsf+17;*;0;*;*;0;*;39.838   ;-1.835   ;
2681;J1910+0534;mhl+02;19:10:26.51;9.0e-02;mhl+02;+05:34:09;4.0e+00;mhl+02;*;0;*;*;0;*;40.056   ;-1.668   ;
2682;J1910-0556;sfj+20;19:10:16.523;7.0e-03;sfj+20;-05:56:29.9;4.0e-01;sfj+20;*;0;*;*;0;*;29.762   ;-6.885   ;
2683;J1910+0710;psf+22;19:10:13.873;1.5e-02;psf+22;+07:10:46.4;5.0e-01;psf+22;*;0;*;*;0;*;41.461   ;-0.879   ;
2684;J1910+0714;nft95;19:10:18.597;1.6e-02;cn95;+07:14:11.8;5.0e-01;cn95;*;0;*;*;0;*;41.520   ;-0.870   ;
2685;J1910+0728;hfs+04;19:10:22.079;6.0e-03;hfs+04;+07:28:37.09;1.5e-01;hfs+04;*;0;*;*;0;*;41.740   ;-0.772   ;
2686;J1910+1017;psf+22;19:10:26.124;2.0e-03;psf+22;+10:17:54.09;6.0e-02;psf+22;*;0;*;*;0;*;44.250   ;0.517    ;
2687;J1910+1026;lbh+15;19:10:48.753;9.0e-03;psf+22;+10:26:52.5;5.0e-01;psf+22;*;0;*;*;0;*;44.426   ;0.503    ;
2688;J1910+1054g;hww+21;19:10:01;6.0e+00;hww+21;+10:54;2.0e+00;hww+21;*;0;*;*;0;*;44.737   ;0.886    ;
2689;J1910+1117g;hww+21;19:10:27;6.0e+00;hww+21;+11:17;2.0e+00;hww+21;*;0;*;*;0;*;45.126   ;0.968    ;
2690;J1910+1231;ht75b;19:10:13.53;3.7e-02;hlk+04;+12:31:40.2;1.4e+00;hlk+04;*;0;*;*;0;*;46.205   ;1.591    ;
2691;J1910+1256;fsk+04;19:10:09.701495;4.1e-06;aab+21a;+12:56:25.45385;1.1e-04;aab+21a;0.26;3.1e-02;*;-7.14;5.0e-02;*;46.564   ;1.795    ;
2692;J1910+56;scb+19;19:10:42;2.4e+01;scb+19;+56:55;3.0e+00;scb+19;*;0;*;*;0;*;87.575   ;19.955   ;
2693;J1910-5959A;dlm+01;19:11:42.75562;3.0e-05;cbp+12;-59:58:26.9029;3.0e-04;cbp+12;-3.161;2.2e-02;vb21;-4.027;2.2e-02;vb21;336.525  ;-25.730  ;
2694;J1910-5959B;dpf+02;19:10:52.0556;5.0e-04;cpl+06;-59:59:00.861;6.0e-03;cpl+06;-3.161;2.2e-02;vb21;-4.027;2.2e-02;vb21;336.494  ;-25.628  ;
2695;J1910-5959C;dpf+02;19:11:05.5552;4.0e-04;cpl+06;-60:00:59.700;4.0e-03;cpl+06;-3.161;2.2e-02;vb21;-4.027;2.2e-02;vb21;336.464  ;-25.662  ;
2696;J1910-5959D;dpf+02;19:10:52.4163;5.0e-04;cpl+06;-59:59:05.479;5.0e-03;cpl+06;-3.161;2.2e-02;vb21;-4.027;2.2e-02;vb21;336.493  ;-25.629  ;
2697;J1910-5959E;dpf+02;19:10:52.1572;6.0e-04;cpl+06;-59:59:02.087;7.0e-03;cpl+06;-3.161;2.2e-02;vb21;-4.027;2.2e-02;vb21;336.494  ;-25.628  ;
2698;J1910-5959F;rgf+21;19:10:52.066;3.0e-03;rgf+21;-59:59:09.30;3.0e-02;rgf+21;-3.161;2.2e-02;vb21;-4.027;2.2e-02;vb21;336.491  ;-25.629  ;
2699;J1911+00;mll+06;19:11:48;2.9e+01;kkl+11;+00:37;7.0e+00;kkl+11;*;0;*;*;0;*;35.808   ;-4.247   ;
2700;J1911+0101A;dma+93;19:11:11.08957;4.0e-05;fhn+05;+01:02:09.741;2.0e-03;fhn+05;-1.107;2.6e-02;vb21;-3.615;2.6e-02;vb21;36.111   ;-3.918   ;
2701;J1911+0101B;fhn+05;19:11:12.5725;4.0e-04;fhn+05;+01:01:50.44;2.0e-02;fhn+05;-1.107;2.6e-02;vb21;-3.615;2.6e-02;vb21;36.109   ;-3.926   ;
2702;J1911+0751g;hww+21;19:11:43;6.0e+00;hww+21;+07:51;2.0e+00;hww+21;*;0;*;*;0;*;42.225   ;-0.896   ;
2703;J1911+0921;lbh+15;19:11:46.487;9.0e-03;psf+22;+09:21:56.8;3.0e-01;psf+22;*;0;*;*;0;*;43.576   ;-0.207   ;
2704;J1911+0925;psf+22;19:11:59.472;1.2e-02;psf+22;+09:25:32.2;6.0e-01;psf+22;*;0;*;*;0;*;43.654   ;-0.227   ;
2705;J1911+0939g;hww+21;19:11:38;6.0e+00;hww+21;+09:39;2.0e+00;hww+21;*;0;*;*;0;*;43.812   ;-0.045   ;
2706;J1911+1051;lbh+15;19:11:42.262;8.0e-03;psf+22;+10:51:26.74;1.6e-01;psf+22;*;0;*;*;0;*;44.890   ;0.499    ;
2707;J1911-1114;llb+96;19:11:49.28233;3.0e-05;dcl+16;-11:14:22.481;3.0e-03;dcl+16;-13.75;1.6e-01;dcl+16;-9.1;1.0e+00;dcl+16;25.137   ;-9.579   ;
2708;J1911+1252g;hww+21;19:11:28;6.0e+00;hww+21;+12:52;2.0e+00;hww+21;*;0;*;*;0;*;46.645   ;1.479    ;
2709;J1911+1301;psf+22;19:11:31.739;9.0e-03;psf+22;+13:01:26.6;3.0e-01;psf+22;*;0;*;*;0;*;46.792   ;1.538    ;
2710;J1911+1336;psf+22;19:11:59.541;3.0e-03;psf+22;+13:36:55.00;7.0e-02;psf+22;*;0;*;*;0;*;47.368   ;1.712    ;
2711;J1911+1347;fsk+04;19:11:55.2034741;1.4e-06;aab+21a;+13:47:34.35584;3.2e-05;aab+21a;-2.944;1.9e-02;*;-3.71;3.0e-02;*;47.518   ;1.809    ;
2712;J1911+1758;nft95;19:11:55.390;6.0e-03;cn95;+17:58:45.79;1.1e-01;cn95;*;0;*;*;0;*;51.238   ;3.738    ;
2713;J1912+0934g;hww+21;19:12:41;6.0e+00;hww+21;+09:34;2.0e+00;hww+21;*;0;*;*;0;*;43.858   ;-0.313   ;
2714;J1912-0952;mzl+23;19:12:12.2482;3.0e-04;mzl+23;-09:52:51.748;1.6e-02;mzl+23;*;0;*;*;0;*;26.415   ;-9.067   ;
2715;J1912+1036;ht75b;19:12:46.33;1.0e-02;lcx02;+10:36:41.6;3.0e-01;lcx02;*;0;*;*;0;*;44.794   ;0.152    ;
2716;J1912+1105g;hww+21;19:12:26;6.0e+00;hww+21;+11:05;2.0e+00;hww+21;*;0;*;*;0;*;45.173   ;0.444    ;
2717;J1912+1417g;hww+21;19:12:32;7.0e+00;hww+21;+14:17;2.0e+00;hww+21;*;0;*;*;0;*;48.022   ;1.904    ;
2718;J1912+2104;dls73;19:12:43.3391;1.0e-04;dgb+19;+21:04:33.926;1.0e-03;dgb+19;-11.37;6.0e-02;dgb+19;-5.8;1.0e-01;dgb+19;54.086   ;4.989    ;
2719;J1912+2525;nft95;19:12:18.626;1.0e-02;cn95;+25:25:02.12;1.1e-01;cn95;*;0;*;*;0;*;57.933   ;7.042    ;
2720;J1913-0440;lvw69b;19:13:54.1735;1.6e-03;hlk+04;-04:40:47.68;7.0e-02;hlk+04;7;1.3e+01;hla93;-5;9.0e+00;hla93;31.307   ;-7.124   ;
2721;J1913+0446;kbm+03;19:13:50.82;4.0e-02;kbm+03;+04:46:06;2.0e+00;kbm+03;*;0;*;*;0;*;39.736   ;-2.790   ;
2722;J1913+0523;psf+22;19:13:22.721;7.0e-03;psf+22;+05:23:58.8;3.0e-01;psf+22;*;0;*;*;0;*;40.243   ;-2.395   ;
2723;J1913+0618;lbh+15;19:13:17.8786;2.0e-04;pkr+19;+06:18:08.277;5.0e-03;pkr+19;-9;2.0e+00;pkr+19;*;0;*;41.034   ;-1.960   ;
2724;J1913+0657;lsb+17;19:13:32.92;4.0e-02;lsb+17;+06:57:24.3;1.0e+00;lsb+17;*;0;*;*;0;*;41.644   ;-1.712   ;
2725;J1913+0832;mhl+02;19:13:00.50;2.0e-02;mhl+02;+08:32:05.1;5.0e-01;mhl+02;*;0;*;*;0;*;42.980   ;-0.862   ;
2726;J1913+0904;lfl+06;19:13:21.061;8.0e-03;lfl+06;+09:04:45.4;4.0e-01;lfl+06;*;0;*;*;0;*;43.502   ;-0.684   ;
2727;J1913+0936;ht75b;19:13:52.70;2.0e-02;lcx02;+09:36:41.8;3.0e-01;lcx02;*;0;*;*;0;*;44.034   ;-0.553   ;
2728;J1913+1000;hfs+04;19:13:03.59;5.0e-02;hfs+04;+10:00:02.4;1.4e+00;hfs+04;*;0;*;*;0;*;44.285   ;-0.194   ;
2729;J1913+1011;mhl+02;19:13:20.341;3.0e-03;mhl+02;+10:11:22.97;7.0e-02;mhl+02;*;0;*;*;0;*;44.485   ;-0.167   ;
2730;J1913+1037g;hww+21;19:13:53;6.0e+00;hww+21;+10:37;2.0e+00;hww+21;*;0;*;*;0;*;44.925   ;-0.087   ;
2731;J1913+1050;lsb+17;19:13:35.364;9.0e-03;lsb+17;+10:50:26.6;3.0e-01;lsb+17;*;0;*;*;0;*;45.090   ;0.081    ;
2732;J1913+1054g;hww+21;19:13:07;6.0e+00;hww+21;+10:54;2.0e+00;hww+21;*;0;*;*;0;*;45.089   ;0.211    ;
2733;J1913+1102;lfa+16;19:13:29.0542;3.0e-04;lfa+16;+11:02:05.741;9.0e-03;lfa+16;*;0;*;*;0;*;45.250   ;0.194    ;
2734;J1913+11025;lbh+15;19:13:42.715;8.0e-03;psf+22;+11:02:58.8;2.0e-01;psf+22;*;0;*;*;0;*;45.289   ;0.151    ;
2735;J1913+1145;mhl+02;19:13:43.88;6.0e-02;mhl+02;+11:45:33.1;1.1e+00;mhl+02;*;0;*;*;0;*;45.920   ;0.476    ;
2736;J1913+1330;mll+06;19:13:17.97;1.0e-02;bls+18;+13:30:32.78;4.0e-02;bls+18;*;0;*;*;0;*;47.421   ;1.381    ;
2737;J1913+1400;ht74;19:13:24.3527;1.0e-04;dgb+19;+14:00:52.559;1.0e-03;dgb+19;-5.28;6.0e-02;dgb+19;-8.94;5.0e-02;dgb+19;47.881   ;1.592    ;
2738;J1913+3732;bck+13;19:13:27.887;3.0e-03;bck+13;+37:32:12.30;7.0e-02;bck+13;*;0;*;*;0;*;69.097   ;12.128   ;
2739;J1914+0219;lfl+06;19:14:23.794;8.0e-03;lfl+06;+02:19:47.8;3.0e-01;lfl+06;*;0;*;*;0;*;37.633   ;-4.037   ;
2740;J1914+0625;psf+22;19:14:08.359;3.0e-03;psf+22;+06:25:00.97;5.0e-02;psf+22;*;0;*;*;0;*;41.233   ;-2.092   ;
2741;J1914+0631;hfs+04;19:14:17.24;4.0e-02;hfs+04;+06:31:56.3;1.0e+00;hfs+04;*;0;*;*;0;*;41.352   ;-2.071   ;
2742;J1914+0659;lbh+15;19:14:17.647;2.0e-03;sab+16;+07:01:11.00;7.0e-02;sab+16;*;0;*;*;0;*;41.785   ;-1.846   ;
2743;J1914+0805;hww+21;19:14:05.508;9.0e-03;psf+22;+08:05:12.7;2.0e-01;psf+22;*;0;*;*;0;*;42.708   ;-1.307   ;
2744;J1914+0838;kbj+18;19:14:26.4506;1.4e-03;psf+22;+08:38:45.14;3.0e-02;psf+22;*;0;*;*;0;*;43.243   ;-1.124   ;
2745;J1914+1029g;hww+21;19:14:23;6.0e+00;hww+21;+10:29;2.0e+00;hww+21;*;0;*;*;0;*;44.864   ;-0.258   ;
2746;J1914+1054g;hww+21;19:14:07;6.0e+00;hww+21;+10:54;2.0e+00;hww+21;*;0;*;*;0;*;45.202   ;-0.007   ;
2747;J1914+1122;ht75b;19:14:10.12;1.0e-02;gr78;+11:22:03.7;2.0e-01;gr78;*;0;*;*;0;*;45.623   ;0.199    ;
2748;J1914+1228g;hww+21;19:14:55;7.0e+00;hww+21;+12:28;2.0e+00;hww+21;*;0;*;*;0;*;46.681   ;0.548    ;
2749;J1914+1428;psf+22;19:14:53.946;8.0e-03;psf+22;+14:28:46.2;2.0e-01;psf+22;*;0;*;*;0;*;48.461   ;1.487    ;
2750;J1915+0227;lfl+06;19:15:02.122;5.0e-03;lfl+06;+02:27:47.77;1.6e-01;lfl+06;*;0;*;*;0;*;37.825   ;-4.117   ;
2751;J1915+0639;psf+22;19:15:54.327;2.0e-03;psf+22;+06:39:46.21;4.0e-02;psf+22;*;0;*;*;0;*;41.655   ;-2.366   ;
2752;J1915+0738;nft95;19:15:24.80;2.0e-02;cn95;+07:38:31.4;8.0e-01;cn95;*;0;*;*;0;*;42.466   ;-1.803   ;
2753;J1915+0752;rtj+96;19:15:01.94;2.0e-02;clm+05;+07:52:09.2;6.0e-01;clm+05;*;0;*;*;0;*;42.623   ;-1.614   ;
2754;J1915+0832g;hww+21;19:15:06;6.0e+00;hww+21;+08:32;2.0e+00;hww+21;*;0;*;*;0;*;43.219   ;-1.321   ;
2755;J1915+0838;hfs+04;19:15:13.87;3.0e-02;hfs+04;+08:38:59.7;1.3e+00;hfs+04;*;0;*;*;0;*;43.337   ;-1.295   ;
2756;J1915+1009;ht75b;19:15:29.991;3.0e-03;jbv+19;+10:09:43.37;6.0e-02;jbv+19;6;2.0e+00;jbv+19;-17;4.0e+00;jbv+19;44.707   ;-0.651   ;
2757;J1915-11;kkl+15;19:15;2.0e+00;kkl+15;-11:30;3.6e+01;kkl+15;*;0;*;*;0;*;25.244   ;-10.394  ;
2758;J1915+1145;lbh+15;19:15:33.1231;8.0e-04;psf+22;+11:45:40.98;2.0e-02;psf+22;*;0;*;*;0;*;46.129   ;0.082    ;
2759;J1915+1150;lbh+15;19:15:16.61;6.0e-02;psf+22;+11:50:35.4;9.0e-01;psf+22;*;0;*;*;0;*;46.170   ;0.180    ;
2760;J1915+1410;lfl+06;19:15:35.416;1.2e-02;lfl+06;+14:10:51.5;3.0e-01;lfl+06;*;0;*;*;0;*;48.275   ;1.200    ;
2761;J1915+1606;ht75a;19:15:27.99942;3.0e-05;wh16;+16:06:27.3868;5.0e-04;wh16;-0.72;1.1e-01;dwnc18;-0.03;1.4e-01;dwnc18;49.968   ;2.122    ;
2762;J1915+1647;ht75b;19:15:19.10;2.4e-02;hlk+04;+16:47:08.5;5.4e-01;hlk+04;*;0;*;*;0;*;50.552   ;2.468    ;
2763;J1916+0741g;hww+21;19:16:17;6.0e+00;hww+21;+07:41;2.0e+00;hww+21;*;0;*;*;0;*;42.602   ;-1.975   ;
2764;J1916+0748;rtj+96;19:16:51.5;2.0e-01;clm+05;+07:48:00;5.0e+00;clm+05;*;0;*;*;0;*;42.772   ;-2.047   ;
2765;J1916+0748g;hww+21;19:17:00;6.0e+00;hww+21;+07:48;2.0e+00;hww+21;*;0;*;*;0;*;42.788   ;-2.078   ;
2766;J1916+0844;hfs+04;19:16:19.081;9.0e-03;hfs+04;+08:44:07.0;4.0e-01;hfs+04;*;0;*;*;0;*;43.538   ;-1.493   ;
2767;J1916+0852;hfs+04;19:16:24.6;3.0e-01;hfs+04;+08:52:36;5.0e+00;hfs+04;*;0;*;*;0;*;43.674   ;-1.448   ;
2768;J1916+0951;ht74;19:16:32.3445;1.7e-03;hlk+04;+09:51:25.98;4.3e-02;hlk+04;-9;4.1e+00;*;-2;7.1e+00;*;44.556   ;-1.019   ;
2769;J1916+1023;hfs+04;19:16:36.91;1.5e-01;hfs+04;+10:23:03;6.0e+00;hfs+04;*;0;*;*;0;*;45.031   ;-0.790   ;
2770;J1916+1030;wol91b;19:16:11.72;1.0e-02;wol91b;+10:30:53.4;6.0e-01;wol91b;*;0;*;*;0;*;45.099   ;-0.638   ;
2771;J1916+1030g;hww+21;19:16:46;6.0e+00;hww+21;+10:30;2.0e+00;hww+21;*;0;*;*;0;*;45.151   ;-0.769   ;
2772;J1916+1225;nab+13;19:16:20.045;1.0e-03;nab+13;+12:25:53.94;4.0e-02;nab+13;*;0;*;*;0;*;46.811   ;0.225    ;
2773;J1916+1312;ht74;19:16:58.67;2.0e-02;lbs+20;+13:12:50.0;4.0e-01;lbs+20;*;0;*;*;0;*;47.576   ;0.451    ;
2774;J1916-2939;acd+19;19:16:32.701;5.0e-03;acd+19;-29:39:27.8;3.0e-01;acd+19;*;0;*;*;0;*;8.245    ;-18.070  ;
2775;J1916+3224;scb+19;19:16:03.468;4.0e-03;tbc+20;+32:24:39.70;6.0e-02;tbc+20;*;0;*;*;0;*;64.627   ;9.430    ;
2776;J1917+0743g;hww+21;19:17:26;6.0e+00;hww+21;+07:43;2.0e+00;hww+21;*;0;*;*;0;*;42.765   ;-2.212   ;
2777;J1917+0834;nic99;19:17:48.853;6.0e-03;clm+05;+08:34:54.63;1.4e-01;clm+05;*;0;*;*;0;*;43.575   ;-1.892   ;
2778;J1917+1046g;hww+21;19:17:55;6.0e+00;hww+21;+10:46;2.0e+00;hww+21;*;0;*;*;0;*;45.519   ;-0.894   ;
2779;J1917+1121g;hww+21;19:17:27;6.0e+00;hww+21;+11:21;2.0e+00;hww+21;*;0;*;*;0;*;45.981   ;-0.521   ;
2780;J1917+1259g;hww+21;19:17:29;6.0e+00;hww+21;+12:59;2.0e+00;hww+21;*;0;*;*;0;*;47.430   ;0.235    ;
2781;J1917+1353;smb71;19:17:39.7864;1.0e-04;dgb+19;+13:53:57.077;1.0e-03;dgb+19;-1.28;5.0e-02;dgb+19;3.81;6.0e-02;dgb+19;48.260   ;0.624    ;
2782;J1917+1411g;hww+21;19:17:26;7.0e+00;hww+21;+14:11;2.0e+00;hww+21;*;0;*;*;0;*;48.485   ;0.806    ;
2783;J1917+17;tkt22;19:17;4.0e+00;tkt22;+17:24;1.5e+01;tkt22;*;0;*;*;0;*;51.284   ;2.397    ;
2784;J1917+1737;nab+13;19:17:23.976;5.0e-03;nab+13;+17:37:31.6;1.0e-01;nab+13;*;0;*;*;0;*;51.528   ;2.418    ;
2785;J1917+2224;sstd86;19:17:44.22;5.7e-02;hlk+04;+22:22:48.8;1.1e+00;hlk+04;*;0;*;*;0;*;55.785   ;4.553    ;
2786;J1918-0642;eb01b;19:18:48.032722;2.7e-06;abb+18;-06:42:34.90044;1.4e-04;abb+18;-7.149;1.2e-02;*;-5.97;5.0e-02;*;30.027   ;-9.123   ;
2787;J1918-1052;lbr+13;19:18:48.247;1.3e-02;lbr+13;-10:52:46.38;6.6e-01;lbr+13;*;0;*;*;0;*;26.226   ;-10.963  ;
2788;J1918+1311;lbh+15;19:18:46.220;5.0e-03;psf+22;+13:11:24.51;1.3e-01;psf+22;*;0;*;*;0;*;47.759   ;0.055    ;
2789;J1918+1340g;hww+21;19:18:54;7.0e+00;hww+21;+13:40;2.0e+00;hww+21;*;0;*;*;0;*;48.195   ;0.250    ;
2790;J1918+1444;ht74;19:18:23.638;6.1e-03;hlk+04;+14:45:06.00;1.4e-01;hlk+04;*;0;*;*;0;*;49.096   ;0.866    ;
2791;J1918+1536g;hww+21;19:18:23;7.0e+00;hww+21;+15:36;2.0e+00;hww+21;*;0;*;*;0;*;49.845   ;1.265    ;
2792;J1918+1540g;hww+21;19:18:19;7.0e+00;hww+21;+15:40;2.0e+00;hww+21;*;0;*;*;0;*;49.897   ;1.310    ;
2793;J1918+1541;nft95;19:18:07.70;6.0e-02;cn95;+15:41:15.2;7.0e-01;cn95;*;0;*;*;0;*;49.894   ;1.360    ;
2794;J1918+1547g;hww+21;19:18:34;7.0e+00;hww+21;+15:47;2.0e+00;hww+21;*;0;*;*;0;*;50.028   ;1.311    ;
2795;J1919+0021;dls72;19:19:50.6715;1.0e-04;dgb+19;+00:21:39.722;2.0e-03;dgb+19;10.11;9.0e-02;dgb+19;-4.70;9.0e-02;dgb+19;36.506   ;-6.151   ;
2796;J1919+0134;ebvb01;19:19:43.62;3.0e-02;ebvb01;+01:34:56.5;7.0e-01;ebvb01;*;0;*;*;0;*;37.582   ;-5.563   ;
2797;J1919+1314;nab+13;19:19:32.986;5.0e-03;nab+13;+13:14:37.3;1.0e-01;nab+13;*;0;*;*;0;*;47.895   ;-0.088   ;
2798;J1919+1527g;hww+21;19:19:50;7.0e+00;hww+21;+15:27;2.0e+00;hww+21;*;0;*;*;0;*;49.876   ;0.886    ;
2799;J1919+1645;lcm13;19:19:09.243;2.0e-03;lcm13;+16:45:22.72;8.0e-02;lcm13;*;0;*;*;0;*;50.954   ;1.642    ;
2800;J1919+1745;dcm+09;19:19:43.342;4.0e-03;nab+13;+17:45:03.79;8.0e-02;nab+13;*;0;*;*;0;*;51.897   ;1.987    ;
2801;J1919+23;aab+22;19:19:26;0;aab+22;+23:52:46;0;aab+22;*;0;*;*;0;*;57.300   ;4.901    ;
2802;J1919+2621;clh+20;19:19:41.013;4.0e-03;clh+20;+26:21:29.46;9.0e-02;clh+20;*;0;*;*;0;*;59.535   ;5.993    ;
2803;J1920-0950;bbb+12;19:20:55.93;3.0e-02;bsb+19;-09:50:01.0;1.8e+00;bsb+19;*;0;*;*;0;*;27.417   ;-10.977  ;
2804;J1920+1040;hfs+04;19:20:55.38;8.0e-02;hfs+04;+10:40:31;3.0e+00;hfs+04;*;0;*;*;0;*;45.784   ;-1.590   ;
2805;J1920+1110;mhl+02;19:20:13.31;6.0e-02;mhl+02;+11:10:59;3.0e+00;mhl+02;*;0;*;*;0;*;46.152   ;-1.199   ;
2806;J1920+1515g;hww+21;19:20:22;7.0e+00;hww+21;+15:15;2.0e+00;hww+21;*;0;*;*;0;*;49.760   ;0.679    ;
2807;J1920+2650;dtws85;19:20:38.374;1.6e-02;hlk+04;+26:50:38.4;2.9e-01;hlk+04;*;0;*;*;0;*;60.068   ;6.027    ;
2808;J1921+0137;san16;19:21:30.30765;5.0e-05;san16;+01:37:25.539;3.0e-03;san16;*;0;*;*;0;*;37.825   ;-5.938   ;
2809;J1921-05;mbc+19;19:21:04;2.8e+01;mbc+19;-05:23;7.0e+00;mbc+19;*;0;*;*;0;*;31.483   ;-9.033   ;
2810;J1921-0510;sfj+20;19:21:29.45;2.0e-02;sfj+20;-05:10:10.8;7.0e-01;sfj+20;*;0;*;*;0;*;31.724   ;-9.032   ;
2811;J1921+0812;lfl+06;19:21:47.704;5.0e-03;lfl+06;+08:12:51.86;1.0e-01;lfl+06;*;0;*;*;0;*;43.710   ;-2.934   ;
2812;J1921+0921;psf+22;19:21:53.487;9.0e-03;psf+22;+09:21:30.2;2.0e-01;psf+22;*;0;*;*;0;*;44.733   ;-2.418   ;
2813;J1921+1259g;hww+21;19:21:18;7.0e+00;hww+21;+12:59;2.0e+00;hww+21;*;0;*;*;0;*;47.865   ;-0.586   ;
2814;J1921+1340g;hww+21;19:21:30;7.0e+00;hww+21;+13:40;2.0e+00;hww+21;*;0;*;*;0;*;48.491   ;-0.308   ;
2815;J1921+1419;ht74;19:21:24.159;1.5e-02;hlk+04;+14:19:17.1;3.9e-01;hlk+04;*;0;*;*;0;*;49.058   ;0.021    ;
2816;J1921+1505g;hww+21;19:21:25;7.0e+00;hww+21;+15:05;2.0e+00;hww+21;*;0;*;*;0;*;49.732   ;0.377    ;
2817;J1921+1544;lcm13;19:21:46.4723;9.0e-04;lcm13;+15:44:17.46;2.0e-02;lcm13;*;0;*;*;0;*;50.350   ;0.609    ;
2818;J1921+1630;psf+22;19:21:00.142;1.8e-02;psf+22;+16:30:55.8;9.0e-01;psf+22;*;0;*;*;0;*;50.949   ;1.138    ;
2819;J1921+1929;pkr+19;19:21:23.35070;4.0e-05;pkr+19;+19:29:22.299;1.0e-03;pkr+19;-3.2;8.0e-01;pkr+19;-11;1.0e+00;pkr+19;53.619   ;2.453    ;
2820;J1921+1948;dls73;19:21:03.799;1.6e-02;hlk+04;+19:48:44.7;3.6e-01;hlk+04;*;0;*;*;0;*;53.869   ;2.672    ;
2821;J1921+2003;ht75b;19:21:51.597;8.0e-03;lcx02;+20:03:20.8;8.0e-01;lcx02;*;0;*;*;0;*;54.172   ;2.621    ;
2822;J1921+2153;hbp+68;19:21:44.815;2.0e-03;hlk+04;+21:53:02.25;4.0e-02;hlk+04;17;4.0e+00;zhw+05;32;6.0e+00;zhw+05;55.777   ;3.501    ;
2823;J1921+34;tkt22;19:21;4.0e+00;tkt22;+34:07;1.5e+01;tkt22;*;0;*;*;0;*;66.641   ;9.263    ;
2824;J1922+1131;lsb+17;19:22:50.27;3.0e-02;lsb+17;+11:31:58.5;6.0e-01;lsb+17;*;0;*;*;0;*;46.762   ;-1.601   ;
2825;J1922+1733;lcm13;19:22:53.2180;7.0e-04;lcm13;+17:33:23.47;2.0e-02;lcm13;*;0;*;*;0;*;52.080   ;1.230    ;
2826;J1922+2018;ht75b;19:22:08.00;2.9e-02;hlk+04;+20:17:57.3;5.7e-01;hlk+04;*;0;*;*;0;*;54.417   ;2.678    ;
2827;J1922+2110;dls73;19:22:53.531;5.9e-03;hlk+04;+21:10:41.97;1.4e-01;hlk+04;*;0;*;*;0;*;55.278   ;2.935    ;
2828;J1922+58;slr+14;19:22;3.0e+00;slr+14;+58:28;1.8e+01;slr+14;*;0;*;*;0;*;89.671   ;19.073   ;
2829;J1923-0408;sfj+20;19:23:10.96;3.0e-02;sfj+20;-04:08:19.4;8.0e-01;sfj+20;*;0;*;*;0;*;32.848   ;-8.944   ;
2830;J1923+1143g;hww+21;19:23:38;6.0e+00;hww+21;+11:43;2.0e+00;hww+21;*;0;*;*;0;*;47.016   ;-1.686   ;
2831;J1923+1521g;hww+21;19:23:12;7.0e+00;hww+21;+15:21;2.0e+00;hww+21;*;0;*;*;0;*;50.170   ;0.123    ;
2832;J1923+1706;ht75b;19:23:07.85;1.0e-02;lcx02;+17:06:09.4;2.0e-01;lcx02;*;0;*;*;0;*;51.707   ;0.965    ;
2833;J1923+2022g;hww+21;19:23:56;7.0e+00;hww+21;+20:22;2.0e+00;hww+21;*;0;*;*;0;*;54.676   ;2.338    ;
2834;J1923+2515;lbr+13;19:23:22.492220;3.0e-06;aab+21a;+25:15:40.58114;6.7e-05;aab+21a;-6.92;3.1e-02;*;-14.28;4.9e-02;*;58.946   ;4.749    ;
2835;J1923+4243;slr+14;19:23:15.240;6.9e-03;lsk+18;+42:43:18.64;1.4e-01;lsk+18;*;0;*;*;0;*;74.715   ;12.643   ;
2836;J1924+1343g;hww+21;19:24:20;7.0e+00;hww+21;+13:43;2.0e+00;hww+21;*;0;*;*;0;*;48.860   ;-0.891   ;
2837;J1924+1509g;hww+21;19:24:34;7.0e+00;hww+21;+15:09;2.0e+00;hww+21;*;0;*;*;0;*;50.149   ;-0.262   ;
2838;J1924+1510g;hww+21;19:24:02;7.0e+00;hww+21;+15:10;2.0e+00;hww+21;*;0;*;*;0;*;50.103   ;-0.141   ;
2839;J1924+1628;lbh+15;19:24:44.090;6.0e-03;psf+22;+16:28:37.69;1.6e-01;psf+22;*;0;*;*;0;*;51.337   ;0.331    ;
2840;J1924+1631;nab+13;19:24:54.88;3.0e-02;nab+13;+16:31:48.8;6.0e-01;nab+13;*;0;*;*;0;*;51.405   ;0.318    ;
2841;J1924+1639;lcm13;19:24:03.1115;5.0e-04;lcm13;+16:39:40.756;9.0e-03;lcm13;*;0;*;*;0;*;51.422   ;0.562    ;
2842;J1924+1713;lbh+15;19:24:32.517;1.9e-02;psf+22;+17:13:33.0;3.0e-01;psf+22;*;0;*;*;0;*;51.975   ;0.726    ;
2843;J1924+1917;psf+22;19:24:26.21;4.0e-02;psf+22;+19:17:24.4;3.0e-01;psf+22;*;0;*;*;0;*;53.782   ;1.725    ;
2844;J1924+1923g;hww+21;19:24:20;7.0e+00;hww+21;+19:23;2.0e+00;hww+21;*;0;*;*;0;*;53.853   ;1.791    ;
2845;J1924+1932g;hww+21;19:24:49;7.0e+00;hww+21;+19:32;2.0e+00;hww+21;*;0;*;*;0;*;54.039   ;1.761    ;
2846;J1924+2027g;hww+21;19:24:34;7.0e+00;hww+21;+20:27;2.0e+00;hww+21;*;0;*;*;0;*;54.819   ;2.246    ;
2847;J1924+2037g;hww+21;19:24:34;7.0e+00;hww+21;+20:37;2.0e+00;hww+21;*;0;*;*;0;*;54.966   ;2.325    ;
2848;J1924+2040;ht75b;19:24:40;1.2e+01;wbb+81;+20:40:03;3.0e+01;vms83;*;0;*;*;0;*;55.022   ;2.328    ;
2849;J1925+1532g;hww+21;19:25:00;7.0e+00;hww+21;+15:32;2.0e+00;hww+21;*;0;*;*;0;*;50.536   ;-0.173   ;
2850;J1925-16;bbj+11;19:25:06;2.9e+01;bbj+11;-16:01:00;4.2e+02;bbj+11;*;0;*;*;0;*;22.130   ;-14.537  ;
2851;J1925+1629g;hww+21;19:25:10;7.0e+00;hww+21;+16:29;2.0e+00;hww+21;*;0;*;*;0;*;51.392   ;0.243    ;
2852;J1925+1636g;hww+21;19:25:48;7.0e+00;hww+21;+16:36;2.0e+00;hww+21;*;0;*;*;0;*;51.567   ;0.164    ;
2853;J1925+1720;lbh+15;19:25:27.031;4.0e-03;lsb+17;+17:20:27.31;8.0e-02;lsb+17;*;0;*;*;0;*;52.179   ;0.590    ;
2854;J1925+19;lcm13;19:25:26;2.8e+01;lcm13;+19:04;7.0e+00;lcm13;*;0;*;*;0;*;53.697   ;1.412    ;
2855;J1926+0431;mlt+78;19:26:24.472;2.0e-03;lbs+20;+04:31:31.54;8.0e-02;lbs+20;*;0;*;*;0;*;40.980   ;-5.674   ;
2856;J1926-0652;zlh+19;19:26:37.041;6.0e-03;clh+20;-06:52:42.7;4.0e-01;clh+20;*;0;*;*;0;*;30.751   ;-10.936  ;
2857;J1926+0737;emk+10;19:26:33.740;6.0e-03;eklk13;+07:37:07.2;3.0e-01;eklk13;*;0;*;*;0;*;43.739   ;-4.256   ;
2858;J1926-1314;rsm+13;19:26:53.835;3.0e-03;rsm+13;-13:14:03.8;1.8e+00;rsm+13;*;0;*;*;0;*;24.922   ;-13.763  ;
2859;J1926+1434;ht74;19:26:57.22;2.1e-02;hlk+04;+14:34:55.3;4.6e-01;hlk+04;*;0;*;*;0;*;49.923   ;-1.039   ;
2860;J1926+1452g;hww+21;19:26:55;7.0e+00;hww+21;+14:52;2.0e+00;hww+21;*;0;*;*;0;*;50.169   ;-0.896   ;
2861;J1926+1614;lbh+15;19:26:50.202;3.0e-03;psf+22;+16:14:18.77;9.0e-02;psf+22;*;0;*;*;0;*;51.367   ;-0.226   ;
2862;J1926+1631g;hww+21;19:26:24;7.0e+00;hww+21;+16:31;2.0e+00;hww+21;*;0;*;*;0;*;51.562   ;-0.002   ;
2863;J1926+1648;ht74;19:26:45.322;2.9e-03;hlk+04;+16:48:32.78;6.8e-02;hlk+04;6;8.2e+00;*;-15;1.3e+01;*;51.859   ;0.063    ;
2864;J1926+1857g;hww+21;19:26:59;7.0e+00;hww+21;+18:57;2.0e+00;hww+21;*;0;*;*;0;*;53.768   ;1.034    ;
2865;J1926+1928;ht75b;19:26:22.82;4.0e-02;lcx02;+19:28:11.7;8.0e-01;lcx02;*;0;*;*;0;*;54.158   ;1.407    ;
2866;J1926+2016;lcm13;19:26:18.064;1.0e-03;lcm13;+20:16:01.13;3.0e-02;lcm13;*;0;*;*;0;*;54.851   ;1.802    ;
2867;J1927+0911;lfl+06;19:27:25.628;8.0e-03;lfl+06;+09:11:05.7;3.0e-01;lfl+06;*;0;*;*;0;*;45.224   ;-3.705   ;
2868;J1927+1430g;hww+21;19:27:40;7.0e+00;hww+21;+14:30;2.0e+00;hww+21;*;0;*;*;0;*;49.933   ;-1.230   ;
2869;J1927+1852;ht75b;19:27:10.422;8.0e-03;lcx02;+18:52:08.5;2.0e-01;lcx02;*;0;*;*;0;*;53.718   ;0.956    ;
2870;J1927+1856;ht75b;19:27:24.97;1.0e-02;lcx02;+18:56:36.8;2.0e-01;lcx02;*;0;*;*;0;*;53.811   ;0.941    ;
2871;J1927+2234;ht75b;19:27:08.08;1.0e-02;gr78;+22:34:57.3;2.0e-01;gr78;*;0;*;*;0;*;56.983   ;2.730    ;
2872;J1928-0108;sfj+20;19:28:18.93;2.0e-02;sfj+20;-01:08:55.7;4.0e-01;sfj+20;*;0;*;*;0;*;36.133   ;-8.726   ;
2873;J1928+1245;pkr+19;19:28:45.39360;6.0e-05;pkr+19;+12:45:53.374;3.0e-03;pkr+19;*;0;*;*;0;*;48.534   ;-2.290   ;
2874;J1928+1443;lsb+17;19:28:06.79;5.0e-02;lsb+17;+14:43:11.3;1.2e+00;lsb+17;*;0;*;*;0;*;50.178   ;-1.220   ;
2875;J1928+15;dcm+09;19:28:20;7.0e+00;dcm+09;+15:13;2.0e+00;dcm+09;*;0;*;*;0;*;50.640   ;-1.030   ;
2876;J1928+1725;psf+22;19:28:52;0;psf+22;+17:25:29;0;psf+22;*;0;*;*;0;*;52.641   ;-0.087   ;
2877;J1928+1746;cfl+06;19:28:42.553;1.0e-03;nab+13;+17:46:29.62;3.0e-02;nab+13;*;0;*;*;0;*;52.931   ;0.114    ;
2878;J1928+1809g;hww+21;19:28:06;7.0e+00;hww+21;+18:09;2.0e+00;hww+21;*;0;*;*;0;*;53.191   ;0.420    ;
2879;J1928+1816g;hww+21;19:28:10;7.0e+00;hww+21;+18:16;2.0e+00;hww+21;*;0;*;*;0;*;53.301   ;0.462    ;
2880;J1928+1839g;hww+21;19:28:38;7.0e+00;hww+21;+18:39;2.0e+00;hww+21;*;0;*;*;0;*;53.691   ;0.548    ;
2881;J1928+1852g;hww+21;19:28:05;7.0e+00;hww+21;+18:52;2.0e+00;hww+21;*;0;*;*;0;*;53.819   ;0.766    ;
2882;J1928+1902g;hww+21;19:28:05;7.0e+00;hww+21;+19:02;2.0e+00;hww+21;*;0;*;*;0;*;53.965   ;0.845    ;
2883;J1928+1915g;hww+21;19:29:00;7.0e+00;hww+21;+19:15;2.0e+00;hww+21;*;0;*;*;0;*;54.259   ;0.759    ;
2884;J1928+1923;lcm13;19:28:05.163;5.0e-03;lcm13;+19:23:31.32;8.0e-02;lcm13;*;0;*;*;0;*;54.281   ;1.016    ;
2885;J1928+28;mss+20;19:28;0.0e+00;mss+20;+28;0.0e+00;mss+20;*;0;*;*;0;*;61.860   ;5.120    ;
2886;J1929+00;cnst96;19:29:28;1.6e+01;cnst96;+00:26;5.0e+00;cnst96;*;0;*;*;0;*;37.687   ;-8.253   ;
2887;J1929+0132;mzl+23;19:29:42.52833;2.0e-05;mzl+23;+01:32:46.5630;1.3e-03;mzl+23;*;0;*;*;0;*;38.712   ;-7.792   ;
2888;J1929+1357;lsf+17;19:29:10.62;2.0e-02;lsf+17;+13:57:35.9;5.0e-01;lsf+17;*;0;*;*;0;*;49.633   ;-1.810   ;
2889;J1929+16;lcm13;19:29:18;2.8e+01;lcm13;+16:21;7.0e+00;lcm13;*;0;*;*;0;*;51.747   ;-0.692   ;
2890;J1929+1615g;hww+21;19:29:36;7.0e+00;hww+21;+16:15;2.0e+00;hww+21;*;0;*;*;0;*;51.694   ;-0.803   ;
2891;J1929+1731g;hww+21;19:29:04;7.0e+00;hww+21;+17:31;2.0e+00;hww+21;*;0;*;*;0;*;52.745   ;-0.085   ;
2892;J1929+1844;ht75b;19:29:16.78;4.0e-02;lcx02;+18:44:59.5;7.0e-01;lcx02;*;0;*;*;0;*;53.852   ;0.461    ;
2893;J1929+19;lcm13;19:29:32;7.0e+00;hww+21;+19:05;2.0e+00;hww+21;*;0;*;*;0;*;54.173   ;0.568    ;
2894;J1929+1937g;hww+21;19:29:10;7.0e+00;hww+21;+19:37;2.0e+00;hww+21;*;0;*;*;0;*;54.600   ;0.900    ;
2895;J1929+1955;lcm13;19:29:17.5713;6.0e-04;lcm13;+19:55:07.91;1.0e-02;lcm13;*;0;*;*;0;*;54.879   ;1.018    ;
2896;J1929+2121;lcm13;19:29:04.239;2.0e-03;lcm13;+21:21:22.68;3.0e-02;lcm13;*;0;*;*;0;*;56.117   ;1.751    ;
2897;J1929+3817;kmk+18;19:29:07.014;5.0e-03;kmk+18;+38:17:57.5;1.0e-01;kmk+18;*;0;*;*;0;*;71.174   ;9.689    ;
2898;J1929+62;slr+14;19:29;3.0e+00;slr+14;+62:16;1.8e+01;slr+14;*;0;*;*;0;*;93.758   ;19.635   ;
2899;J1929+66;mss+20;19:29;0.0e+00;mss+20;+66;0.0e+00;mss+20;*;0;*;*;0;*;97.485   ;20.947   ;
2900;J1930+1316;ht75b;19:30:00.947;8.0e-03;gr78;+13:16:11.1;2.0e-01;gr78;*;0;*;*;0;*;49.124   ;-2.319   ;
2901;J1930+1357g;hww+21;19:30:12;7.0e+00;hww+21;+13:57;2.0e+00;hww+21;*;0;*;*;0;*;49.744   ;-2.032   ;
2902;J1930+1403g;hww+21;19:30:18;7.0e+00;hww+21;+14:03;2.0e+00;hww+21;*;0;*;*;0;*;49.843   ;-2.006   ;
2903;J1930+1408;lbh+15;19:30:18.9526;1.8e-03;psf+22;+14:08:55.39;5.0e-02;psf+22;*;0;*;*;0;*;49.932   ;-1.962   ;
2904;J1930+1722;lcm13;19:30:30.11;2.0e-02;psf+22;+17:22:53.2;6.0e-01;psf+22;*;0;*;*;0;*;52.790   ;-0.450   ;
2905;J1930+1852;clb+02;19:30:30.13;4.0e-02;lwa+02;+18:52:14.1;6.0e-01;lwa+02;*;0;*;*;0;*;54.096   ;0.265    ;
2906;J1930-1852;srm+15;19:30:29.7156;7.0e-04;srm+15;-18:51:46.27;6.0e-02;srm+15;*;0;*;*;0;*;19.976   ;-16.873  ;
2907;J1930+2441;pkr+19;19:30:45.39844;6.0e-05;pkr+19;+24:41:01.564;1.0e-03;pkr+19;*;0;*;-10;3.0e+00;PKR+19;59.228   ;3.002    ;
2908;J1931-0144;ttk+17;19:31:32.025;9.0e-03;clh+20;-01:44:22.5;4.0e-01;clh+20;*;0;*;*;0;*;35.974   ;-9.711   ;
2909;J1931+1439;lbh+15;19:31:40.433;1.8e-02;lsb+17;+14:39:38.7;4.0e-01;lsb+17;*;0;*;*;0;*;50.539   ;-2.005   ;
2910;J1931+1536;ht74;19:31:55.71;1.0e-02;lcx02;+15:36:57.5;3.0e-01;lcx02;*;0;*;*;0;*;51.406   ;-1.599   ;
2911;J1931+1817;psf+22;19:31:52.739;4.0e-03;psf+22;+18:17:00.77;8.0e-02;psf+22;*;0;*;*;0;*;53.739   ;-0.303   ;
2912;J1931+1952;lcm13;19:31:55.864;3.0e-03;lcm13;+19:52:11.5;1.0e-01;lcm13;*;0;*;*;0;*;55.134   ;0.451    ;
2913;J1931+30;cnst96;19:31:28;1.6e+01;cnst96;+30:35;5.0e+00;cnst96;*;0;*;*;0;*;64.506   ;5.674    ;
2914;J1931+42;gac+21;19:31;7.0e+00;gac+21;+42:30;5.0e+00;gac+21;*;0;*;*;0;*;75.150   ;11.265   ;
2915;J1932+1059;lvw68;19:32:14.0570;8.0e-04;jbv+19;+10:59:33.38;2.0e-02;jbv+19;94.09;1.1e-01;ccv+04;42.99;1.6e-01;ccv+04;47.382   ;-3.885   ;
2916;J1932+1500;lsb+17;19:32:46.307;1.5e-02;lsb+17;+15:00:22.2;4.0e-01;lsb+17;*;0;*;*;0;*;50.970   ;-2.071   ;
2917;J1932+1756;lbh+15;19:32:07.2277;5.0e-04;pkr+19;+17:56:17.31;1.0e-02;pkr+19;-13;5.0e+00;pkr+19;*;0;*;53.464   ;-0.520   ;
2918;J1932+1916;pga+13;19:32:19.70;4.0e-02;pga+13;+19:16:39;1.0e+00;pga+13;*;0;*;*;0;*;54.661   ;0.083    ;
2919;J1932+2020;ht74;19:32:08.023;2.7e-03;hlk+04;+20:20:46.41;5.3e-02;hlk+04;*;0;*;*;0;*;55.575   ;0.639    ;
2920;J1932+2220;ht75b;19:32:22.74;2.9e-02;hlk+04;+22:20:51.5;5.0e-01;hlk+04;*;0;*;*;0;*;57.356   ;1.554    ;
2921;J1932-3655;lml+98;19:32:06.1280;6.0e-04;lbs+20;-36:55:01.78;3.0e-02;lbs+20;*;0;*;*;0;*;2.072    ;-23.546  ;
2922;J1933+0758;rtj+96;19:33:19.407;2.0e-03;clm+05;+07:58:07.01;7.0e-02;clm+05;*;0;*;*;0;*;44.845   ;-5.565   ;
2923;J1933+1304;ht75b;19:33:22.529;4.0e-03;lcx02;+13:04:49.97;8.0e-02;lcx02;*;0;*;*;0;*;49.351   ;-3.127   ;
2924;J1933+1726;lbh+15;19:33:22.9828;3.0e-04;sab+16;+17:26:49.606;9.0e-03;sab+16;*;0;*;*;0;*;53.179   ;-1.021   ;
2925;J1933+1923g;hww+21;19:33:58;7.0e+00;hww+21;+19:23;2.0e+00;hww+21;*;0;*;*;0;*;54.940   ;-0.204   ;
2926;J1933+2038g;hww+21;19:33:42;7.0e+00;hww+21;+20:38;2.0e+00;hww+21;*;0;*;*;0;*;56.003   ;0.456    ;
2927;J1933+2421;stwd85;19:33:37.832;1.4e-02;hlk+04;+24:36:39.6;3.2e-01;hlk+04;*;0;*;*;0;*;59.478   ;2.394    ;
2928;J1933+5335;scb+19;19:33:01.1;1.0e-01;mbc+20;+53:35:43;1.0e+00;mbc+20;*;0;*;*;0;*;85.591   ;15.765   ;
2929;J1933-6211;jbo+07;19:33:32.42668;5.0e-05;gvo+17;-62:11:46.876;1.0e-03;gvo+17;-5.54;7.0e-02;gvo+17;10.7;2.0e-01;gvo+17;334.431  ;-28.632  ;
2930;J1934+1926;lbh+15;19:34:21.651;6.0e-03;psf+22;+19:26:35.31;1.4e-01;psf+22;*;0;*;*;0;*;55.038   ;-0.256   ;
2931;J1934+2352;nab+13;19:34:46.19;2.0e-02;nab+13;+23:52:55.9;3.0e-01;nab+13;*;0;*;*;0;*;58.966   ;1.814    ;
2932;J1934+5219;slr+14;19:34:23.88;2.3e-02;lsk+18;+52:19:57.6;3.2e-01;lsk+18;*;0;*;*;0;*;84.493   ;15.046   ;
2933;J1935+1159;cha03;19:35:16.076;1.4e-02;bfrs18;+11:59:09.2;4.0e-01;bfrs18;*;0;*;*;0;*;48.613   ;-4.059   ;
2934;J1935+1616;dl70;19:35:47.8259;1.0e-04;cbv+09;+16:16:39.986;2.0e-03;cbv+09;1.13;1.3e-01;cbv+09;-16.09;1.5e-01;cbv+09;52.436   ;-2.093   ;
2935;J1935+1726;lcm13;19:35:03.948;3.0e-03;lcm13;+17:26:28.46;3.0e-02;lcm13;*;0;*;*;0;*;53.368   ;-1.374   ;
2936;J1935+1745;ht75b;19:35:29.97;1.0e-02;lcx02;+17:45:12.2;2.0e-01;lcx02;*;0;*;*;0;*;53.691   ;-1.313   ;
2937;J1935+1829;psf+22;19:35:42.91;1.0e-02;psf+22;+18:29:28.1;3.0e-01;psf+22;*;0;*;*;0;*;54.361   ;-0.999   ;
2938;J1935+2025;lcm13;19:35:41.941;3.0e-03;lcm13;+20:25:40.1;3.0e-01;lcm13;*;0;*;*;0;*;56.051   ;-0.053   ;
2939;J1935+2154;irz+14;19:34:55.68;1.7e-01;cbcp14;+21:53:48.2;2.3e+00;cbcp14;*;0;*;*;0;*;57.247   ;0.819    ;
2940;J1936+1536;ht74;19:36:01.52;2.0e-02;gr78;+15:36:36.0;2.0e-01;gr78;*;0;*;*;0;*;51.879   ;-2.465   ;
2941;J1936+18;palfa21;19:36:03;7.0e+00;hww+21;+18:05;2.0e+00;hww+21;*;0;*;*;0;*;54.043   ;-1.267   ;
2942;J1936+1952g;hww+21;19:36:00;7.0e+00;hww+21;+19:52;2.0e+00;hww+21;*;0;*;*;0;*;55.595   ;-0.388   ;
2943;J1936+2036g;hww+21;19:36:41;7.0e+00;hww+21;+20:36;2.0e+00;hww+21;*;0;*;*;0;*;56.314   ;-0.170   ;
2944;J1936+2042;lbh+15;19:36:27.42;2.0e-02;psf+22;+20:42:04.5;4.0e-01;psf+22;*;0;*;*;0;*;56.376   ;-0.074   ;
2945;J1936+21;lcm13;19:36:11;8.0e+00;hww+21;+21:09;2.0e+00;hww+21;*;0;*;*;0;*;56.737   ;0.200    ;
2946;J1936+217;hww+21;19:37:00;8.0e+00;hww+21;+21:43;2.0e+00;hww+21;*;0;*;*;0;*;57.324   ;0.311    ;
2947;J1937-00;dsm+13;19:37:09;3.0e+01;dsm+13;-00:17;8.0e+00;dsm+13;*;0;*;*;0;*;37.943   ;-10.288  ;
2948;J1937+1505;hfs+04;19:37:16.31;1.4e-01;hfs+04;+15:05:19;4.0e+00;hfs+04;*;0;*;*;0;*;51.569   ;-2.981   ;
2949;J1937+1658;pkr+19;19:37:24.90851;8.0e-05;pkr+19;+16:58:42.553;2.0e-03;pkr+19;-1.8;7.0e-01;pkr+19;-5;1.0e+00;pkr+19;53.237   ;-2.090   ;
2950;J1937+2544;dtws85;19:37:01.2544;1.0e-04;dgb+19;+25:44:13.436;1.0e-03;dgb+19;-10.04;4.0e-02;dgb+19;-13.06;4.0e-02;dgb+19;60.836   ;2.270    ;
2951;J1937+2950;jsb+09;19:37:47.603;1.4e-02;jsb+09;+29:50:01.8;2.0e-01;jsb+09;*;0;*;*;0;*;64.504   ;4.115    ;
2952;J1938+0650;fcwa95;19:37:53.46;4.0e-02;lwf+04;+06:50:06.0;2.0e-01;lwf+04;*;0;*;*;0;*;44.386   ;-7.101   ;
2953;J1938+14;dsm+16;19:38:07;7.0e+00;hww+21;+15:06;2.0e+00;hww+21;*;0;*;*;0;*;51.678   ;-3.154   ;
2954;J1938+2010;nab+13;19:38:08.34;2.0e-02;nab+13;+20:10:51.7;4.0e-01;nab+13;*;0;*;*;0;*;56.115   ;-0.672   ;
2955;J1938+2012;lbh+15;19:38:40.0803;1.0e-04;sab+16;+20:12:50.827;3.0e-03;sab+16;*;0;*;*;0;*;56.205   ;-0.764   ;
2956;J1938+2213;cha03;19:38:14.180;3.0e-03;lcm13;+22:13:12.68;4.0e-02;lcm13;*;0;*;*;0;*;57.903   ;0.308    ;
2957;J1938+2659;psf+22;19:38:39.175;6.0e-03;psf+22;+26:59:14.96;1.4e-01;psf+22;*;0;*;*;0;*;62.107   ;2.562    ;
2958;J1938+6604;slr+14;19:38:56.92152;1.2e-04;lsk+18;+66:04:31.7077;6.2e-04;lsk+18;*;0;*;*;0;*;97.946   ;20.030   ;
2959;J1939+10;cnst96;19:39:11;2.0e+01;cnst96;+10:45;5.0e+00;cnst96;*;0;*;*;0;*;47.993   ;-5.497   ;
2960;J1939+2134;bkh+82;19:39:38.5611889;6.0e-07;rsc+21;+21:34:59.119343;1.4e-05;rsc+21;0.072;2.1e-03;*;-0.407;3.0e-03;*;57.509   ;-0.290   ;
2961;J1939+2352g;hww+21;19:39:49;7.0e+00;hww+21;+23:52;2.0e+00;hww+21;*;0;*;*;0;*;59.516   ;0.800    ;
2962;J1939+2449;sstd86;19:39:05.596;1.3e-02;hlk+04;+24:42:55.6;2.5e-01;hlk+04;*;0;*;*;0;*;60.174   ;1.361    ;
2963;J1939+2609;psf+22;19:39:42.3413;1.4e-03;psf+22;+26:09:36.39;4.0e-02;psf+22;*;0;*;*;0;*;61.501   ;1.951    ;
2964;J1940+0239;mbc+19;19:40:33;0;mbc+19;+02:36:41;0;mbc+19;*;0;*;*;0;*;40.945   ;-9.688   ;
2965;J1940-0902;sfj+20;19:40:54.530;8.0e-03;sfj+20;-09:02:18.0;7.0e-01;sfj+20;*;0;*;*;0;*;30.358   ;-15.063  ;
2966;J1940+2245;lbh+15;19:40:27.644;1.0e-02;lsb+17;+22:45:46.62;2.0e-01;lsb+17;*;0;*;*;0;*;58.629   ;0.127    ;
2967;J1940+2337;nab+13;19:40:35.486;7.0e-03;nab+13;+23:37:46.5;2.0e-01;nab+13;*;0;*;*;0;*;59.397   ;0.529    ;
2968;J1940-24;mss+20;19:40;0;mss+20;-24;0;mss+20;*;0;*;*;0;*;15.854   ;-20.883  ;
2969;J1940-2403;lml+98;19:40:30;2.0e+01;dsb+98;-24:03;3.0e+00;dsb+98;*;0;*;*;0;*;15.848   ;-21.007  ;
2970;J1940+26;palfa21;19:40:13;8.0e+00;hww+21;+26:01;2.0e+00;hww+21;*;0;*;*;0;*;61.432   ;1.780    ;
2971;J1941+0121;blr+13;19:41:16.039;1.6e-02;blr+13;+01:21:39.5;5.0e-01;blr+13;*;0;*;*;0;*;39.909   ;-10.434  ;
2972;J1941-0746;mss+20;19:41:05;0.0e+00;mss+20;-07:46:19;0.0e+00;mss+20;*;0;*;*;0;*;31.556   ;-14.548  ;
2973;J1941+1026;nft95;19:41:32.334;8.0e-03;cn95;+10:26:25.6;3.0e-01;cn95;*;0;*;*;0;*;48.004   ;-6.153   ;
2974;J1941+1341;lfl+06;19:41:04.867;1.8e-02;lfl+06;+13:41:30.4;6.0e-01;lfl+06;*;0;*;*;0;*;50.799   ;-4.468   ;
2975;J1941+2525;nab+13;19:41:20.80;1.0e-02;nab+13;+25:25:05.3;2.0e-01;nab+13;*;0;*;*;0;*;61.037   ;1.263    ;
2976;J1941-2602;mlt+78;19:41:00.4070;1.8e-03;hlk+04;-26:02:05.75;1.2e-01;hlk+04;12;2.0e+00;bfg+03;-10;4.0e+00;bfg+03;13.901   ;-21.824  ;
2977;J1941+4320;slr+14;19:41:58.915;4.3e-03;lsk+18;+43:20:06.32;3.2e-02;lsk+18;*;0;*;*;0;*;76.846   ;9.864    ;
2978;J1942+0147;dsm+16;19:42:27;0;mbc+19;+01:50:11;0;mbc+19;*;0;*;*;0;*;40.477   ;-10.472  ;
2979;J1942+1743;ht75b;19:42:01.03;2.0e-02;lcx02;+17:43:28.3;4.0e-01;lcx02;*;0;*;*;0;*;54.427   ;-2.680   ;
2980;J1942-2019;sfj+20;19:42:50.34;8.0e-02;sfj+20;-20:19:23;7.0e+00;sfj+20;*;0;*;*;0;*;19.758   ;-20.120  ;
2981;J1942+3941;ccl+21;19:42:22.05;3.0e-02;ccl+21;+39:41:41.4;7.0e-01;ccl+21;*;0;*;*;0;*;73.641   ;8.066    ;
2982;J1942+8106;slr+14;19:42:54.68;1.9e-02;lsk+18;+81:06:17.33;4.2e-02;lsk+18;*;0;*;*;0;*;113.371  ;24.825   ;
2983;J1943+0609;ebvb01;19:43:29.132;5.0e-03;ebvb01;+06:09:57.6;1.0e-01;ebvb01;*;0;*;*;0;*;44.465   ;-8.641   ;
2984;J1943-1237;mlt+78;19:43:25.481;7.6e-03;hlk+04;-12:37:42.4;5.0e-01;hlk+04;*;0;*;*;0;*;27.255   ;-17.158  ;
2985;J1943+2210;skl+15;19:43:16.4910;1.0e-04;skl+15;+22:10:23.151;2.0e-03;skl+15;*;0;*;*;0;*;58.439   ;-0.730   ;
2986;J1943+5815;dcm+23;19:43:23.175;2.0e-03;dcm+23;+58:15:53.08;2.0e-02;dcm+23;*;0;*;*;0;*;90.634   ;16.416   ;
2987;J1944+0907;clm+05;19:44:09.329978;6.7e-06;aab+21a;+09:07:23.02872;1.8e-04;aab+21a;14.01;3.2e-02;*;-22.59;5.9e-02;*;47.160   ;-7.357   ;
2988;J1944-10;kkl+15;19:44;2.0e+00;kkl+15;-10:17;3.6e+01;kkl+15;*;0;*;*;0;*;29.535   ;-16.289  ;
2989;J1944-1750;mlt+78;19:44:05.23;5.1e-02;hlk+04;-17:50:11;3.9e+00;hlk+04;*;0;*;*;0;*;22.314   ;-19.426  ;
2990;J1944+1755;ht75b;19:44:31.80;4.0e-02;lcx02;+17:55:42.4;7.0e-01;lcx02;*;0;*;*;0;*;54.902   ;-3.098   ;
2991;J1944+2236;csl+12;19:44:01.0707;1.1e-03;csl+12;+22:36:22.62;2.0e-02;csl+12;*;0;*;*;0;*;58.900   ;-0.663   ;
2992;J1945-0040;mlt+78;19:45:28.39;2.2e-02;hlk+04;-00:40:58.1;1.1e+00;hlk+04;*;0;*;*;0;*;38.565   ;-12.317  ;
2993;J1945+07;dsm+13;19:45:55;3.0e+01;dsm+13;+07:17;8.0e+00;dsm+13;*;0;*;*;0;*;45.750   ;-8.631   ;
2994;J1945+1211;clh+20;19:45:11.56;3.0e-02;clh+20;+12:11:46.2;7.0e-01;clh+20;*;0;*;*;0;*;49.984   ;-6.075   ;
2995;J1945+1834;ht75b;19:45:36.10;2.0e-02;lcx02;+18:34:20.1;4.0e-01;lcx02;*;0;*;*;0;*;55.588   ;-2.998   ;
2996;J1946-09;mss+20;19:46;0.0e+00;mss+20;-09;0.0e+00;mss+20;*;0;*;*;0;*;30.962   ;-16.179  ;
2997;J1946-1312;jbo+09;19:46:57.829;1.0e-02;jbo+09;-13:12:36.4;6.0e-01;jbo+09;*;0;*;*;0;*;27.079   ;-18.184  ;
2998;J1946+14;dsm+16;19:46:52;1.2e+02;dsm+16;+14:42;8.0e+00;dsm+16;*;0;*;*;0;*;52.373   ;-5.191   ;
2999;J1946+1805;vl70;19:46:53.044;6.0e-03;hlk+04;+18:05:41.24;1.1e-01;hlk+04;1;5.0e+00;las82;-9;4.0e+00;las82;55.326   ;-3.500   ;
3000;J1946+2052;sfc+18;19:46:14.130;6.0e-03;sfc+18;+20:52:24.64;9.0e-02;sfc+18;*;0;*;*;0;*;57.657   ;-1.975   ;
3001;J1946+2244;ht75b;19:46:24.89;3.0e-02;gr78;+22:44:59.4;6.0e-01;gr78;*;0;*;*;0;*;59.301   ;-1.070   ;
3002;J1946+24;dcm+09;19:46:00;7.0e+00;dcm+09;+23:58;2.0e+00;dcm+09;*;0;*;*;0;*;60.306   ;-0.376   ;
3003;J1946+2535;nab+13;19:46:49.10;5.0e-02;nab+13;+25:35:51.5;9.0e-01;nab+13;*;0;*;*;0;*;61.809   ;0.283    ;
3004;J1946+2611;nft95;19:46:45.81;8.0e-02;cn95;+26:11:49.2;9.0e-01;cn95;*;0;*;*;0;*;62.321   ;0.595    ;
3005;J1946-2913;mlt+78;19:46:51.734;8.0e-03;hlk+04;-29:13:47.1;5.0e-01;hlk+04;19;9.0e+00;bfg+03;-33;2.0e+01;bfg+03;11.108   ;-24.121  ;
3006;J1946+3417;bck+13;19:46:25.129895;7.4e-06;aab+21a;+34:17:14.69010;1.4e-04;aab+21a;-7.68;1.2e-01;*;4.58;1.6e-01;*;69.294   ;4.713    ;
3007;J1946-5403;ckr+15;19:46:34.497;3.0e-03;aab+22;-54:03:42.51;4.0e-02;aab+22;*;0;*;*;0;*;343.885  ;-29.580  ;
3008;J1947+0915;ebvb01;19:47:46.22;5.0e-02;ebvb01;+09:15:08.0;8.0e-01;ebvb01;*;0;*;*;0;*;47.713   ;-8.073   ;
3009;J1947+10;cnst96;19:47:36;1.6e+01;cnst96;+10:44;5.0e+00;cnst96;*;0;*;*;0;*;48.995   ;-7.309   ;
3010;J1947-18;mbc+19;19:47:31;0;mbc+19;-18:58:12;0;mbc+19;*;0;*;*;0;*;21.541   ;-20.617  ;
3011;J1947+1957;nab+13;19:47:19.435;4.0e-03;nab+13;+19:57:08.39;9.0e-02;nab+13;*;0;*;*;0;*;56.987   ;-2.658   ;
3012;J1947+2011g;hww+21;19:47:47;7.0e+00;hww+21;+20:11;2.0e+00;hww+21;*;0;*;*;0;*;57.242   ;-2.635   ;
3013;J1947-4215;lml+98;19:47:06;2.5e+01;dsb+98;-42:15;3.0e+00;dsb+98;*;0;*;*;0;*;357.183  ;-27.712  ;
3014;J1947-43;bcm+16;19:47;4.0e+00;bcm+16;-43:00;4.0e+01;bcm+16;*;0;*;*;0;*;356.350  ;-27.855  ;
3015;J1948+1808;psf+22;19:48:22.129;4.0e-03;psf+22;+18:08:30.15;8.0e-02;psf+22;*;0;*;*;0;*;55.544   ;-3.782   ;
3016;J1948+2333;lsb+17;19:48:19.317;3.0e-03;lsb+17;+23:33:03.23;5.0e-02;lsb+17;*;0;*;*;0;*;60.214   ;-1.045   ;
3017;J1948+2551;nab+13;19:48:17.579;1.0e-03;nab+13;+25:51:51.95;2.0e-02;nab+13;*;0;*;*;0;*;62.207   ;0.131    ;
3018;J1948-27;mss+20;19:48;0.0e+00;mss+20;-27;0.0e+00;mss+20;*;0;*;*;0;*;13.501   ;-23.624  ;
3019;J1948+2819;psf+22;19:48:38.39;1.0e-02;psf+22;+28:19:20.06;1.9e-01;psf+22;*;0;*;*;0;*;64.366   ;1.307    ;
3020;J1948+3540;dl70;19:48:25.0067;1.0e-03;hlk+04;+35:40:11.057;1.5e-02;hlk+04;-12.6;6.0e-01;bfg+03;0.7;6.0e-01;bfg+03;70.702   ;5.047    ;
3021;J1949+2306;nab+13;19:49:07.32;1.0e-02;nab+13;+23:06:55.5;2.0e-01;nab+13;*;0;*;*;0;*;59.931   ;-1.423   ;
3022;J1949+2516g;hww+21;19:49:37;8.0e+00;hww+21;+25:16;2.0e+00;hww+21;*;0;*;*;0;*;61.843   ;-0.429   ;
3023;J1949-2524;mlt+78;19:49:25.41;3.1e-02;hlk+04;-25:24:01;2.1e+00;hlk+04;*;0;*;*;0;*;15.260   ;-23.380  ;
3024;J1949+3106;dfc+12;19:49:29.6374604;3.7e-06;zfk+19;+31:06:03.80604;6.0e-05;zfk+19;-2.894;3.1e-02;zfk+19;-5.093;4.5e-02;zfk+19;66.858   ;2.554    ;
3025;J1949+3426;acd+19;19:49:13.671;6.0e-03;acd+19;+34:26:33.89;8.0e-02;acd+19;*;0;*;*;0;*;69.720   ;4.288    ;
3026;J1950+05;cnst96;19:50:58;1.6e+01;cnst96;+05:35;5.0e+00;cnst96;*;0;*;*;0;*;44.857   ;-10.552  ;
3027;J1950+2352g;hww+21;19:50:56;7.0e+00;hww+21;+23:52;2.0e+00;hww+21;*;0;*;*;0;*;60.790   ;-1.399   ;
3028;J1950+2414;kls+15;19:50:45.063661;2.4e-05;zfk+19;+24:14:56.9639;4.0e-04;zfk+19;-2.12;1.8e-01;zfk+19;-3.64;1.9e-01;zfk+19;61.098   ;-1.169   ;
3029;J1950+2556g;hww+21;19:50:04;7.0e+00;hww+21;+25:56;2.0e+00;hww+21;*;0;*;*;0;*;62.468   ;-0.178   ;
3030;J1950+3001;psf+22;19:50:53.68;2.0e-02;psf+22;+30:01:42.7;3.0e-01;psf+22;*;0;*;*;0;*;66.087   ;1.749    ;
3031;J1951+1123;nft95;19:51:08.25;2.0e-02;cn95;+11:23:25.2;7.0e-01;cn95;*;0;*;*;0;*;50.003   ;-7.738   ;
3032;J1951+4724;ccl+21;19:51:07.45;3.0e-02;ccl+21;+47:24:35.1;2.0e-01;ccl+21;*;0;*;*;0;*;81.260   ;10.405   ;
3033;J1952+1410;sstd86;19:52:06.15;2.6e-02;hlk+04;+14:07:29.4;6.0e-01;hlk+04;*;0;*;*;0;*;52.509   ;-6.576   ;
3034;J1952+2513;psf+22;19:52:20.738;1.5e-02;psf+22;+25:13:44.1;7.0e-01;psf+22;*;0;*;*;0;*;62.125   ;-0.980   ;
3035;J1952+2630;kla+11;19:52:36.840234;6.0e-06;gfb+22;+26:30:28.0843;1.1e-03;gfb+22;-2.57;1.7e-01;gfb+22;-5.38;2.8e-01;gfb+22;63.254   ;-0.376   ;
3036;J1952+2702g;hww+21;19:52:18;6.0e+00;hww+21;+27:02;2.0e+00;hww+21;*;0;*;*;0;*;63.669   ;-0.046   ;
3037;J1952+2836g;hww+21;19:52:48;8.0e+00;hww+21;+28:36;2.0e+00;hww+21;*;0;*;*;0;*;65.071   ;0.662    ;
3038;J1952+3021;pab+18;19:52:19.696;1.1e-02;psf+22;+30:21:20.0;4.0e-01;psf+22;*;0;*;*;0;*;66.526   ;1.650    ;
3039;J1952+3252;kcb+88;19:52:58.206;1.0e-03;zbcg08;+32:52:40.51;1.0e-02;zbcg08;-28.8;9.0e-01;zbcg08;-14.7;9.0e-01;zbcg08;68.765   ;2.823    ;
3040;J1953+1149;nft95;19:53:47.47;3.0e-02;cn95;+11:49:42.6;5.0e-01;cn95;*;0;*;*;0;*;50.714   ;-8.083   ;
3041;J1953+1844g;hww+21;19:53:44;7.0e+00;hww+21;+18:44;2.0e+00;hww+21;*;0;*;*;0;*;56.701   ;-4.579   ;
3042;J1953+1846A;hrs+07;19:53:46.5;0.0e+00;har10a;+18:46:45;0.0e+00;har10a;-3.416;2.5e-02;vb21;-2.656;2.4e-02;vb21;56.746   ;-4.564   ;
3043;J1953+1846B;pqm+21;19:53:46.5;0.0e+00;har10a;+18:46:45;0.0e+00;har10a;-3.416;2.5e-02;vb21;-2.656;2.4e-02;vb21;56.746   ;-4.564   ;
3044;J1953+1846C;pqm+21;19:53:46.5;0.0e+00;har10a;+18:46:45;0.0e+00;har10a;-3.416;2.5e-02;vb21;-2.656;2.4e-02;vb21;56.746   ;-4.564   ;
3045;J1953+1846D;pqm+21;19:53:46.5;0.0e+00;har10a;+18:46:45;0.0e+00;har10a;-3.416;2.5e-02;vb21;-2.656;2.4e-02;vb21;56.746   ;-4.564   ;
3046;J1953+2732;nab+13;19:53:07.80;2.0e-02;nab+13;+27:32:48.2;4.0e-01;nab+13;*;0;*;*;0;*;64.205   ;0.059    ;
3047;J1953+2819;psf+22;19:53:35.238;1.1e-02;psf+22;+28:19:39.52;1.9e-01;psf+22;*;0;*;*;0;*;64.926   ;0.374    ;
3048;J1953+30;ttk+17;19:53:48;1.2e+01;scb+19;+30:13;3.0e+00;scb+19;*;0;*;*;0;*;66.570   ;1.306    ;
3049;J1954+1021;kmk+18;19:54:36.80;1.0e-02;kmk+18;+10:21:10.5;9.0e-01;kmk+18;*;0;*;*;0;*;49.523   ;-8.995   ;
3050;J1954+2407;lsb+17;19:54:00.374;3.0e-03;lsb+17;+24:07:14.00;4.0e-02;lsb+17;*;0;*;*;0;*;61.367   ;-1.872   ;
3051;J1954+2529;psf+22;19:54:19.716;3.0e-03;psf+22;+25:29:27.34;7.0e-02;psf+22;*;0;*;*;0;*;62.580   ;-1.229   ;
3052;J1954+2836;sdz+10;19:54:19.15;4.0e-02;sdz+10;+28:36:06;1.0e+00;sdz+10;*;0;*;*;0;*;65.244   ;0.377    ;
3053;J1954+2923;dlp70;19:54:22.554;2.0e-03;hlk+04;+29:23:17.29;4.0e-02;hlk+04;25;1.7e+01;las82;-36;1.0e+01;las82;65.924   ;0.772    ;
3054;J1954+3852;kmk+18;19:54:01.083;4.0e-03;kmk+18;+38:52:15.88;5.0e-02;kmk+18;*;0;*;*;0;*;74.043   ;5.699    ;
3055;J1954+4357;slr+14;19:54:38.449;6.2e-03;lsk+18;+43:57:37.37;7.1e-02;lsk+18;*;0;*;*;0;*;78.527   ;8.169    ;
3056;J1955-0907;mss+20;19:55:57;0.0e+00;mss+20;-09:07:14;0.0e+00;mss+20;*;0;*;*;0;*;31.965   ;-18.444  ;
3057;J1955+2527;dfc+12;19:55:59.39523;7.0e-05;dfc+12;+25:27:03.443;2.0e-03;dfc+12;-1.9;6.0e-01;dfc+12;-2.4;8.0e-01;dfc+12;62.740   ;-1.571   ;
3058;J1955+2908;bbf83;19:55:27.875263;7.3e-06;aab+21a;+29:08:43.43329;1.1e-04;aab+21a;-0.98;5.1e-02;*;-4.05;5.9e-02;*;65.839   ;0.443    ;
3059;J1955+2912g;hww+21;19:55:23;8.0e+00;hww+21;+29:12;2.0e+00;hww+21;*;0;*;*;0;*;65.877   ;0.487    ;
3060;J1955+2930;psf+22;19:55:07.527;9.0e-03;psf+22;+29:30:49.80;1.6e-01;psf+22;*;0;*;*;0;*;66.116   ;0.697    ;
3061;J1955+5059;dth78;19:55:18.7637;1.3e-03;hlk+04;+50:59:55.292;1.3e-02;hlk+04;-23;5.0e+00;hla93;54;5.0e+00;hla93;84.793   ;11.553   ;
3062;J1955+6708;slr+14;19:55:38.76695;1.2e-04;lsk+18;+67:08:15.1306;7.0e-04;lsk+18;-3;1.0e+00;lsk+18;10;2.0e+00;lsk+18;99.682   ;18.938   ;
3063;J1956+07;dsm+16;19:56:35;1.2e+02;dsm+16;+07:16;8.0e+00;dsm+16;*;0;*;*;0;*;47.046   ;-10.947  ;
3064;J1956+0838;ebvb01;19:56:52.26;2.0e-02;ebvb01;+08:38:16.8;4.0e-01;ebvb01;*;0;*;*;0;*;48.295   ;-10.331  ;
3065;J1956-2752;kkl+15;19:56:28;0.0e+00;mss+20;-27:52:56;0.0e+00;mss+20;*;0;*;*;0;*;13.259   ;-25.688  ;
3066;J1956+2826g;hww+21;19:56:47;8.0e+00;hww+21;+28:26;2.0e+00;hww+21;*;0;*;*;0;*;65.381   ;-0.173   ;
3067;J1957-0002;scb+19;19:57:42.620;7.0e-03;tbc+20;-00:02:06.8;2.0e-01;tbc+20;*;0;*;*;0;*;40.625   ;-14.718  ;
3068;J1957+2516;lbh+15;19:57:34.6115;3.0e-04;sab+16;+25:16:02.076;3.0e-03;sab+16;*;0;*;*;0;*;62.769   ;-1.973   ;
3069;J1957+2831;llc98;19:57:19.397;7.7e-03;hlk+04;+28:31:43.84;1.4e-01;hlk+04;*;0;*;*;0;*;65.524   ;-0.225   ;
3070;J1957+5033;sdz+10;19:57:38.9;8.0e-01;sdz+10;+50:33:18;9.0e+00;sdz+10;*;0;*;*;0;*;84.584   ;11.013   ;
3071;J1958+2846;aaa+09c;19:58:40.07;3.0e-02;rkp+11;+28:45:54;1.0e+00;rkp+11;*;0;*;*;0;*;65.879   ;-0.353   ;
3072;J1958+3033;pab+18;19:58:06.82;1.0e-02;psf+22;+30:33:52.7;2.0e-01;psf+22;*;0;*;*;0;*;67.350   ;0.691    ;
3073;J1958+56;scb+19;19:58:00;2.4e+01;scb+19;+56:49;3.0e+00;scb+19;*;0;*;*;0;*;90.216   ;14.012   ;
3074;J1959+2048;fst88;19:59:36.76988;5.0e-05;aft94;+20:48:15.1222;6.0e-04;aft94;-16.0;5.0e-01;aft94;-25.8;6.0e-01;aft94;59.197   ;-4.697   ;
3075;J1959+3620;bck+13;19:59:38.03;2.0e-02;bck+13;+36:20:29.1;3.0e-01;bck+13;*;0;*;*;0;*;72.444   ;3.442    ;
3076;J2000+2920;pab+18;20:00:16.508;6.0e-03;psf+22;+29:20:07.47;1.2e-01;psf+22;*;0;*;*;0;*;66.549   ;-0.353   ;
3077;J2001-0349;sfj+20;20:01:53.31;3.0e-02;sfj+20;-03:49:43.5;1.5e+00;sfj+20;*;0;*;*;0;*;37.635   ;-17.406  ;
3078;J2001+0701;mzl+23;20:01:50.95896;3.0e-05;mzl+23;+07:01:39.6450;1.3e-03;mzl+23;*;0;*;*;0;*;47.494   ;-12.201  ;
3079;J2001+4258;slr+14;20:01:10.590;4.0e-03;lsk+18;+42:58:06.26;6.7e-02;lsk+18;*;0;*;*;0;*;78.277   ;6.643    ;
3080;J2002+1637;nft95;20:02:47.77;7.0e-02;cn95;+16:37:16.7;1.1e+00;cn95;*;0;*;*;0;*;55.998   ;-7.517   ;
3081;J2002+30;cnst96;20:02:58;1.6e+01;cnst96;+30:35;5.0e+00;cnst96;*;0;*;*;0;*;67.917   ;-0.187   ;
3082;J2002+3217;cl86;20:02:04.424;9.2e-03;hlk+04;+32:17:18.31;1.4e-01;hlk+04;*;0;*;*;0;*;69.261   ;0.879    ;
3083;J2002+4050;stwd85;20:02:44.030;2.9e-03;hlk+04;+40:50:53.91;3.3e-02;hlk+04;-11;7.0e+00;*;-8;7.0e+00;*;76.611   ;5.288    ;
3084;J2003+2916;psf+22;20:03:03.194;6.0e-03;psf+22;+29:16:00.96;1.1e-01;psf+22;*;0;*;*;0;*;66.812   ;-0.903   ;
3085;J2004+2653;lsb+17;20:04:59.02;4.0e-02;lsb+17;+26:53:40.4;6.0e-01;lsb+17;*;0;*;*;0;*;65.030   ;-2.527   ;
3086;J2004+3137;dlp70;20:04:52.286;2.8e-03;hlk+04;+31:37:10.01;4.6e-02;hlk+04;-1.5;8.4e+00;*;-11;1.1e+01;*;69.011   ;0.021    ;
3087;J2004+3429;bck+13;20:04:46.97;3.0e-02;bck+13;+34:29:17.7;5.0e-01;bck+13;*;0;*;*;0;*;71.425   ;1.571    ;
3088;J2005-0020;mld+96;20:05:43.74;3.7e-02;hlk+04;-00:20:21.9;1.4e+00;hlk+04;*;0;*;*;0;*;41.331   ;-16.629  ;
3089;J2005+3411g;hww+21;20:05:45;8.0e+00;hww+21;+34:11;2.0e+00;hww+21;*;0;*;*;0;*;71.274   ;1.239    ;
3090;J2005+3547;nab+13;20:05:17.493;9.0e-03;nab+13;+35:47:25.4;1.0e-01;nab+13;*;0;*;*;0;*;72.581   ;2.180    ;
3091;J2005+3552;bck+13;20:05:47.50;6.0e-02;bck+13;+35:52:24.3;1.0e-01;bck+13;*;0;*;*;0;*;72.706   ;2.139    ;
3092;J2006+0148;drc+21;20:06:29.0529;2.0e-04;drc+21;+01:48:53.919;7.0e-03;drc+21;*;0;*;*;0;*;43.395   ;-15.763  ;
3093;J2006-0807;mlt+78;20:06:16.3650;1.0e-04;dgb+19;-08:07:02.167;3.0e-03;dgb+19;-6.19;5.0e-02;dgb+19;-10.59;1.5e-01;dgb+19;34.101   ;-20.304  ;
3094;J2006+22;scb+19;20:06:36;1.2e+01;scb+19;+22:04;3.0e+00;scb+19;*;0;*;*;0;*;61.134   ;-5.415   ;
3095;J2006+3102;nab+13;20:06:11.0;3.0e-01;nab+13;+31:02:03;4.0e+00;nab+13;*;0;*;*;0;*;68.667   ;-0.530   ;
3096;J2006+4058;ccl+21;20:06:39.098;3.0e-03;ccl+21;+40:58:53.48;3.0e-02;ccl+21;*;0;*;*;0;*;77.118   ;4.731    ;
3097;J2007+0809;ebvb01;20:07:13.5;1.0e-01;ebvb01;+08:09:33;2.0e+00;ebvb01;*;0;*;*;0;*;49.180   ;-12.787  ;
3098;J2007+0910;clm+05;20:07:58.1031;1.2e-03;clm+05;+09:10:12.93;6.0e-02;clm+05;*;0;*;*;0;*;50.169   ;-12.433  ;
3099;J2007+20;kkl+15;20:07;2.0e+00;kkl+15;+20:21;3.6e+01;kkl+15;*;0;*;*;0;*;59.722   ;-6.407   ;
3100;J2007+2722;kac+10;20:07:15.8288;4.0e-04;akc+13;+27:22:47.914;6.0e-03;akc+13;*;0;*;*;0;*;65.713   ;-2.695   ;
3101;J2007+3120;nab+13;20:07:09.012;6.0e-03;nab+13;+31:20:51.54;9.0e-02;nab+13;*;0;*;*;0;*;69.042   ;-0.535   ;
3102;J2008+2513;nft95;20:08:35.482;1.1e-02;cn95;+25:13:30.36;1.6e-01;cn95;*;0;*;*;0;*;64.055   ;-4.107   ;
3103;J2008+27;tkt22;20:08;4.0e+00;tkt22;+27:55;1.5e+01;tkt22;*;0;*;*;0;*;66.253   ;-2.543   ;
3104;J2008+2755g;hww+21;20:08:17;7.0e+00;hww+21;+27:55;2.0e+00;hww+21;*;0;*;*;0;*;66.287   ;-2.596   ;
3105;J2008+3139;psf+22;20:08:39.9874;1.3e-03;psf+22;+31:39:27.36;2.0e-02;psf+22;*;0;*;*;0;*;69.478   ;-0.639   ;
3106;J2008+3758;dcm+23;20:07:58.7;2.0e-01;dcm+23;+37:58:13;1.0e+00;dcm+23;*;0;*;*;0;*;74.710   ;2.898    ;
3107;J2009+3122g;hww+21;20:09:40;8.0e+00;hww+21;+31:22;2.0e+00;hww+21;*;0;*;*;0;*;69.350   ;-0.976   ;
3108;J2009+3326;cfl+06;20:09:49.16;2.0e-02;nab+13;+33:26:10.2;3.0e-01;nab+13;*;0;*;*;0;*;71.103   ;0.124    ;
3109;J2010-1323;jbo+07;20:10:45.921426;4.6e-06;aab+21a;-13:23:56.0953;2.8e-04;aab+21a;2.55;3.2e-02;*;-5.86;1.4e-01;*;29.446   ;-23.540  ;
3110;J2010+2845;nab+13;20:10:05.068;2.0e-03;nab+13;+28:45:29.17;3.0e-02;nab+13;*;0;*;*;0;*;67.210   ;-2.472   ;
3111;J2010+3051;pkr+19;20:10:03.9542;1.0e-04;pkr+19;+30:51:18.892;1.0e-03;pkr+19;-10.3;9.0e-01;pkr+19;-3;1.0e+00;pkr+19;68.967   ;-1.326   ;
3112;J2010+31;palfa21;20:10:35;8.0e+00;hww+21;+31:50;2.0e+00;hww+21;*;0;*;*;0;*;69.847   ;-0.885   ;
3113;J2010+3230;cfl+06;20:10:26.50;1.0e-02;nab+13;+32:30:07.3;2.0e-01;nab+13;*;0;*;*;0;*;70.391   ;-0.495   ;
3114;J2011+3006g;hww+21;20:11:12;8.0e+00;hww+21;+30:06;2.0e+00;hww+21;*;0;*;*;0;*;68.468   ;-1.944   ;
3115;J2011+3331;cfl+06;20:11:04.926;2.0e-03;nab+13;+33:31:24.64;3.0e-02;nab+13;*;0;*;*;0;*;71.320   ;-0.049   ;
3116;J2012-2029;blr+13;20:12:46.6;3.0e-01;blr+13;-20:29:31;2.2e+01;blr+13;*;0;*;*;0;*;22.410   ;-26.701  ;
3117;J2013-0649;lbr+13;20:13:17.7507;3.8e-03;lbr+13;-06:49:05.39;3.2e-01;lbr+13;*;0;*;*;0;*;36.171   ;-21.291  ;
3118;J2013+3058;nab+13;20:13:34.253;3.0e-03;nab+13;+30:58:50.69;5.0e-02;nab+13;*;0;*;*;0;*;69.485   ;-1.886   ;
3119;J2013+3100g;hww+21;20:13:57;8.0e+00;hww+21;+31:00;2.0e+00;hww+21;*;0;*;*;0;*;69.546   ;-1.943   ;
3120;J2013+3845;stwd85;20:13:10.367;3.0e-03;hlk+04;+38:45:43.31;4.0e-02;hlk+04;-32.1;1.7e+00;bfg+03;-25;2.0e+00;bfg+03;75.930   ;2.476    ;
3121;J2015+0756;mzl+23;20:15:59.59547;5.0e-05;mzl+23;+07:56:36.0514;1.6e-03;mzl+23;*;0;*;*;0;*;50.126   ;-14.765  ;
3122;J2015+2524;nft95;20:15:12.70;7.0e-02;cn95;+25:24:31.3;1.0e+00;cn95;*;0;*;*;0;*;65.027   ;-5.261   ;
3123;J2016+1948;naf03;20:16:57.44349;6.0e-05;gsf+11;+19:47:51.5882;1.2e-03;gsf+11;1.28;2.6e-01;gsf+11;2.83;3.4e-01;gsf+11;60.522   ;-8.675   ;
3124;J2017-0414;mss+20;20:17;0.0e+00;mss+20;-04;0.0e+00;mss+20;*;0;*;*;0;*;39.310   ;-20.831  ;
3125;J2017+0603;cgj+11;20:17:22.705223;4.9e-06;abb+18;+06:03:05.56393;1.4e-04;abb+18;2.21;7.6e-02;*;0.15;1.9e-01;*;48.621   ;-16.026  ;
3126;J2017-1614;san16;20:17:46.1478;8.0e-04;san16;-16:14:15.51;5.0e-02;san16;*;0;*;*;0;*;27.314   ;-26.220  ;
3127;J2017+2043;naf03;20:17:28.938;2.0e-03;naf03;+20:43:31.90;3.0e-02;naf03;*;0;*;*;0;*;61.376   ;-8.271   ;
3128;J2017-2737;mss+20;20:17;0.0e+00;mss+20;-27;0.0e+00;mss+20;*;0;*;*;0;*;15.792   ;-29.751  ;
3129;J2017+2819g;hww+21;20:17:20;8.0e+00;hww+21;+28:19;2.0e+00;hww+21;*;0;*;*;0;*;67.719   ;-4.044   ;
3130;J2017+3625;cwp+17;20:17:55.84;1.0e-02;cwp+17;+36:25:07.9;2.0e-01;cwp+17;*;0;*;*;0;*;74.507   ;0.390    ;
3131;J2017+5906;slr+14;20:17:44.55;2.1e-02;lsk+18;+59:06:46.97;1.8e-01;lsk+18;*;0;*;*;0;*;93.608   ;12.903   ;
3132;J2018+2839;csl68;20:18:03.8333;9.0e-04;hlk+04;+28:39:54.212;1.6e-02;hlk+04;-2.6;2.0e-01;bbgt02;-6.2;4.0e-01;bbgt02;68.099   ;-3.983   ;
3133;J2018+3418g;hww+21;20:18:15;8.0e+00;hww+21;+34:18;2.0e+00;hww+21;*;0;*;*;0;*;72.791   ;-0.855   ;
3134;J2018+3431;cfl+06;20:18:53.196;2.0e-03;nab+13;+34:31:00.51;2.0e-02;nab+13;*;0;*;*;0;*;73.044   ;-0.841   ;
3135;J2019+2425;ntf93;20:19:31.94900;3.0e-05;nss01;+24:25:15.3038;5.0e-04;nss01;-9.41;1.2e-01;nss01;-20.60;1.5e-01;nss01;64.746   ;-6.624   ;
3136;J2019+72;mss+20;20:19;0.0e+00;mss+20;+72;0.0e+00;mss+20;*;0;*;*;0;*;105.241  ;19.337   ;
3137;J2021+3651;rhr+02;20:21:05.46;4.0e-02;hrr+04;+36:51:04.8;5.0e-01;hrr+04;*;0;*;*;0;*;75.222   ;0.111    ;
3138;J2021+4024g;hww+21;20:21:13;9.0e+00;hww+21;+40:24;2.0e+00;hww+21;*;0;*;*;0;*;78.157   ;2.107    ;
3139;J2021+4026;aaa+09c;20:21:29.99;3.0e-02;rkp+11;+40:26:45.1;7.0e-01;rkp+11;*;0;*;*;0;*;78.225   ;2.089    ;
3140;J2022+21;scb+19;20:22:24;1.2e+01;scb+19;+21:11;3.0e+00;scb+19;*;0;*;*;0;*;62.403   ;-8.976   ;
3141;J2022+2534;mss+20;20:22;0.0e+00;mss+20;+25;0.0e+00;mss+20;*;0;*;*;0;*;65.545   ;-6.765   ;
3142;J2022+2854;fss73;20:22:37.0671;7.0e-04;hlk+04;+28:54:23.104;1.1e-02;hlk+04;-4.4;5.0e-01;bbgt02;-23.6;3.0e-01;bbgt02;68.863   ;-4.671   ;
3143;J2022+3842;agr+11;20:22:21.689;6.0e-03;agr+11;+38:42:14.82;7.0e-02;agr+11;*;0;*;*;0;*;76.888   ;0.960    ;
3144;J2022+3845g;hww+21;20:22:11;8.0e+00;hww+21;+38:45;2.0e+00;hww+21;*;0;*;*;0;*;76.906   ;1.015    ;
3145;J2022+5154;dl70;20:22:49.8730;1.2e-03;hlk+04;+51:54:50.233;1.1e-02;hlk+04;-5.23;1.7e-01;bbgt02;11.5;3.0e-01;bbgt02;87.862   ;8.380    ;
3146;J2023+2853g;hww+21;20:23:16;7.0e+00;hww+21;+28:52;2.0e+00;hww+21;*;0;*;*;0;*;68.911   ;-4.811   ;
3147;J2023+5037;dtws85;20:23:41.9427;1.0e-03;hlk+04;+50:37:34.858;1.0e-02;hlk+04;6;3.0e+00;*;21;3.0e+00;*;86.863   ;7.544    ;
3148;J2024+48;hrk+08;20:24;0;hrk+08;+48;0;hrk+08;*;0;*;*;0;*;84.710   ;6.017    ;
3149;J2027+0255;mzl+23;20:27:30.86790;7.0e-05;mzl+23;+02:55:37.982;3.0e-03;mzl+23;*;0;*;*;0;*;47.131   ;-19.786  ;
3150;J2027+2146;ht75b;20:27:16.690;3.0e-03;lcx02;+21:46:04.43;5.0e-02;lcx02;*;0;*;*;0;*;63.538   ;-9.587   ;
3151;J2027+4557;hrk+08;20:27:16.233;3.0e-03;jsb+09;+45:57:57.08;4.0e-02;jsb+09;*;0;*;*;0;*;83.358   ;4.394    ;
3152;J2027+7502;slr+14;20:27:23.27;2.2e-02;lsk+18;+75:02:29.31;1.7e-01;lsk+18;*;0;*;*;0;*;108.368  ;20.313   ;
3153;J2028+3332;pga+12;20:28:19.860;5.0e-03;pga+12;+33:32:04.36;7.0e-02;pga+12;*;0;*;*;0;*;73.361   ;-3.008   ;
3154;J2029+34;tkt22;20:29;4.0e+00;tkt22;+34:37;1.5e+01;tkt22;*;0;*;*;0;*;74.322   ;-2.489   ;
3155;J2029+3744;stwd85;20:29:23.872;9.5e-03;hlk+04;+37:44:08.17;1.4e-01;hlk+04;*;0;*;*;0;*;76.898   ;-0.727   ;
3156;J2030+2228;ht75b;20:30:40.446;8.2e-03;hlk+04;+22:28:21.83;1.4e-01;hlk+04;*;0;*;*;0;*;64.580   ;-9.833   ;
3157;J2030+3641;ckr+12;20:30:00.261;4.0e-03;ckr+12;+36:41:27.15;7.0e-02;ckr+12;*;0;*;*;0;*;76.123   ;-1.438   ;
3158;J2030+3818g;hww+21;20:30:08;8.0e+00;hww+21;+38:18;2.0e+00;hww+21;*;0;*;*;0;*;77.440   ;-0.513   ;
3159;J2030+3929g;hww+21;20:30:47;8.0e+00;hww+21;+39:29;2.0e+00;hww+21;*;0;*;*;0;*;78.471   ;0.081    ;
3160;J2030+3944g;hww+21;20:30:22;8.0e+00;hww+21;+39:44;2.0e+00;hww+21;*;0;*;*;0;*;78.625   ;0.294    ;
3161;J2030+4415;pga+12;20:30:51.35;4.0e-02;pga+12;+44:15:38.1;4.0e-01;pga+12;*;0;*;*;0;*;82.340   ;2.885    ;
3162;J2030+55;hrk+08;20:30;0;hrk+08;+55;0;hrk+08;*;0;*;*;0;*;91.047   ;9.247    ;
3163;J2032+4127;aaa+09c;20:32:13.119;2.0e-03;hnl+17;+41:27:24.31;9.0e-02;hnl+17;-2.991;4.8e-02;jkc+18;-0.742;5.5e-02;jkc+18;80.224   ;1.028    ;
3164;J2033+0042;bb10;20:33:31.12;2.0e-02;lbs+20;+00:42:24.1;9.0e-01;lbs+20;*;0;*;*;0;*;45.877   ;-22.196  ;
3165;J2033+1734;rtj+96;20:33:27.511513;8.7e-06;aab+21a;+17:34:58.46296;1.8e-04;aab+21a;-5.80;1.1e-01;*;-9.70;1.6e-01;*;60.857   ;-13.154  ;
3166;J2033-1938;blr+13;20:33:55.4;2.0e-01;blr+13;-19:38:59;1.2e+01;blr+13;*;0;*;*;0;*;25.313   ;-31.049  ;
3167;J2034+3632;nie+20;20:34;0;nie+20;-36:32;0;nie+20;*;0;*;*;0;*;5.796    ;-35.513  ;
3168;J2036+2835;bck+13;20:36:46.363;5.0e-03;bck+13;+28:35:10.44;7.0e-02;bck+13;*;0;*;*;0;*;70.413   ;-7.382   ;
3169;J2036+6646;scb+19;20:36:52.32;5.0e-02;tbc+20;+66:46:20.7;3.0e-01;tbc+20;*;0;*;*;0;*;101.445  ;15.259   ;
3170;J2037+1942;stwd85;20:37:14.54;8.0e-02;dtms88;+19:42:54.3;9.0e-01;dtms88;*;0;*;*;0;*;63.177   ;-12.672  ;
3171;J2037+3621;dtws85;20:37:27.44;2.3e-02;hlk+04;+36:21:24.1;2.6e-01;hlk+04;*;0;*;*;0;*;76.746   ;-2.840   ;
3172;J2038+35;hrk+08;20:38;0;hrk+08;+35;0;hrk+08;*;0;*;*;0;*;75.730   ;-3.747   ;
3173;J2038-3816;lml+98;20:38:54.36;3.0e-02;lbs+20;-38:16:15.6;9.0e-01;lbs+20;*;0;*;*;0;*;3.854    ;-36.741  ;
3174;J2038+5319;dtws85;20:38:03.16;6.9e-02;hlk+04;+53:19:12.8;5.8e-01;hlk+04;*;0;*;*;0;*;90.368   ;7.308    ;
3175;J2039-3616;slr+14;20:39:16.6;0;aab+22;-36:16:17;0;aab+22;*;0;*;*;0;*;6.331    ;-36.517  ;
3176;J2039-5617;cnv+21;20:39:34.9681;1.0e-04;cnv+21;-56:17:09.268;1.0e-03;cnv+21;4.2;3.0e-01;cnv+21;-14.9;3.0e-01;cnv+21;341.265  ;-37.145  ;
3177;J2040+1657;lxf+05;20:40:17.865;3.0e-03;lxf+05;+16:57:30.46;7.0e-02;lxf+05;*;0;*;*;0;*;61.286   ;-14.852  ;
3178;J2040-21;mss+20;20:40;0.0e+00;mss+20;-21;0.0e+00;mss+20;*;0;*;*;0;*;24.392   ;-32.849  ;
3179;J2042+0246;san16;20:42:11.00287;5.0e-05;san16;+02:46:14.397;2.0e-03;san16;15.1;1.2e+00;san16;-14.1;2.5e+00;san16;48.993   ;-23.016  ;
3180;J2043+1711;hrm+11;20:43:20.8813524;1.3e-06;aab+21a;+17:11:28.89999;2.8e-05;aab+21a;-5.703;1.0e-02;*;-10.841;1.6e-02;*;61.919   ;-15.313  ;
3181;J2043+2740;rtj+96;20:43:43.5;1.0e-01;rtj+96;+27:40:56;1.0e+00;rtj+96;*;0;*;*;0;*;70.612   ;-9.151   ;
3182;J2043+7045;hrk+08;20:43;0;hrk+08;+70:45;0;hrk+08;*;0;*;*;0;*;105.186  ;17.052   ;
3183;J2044+28;mss+20;20:44;0;mss+20;+28;0;mss+20;*;0;*;*;0;*;70.905   ;-9.006   ;
3184;J2044+4614;snk96;20:44:58.8;1.0e-01;snk96;+46:14:54;1.0e+00;snk96;*;0;*;*;0;*;85.429   ;2.108    ;
3185;J2045+0912;clm+05;20:45:47.3438;9.0e-04;clm+05;+09:12:29.16;4.0e-02;clm+05;*;0;*;*;0;*;55.362   ;-20.329  ;
3186;J2045+3633;bcf+17;20:45:01.50510;2.0e-05;mfb+20;+36:33:01.4046;2.0e-04;mfb+20;-3.20;6.0e-02;mfb+20;-2.68;6.0e-02;mfb+20;77.832   ;-3.926   ;
3187;J2045-68;ckr+15;20:45:17;0;aab+22;-68:36:20;0;aab+22;*;0;*;*;0;*;326.100  ;-35.400  ;
3188;J2046-0421;mlt+78;20:46:00.1730;1.0e-04;dgb+19;-04:21:26.256;2.0e-03;dgb+19;10.76;4.0e-02;dgb+19;-4.26;2.2e-01;dgb+19;42.678   ;-27.387  ;
3189;J2046+1540;mlt+78;20:46:39.3373;1.0e-04;dgb+19;+15:40:33.558;1.0e-03;dgb+19;-10.48;6.0e-02;dgb+19;0.66;6.0e-02;dgb+19;61.112   ;-16.838  ;
3190;J2046+5708;dtws85;20:46:46.609;1.8e-02;hlk+04;+57:08:37.09;1.4e-01;hlk+04;*;0;*;*;0;*;94.199   ;8.637    ;
3191;J2047+1053;rap+12;20:47:10.246;3.0e-03;aab+22;+10:53:07.80;4.0e-02;aab+22;*;0;*;*;0;*;57.046   ;-19.676  ;
3192;J2047+5029;jsb+09;20:47:54.6400;4.0e-04;jsb+09;+50:29:38.17;4.0e-02;jsb+09;*;0;*;*;0;*;89.057   ;4.376    ;
3193;J2048-1616;tv68;20:48:35.640637;4.0e-05;dtbr09;-16:16:44.55350;1.5e-04;dtbr09;113.16;2.0e-02;cbv+09;-4.60;2.8e-01;cbv+09;30.514   ;-33.077  ;
3194;J2048+2255;naf03;20:48:45.868;2.0e-03;naf03;+22:55:05.31;3.0e-02;naf03;*;0;*;*;0;*;67.453   ;-12.944  ;
3195;J2048+4951;dcs+22;20:48:55.982;4.0e-03;dcs+22;+49:51:53.02;3.0e-02;dcs+22;*;0;*;*;0;*;88.669   ;3.854    ;
3196;J2050+1259;naf03;20:50:57.21;1.4e-01;bfrs18;+12:59:09;3.0e+00;bfrs18;*;0;*;*;0;*;59.436   ;-19.242  ;
3197;J2051-0827;sbl+96;20:51:07.519768;1.8e-05;svf+16;-08:27:37.7497;8.0e-04;svf+16;5.63;4.0e-02;svf+16;2.34;2.8e-01;svf+16;39.192   ;-30.411  ;
3198;J2051+1248;ttk+17;20:51:29.66;2.0e-02;mbc+20;+12:48:21.5;6.0e-01;mbc+20;*;0;*;*;0;*;59.361   ;-19.453  ;
3199;J2051+4434g;hww+21;20:51:29;9.0e+00;hww+21;+44:34;2.0e+00;hww+21;*;0;*;*;0;*;84.840   ;0.163    ;
3200;J2051+50;aab+22;20:51:49;0;aab+22;+50:40:05;0;aab+22;*;0;*;*;0;*;89.584   ;4.005    ;
3201;J2052+1219;cck+16;20:52:47.77803;1.5e-04;drc+21;+12:19:59.022;5.0e-03;drc+21;-4.30;3.2e-01;drc+21;-13.96;5.9e-01;drc+21;59.145   ;-19.986  ;
3202;J2052+4421g;hww+21;20:52:53;9.0e+00;hww+21;+44:21;2.0e+00;hww+21;*;0;*;*;0;*;84.833   ;-0.168   ;
3203;J2053+1718;bfrs18;20:53:49.4809;7.0e-04;bfrs18;+17:18:44.662;1.3e-02;bfrs18;-1.0;2.3e+00;bfrs18;+6.9;2.8e+00;bfrs18;63.554   ;-17.264  ;
3204;J2053+4650;bcf+17;20:53:52.62804;7.0e-05;bcf+17;+46:50:51.7181;4.0e-04;bcf+17;-2.8;8.0e-01;bcf+17;-5.4;5.0e-01;bcf+17;86.861   ;1.302    ;
3205;J2053+4718;ccl+21;20:53:45.49;4.0e-02;ccl+21;+47:18:55.3;4.0e-01;ccl+21;*;0;*;*;0;*;87.206   ;1.618    ;
3206;J2053-7200;mlt+78;20:53:47.280;4.0e-03;lbs+20;-72:00:42.48;2.0e-02;lbs+20;*;0;*;*;0;*;321.869  ;-34.998  ;
3207;J2054-39;mss+20;20:54;0.0e+00;mss+20;-39;0.0e+00;mss+20;*;0;*;*;0;*;3.355    ;-39.752  ;
3208;J2055+15;dsm+13;20:56:02.5;0;aab+22;+15:47:15;0;aab+22;*;0;*;*;0;*;62.600   ;-18.600  ;
3209;J2055+2209;stwd85;20:55:39.151;4.5e-03;hlk+04;+22:09:27.22;1.0e-01;hlk+04;-4;6.5e+00;*;-3;8.9e+00;*;67.832   ;-14.668  ;
3210;J2055+2539;sdz+10;20:55:48.8;2.0e-01;sdz+10;+25:40:02;3.0e+00;sdz+10;*;0;*;*;0;*;70.688   ;-12.519  ;
3211;J2055+3630;dbtb82;20:55:31.3521;1.0e-04;cbv+09;+36:30:21.469;2.0e-03;cbv+09;1.04;4.0e-02;cbv+09;-2.46;1.3e-01;cbv+09;79.133   ;-5.589   ;
3212;J2055+3829;goc+19;20:55:10.306550;4.0e-06;goc+19;+38:29:30.90571;6.0e-05;goc+19;5.92;3.0e-02;goc+19;0.79;7.0e-02;goc+19;80.615   ;-4.259   ;
3213;J2057+21;scb+19;20:57:48;1.2e+01;scb+19;+21:26;3.0e+00;scb+19;*;0;*;*;0;*;67.560   ;-15.507  ;
3214;J2057+4701;dcm+23;20:57:09.355;2.0e-03;dcm+23;+47:01:05.22;3.0e-02;dcm+23;*;0;*;*;0;*;87.353   ;0.985    ;
3215;J2102+38;hrk+08;21:02;0;hrk+08;+38;0;hrk+08;*;0;*;*;0;*;81.116   ;-5.597   ;
3216;J2105+07;dsm+16;21:05:27;1.2e+02;dsm+16;+07:57;8.0e+00;dsm+16;*;0;*;*;0;*;57.202   ;-25.054  ;
3217;J2105+19;tkt22;21:05;4.0e+00;tkt22;+19:24;1.5e+01;tkt22;*;0;*;*;0;*;66.988   ;-18.091  ;
3218;J2105+28;slr+14;21:06;2.0e+00;slr+14;+28:29;1.8e+01;slr+14;*;0;*;*;0;*;74.391   ;-12.468  ;
3219;J2105+6223;kkl+15;21:05:12.93;2.0e-02;kkl+15;+62:23:05.5;1.0e-01;kkl+15;*;0;*;*;0;*;99.793   ;10.176   ;
3220;J2108-3429;lml+98;21:08:30.49;2.0e-02;dsb+98;-34:29:37.9;4.0e-01;dsb+98;*;0;*;*;0;*;9.698    ;-42.163  ;
3221;J2108+4441;dls73;21:08:20.482;6.0e-03;hlk+04;+44:41:48.87;6.0e-02;hlk+04;3.5;1.3e+00;bfg+03;1.4;1.4e+00;bfg+03;86.909   ;-2.012   ;
3222;J2108+4516;gac+21;21:08:23.343153;1.5e-05;gbv+21;+45:16:24.967733;1.2e-05;gbv+21;-4.291;1.5e-02;gbv+21;-4.912;1.5e-02;gbv+21;87.340   ;-1.628   ;
3223;J2111+2106;blr+13;21:11:33.13;6.0e-02;blr+13;+21:06:07.0;1.4e+00;blr+13;*;0;*;*;0;*;69.398   ;-18.205  ;
3224;J2111+40;hrk+08;21:11;0;hrk+08;+40;0;hrk+08;*;0;*;*;0;*;83.785   ;-5.559   ;
3225;J2111+4606;pga+12;21:11:24.13;3.0e-02;pga+12;+46:06:31.3;3.0e-01;pga+12;*;0;*;*;0;*;88.310   ;-1.445   ;
3226;J2112+4058;ccl+21;21:12:51.76;6.0e-02;ccl+21;+40:58:04;1.0e+00;ccl+21;*;0;*;*;0;*;84.738   ;-5.158   ;
3227;J2113+2754;skk+80;21:13:04.3506;1.0e-04;dgb+19;+27:54:01.160;1.0e-03;dgb+19;-27.96;3.0e-02;dgb+19;-54.46;7.0e-02;dgb+19;74.993   ;-14.025  ;
3228;J2113+4644;dl70;21:13:24.3295;1.0e-04;dgb+19;+46:44:08.844;1.0e-03;dgb+19;9.5;1.0e-01;dgb+19;8.84;8.0e-02;dgb+19;89.003   ;-1.266   ;
3229;J2113+67;slr+14;21:14;3.0e+00;slr+14;+67:02;1.8e+01;slr+14;*;0;*;*;0;*;103.973  ;12.561   ;
3230;J2113+73;dcm+23;21:13;1.7e+01;dcm+23;+73:37;2.1e+01;dcm+23;*;0;*;*;0;*;109.020  ;16.983   ;
3231;J2115+5448;san16;21:15:11.7678;1.0e-04;san16;+54:48:45.154;2.0e-03;san16;*;0;*;*;0;*;95.043   ;4.109    ;
3232;J2116+1414;mlt+78;21:16:13.752;3.0e-03;hlk+04;+14:14:21.04;7.0e-02;hlk+04;8;1.5e+01;hla93;-11;5.0e+00;hla93;64.464   ;-23.409  ;
3233;J2116+3701;dcm+23;21:16:14.304;1.0e-03;dcm+23;+37:01:31.13;4.0e-02;dcm+23;*;0;*;*;0;*;82.304   ;-8.341   ;
3234;J2122+2426;scb+19;21:22:39.02;1.0e-02;tbc+20;+24:26:44.9;2.0e-01;tbc+20;*;0;*;*;0;*;73.817   ;-17.934  ;
3235;J2123+36;scb+19;21:23:48;1.2e+01;scb+19;+36:24;3.0e+00;scb+19;*;0;*;*;0;*;82.917   ;-9.865   ;
3236;J2123+5434;slr+14;21:23:21.6831;7.0e-04;lsk+18;+54:34:07.714;6.2e-03;lsk+18;*;0;*;*;0;*;95.698   ;3.097    ;
3237;J2124+1407;dtws85;21:24:46.574;1.5e-02;hlk+04;+14:07:19.3;3.1e-01;hlk+04;*;0;*;*;0;*;65.795   ;-25.092  ;
3238;J2124-3358;bjb+97;21:24:43.846081;5.2e-06;rsc+21;-33:58:45.01036;1.4e-04;rsc+21;-14.107;1.7e-02;*;-50.34;3.8e-02;*;10.925   ;-45.438  ;
3239;J2127-6648;mlt+78;21:27:31.28;1.6e-01;nmc81;-66:48:28.1;9.0e-01;nmc81;*;0;*;*;0;*;326.392  ;-39.777  ;
3240;J2129-0429;hrm+11;21:29:45.039;1.0e-03;bkb+16;-04:29:05.59;8.0e-02;bkb+16;12.34;1.5e-01;jkc+18;10.19;1.4e-01;jkc+18;48.912   ;-36.939  ;
3241;J2129+1210A;wkm+89;21:29:58.246512;4.0e-06;kvf+14;+12:10:01.2339;1.0e-04;kvf+14;-0.659;2.4e-02;vb21;-3.803;2.4e-02;vb21;65.012   ;-27.312  ;
3242;J2129+1210B;agk+90;21:29:58.632;1.0e-03;jcj+06;+12:10:00.31;3.0e-02;jcj+06;-0.659;2.4e-02;vb21;-3.803;2.4e-02;vb21;65.013   ;-27.314  ;
3243;J2129+1210C;agk+90;21:30:01.2042;1.0e-04;jcj+06;+12:10:38.209;4.0e-03;jcj+06;-0.659;2.4e-02;vb21;-3.803;2.4e-02;vb21;65.030   ;-27.315  ;
3244;J2129+1210D;pakw91;21:29:58.274;7.0e-03;and93;+12:09:59.74;1.3e-01;and93;-0.659;2.4e-02;vb21;-3.803;2.4e-02;vb21;65.012   ;-27.313  ;
3245;J2129+1210E;pakw91;21:29:58.187;4.0e-03;and93;+12:10:08.63;8.0e-02;and93;-0.659;2.4e-02;vb21;-3.803;2.4e-02;vb21;65.014   ;-27.311  ;
3246;J2129+1210F;and93;21:29:57.178;5.0e-03;and93;+12:10:02.91;1.0e-01;and93;-0.659;2.4e-02;vb21;-3.803;2.4e-02;vb21;65.010   ;-27.309  ;
3247;J2129+1210G;and93;21:29:57.95;3.0e-02;and93;+12:09:57.3;6.0e-01;and93;-0.659;2.4e-02;vb21;-3.803;2.4e-02;vb21;65.011   ;-27.312  ;
3248;J2129+1210H;and93;21:29:58.184;5.0e-03;and93;+12:09:59.43;1.0e-01;and93;-0.659;2.4e-02;vb21;-3.803;2.4e-02;vb21;65.012   ;-27.312  ;
3249;J2129+1210I;pqm+21;21:29:58.3;0.0e+00;har10a;+12:10:01;0.0e+00;har10a;-0.659;2.4e-02;vb21;-3.803;2.4e-02;vb21;65.012   ;-27.313  ;
3250;J2129+4119;ccl+21;21:29:21.46;4.0e-02;ccl+21;+41:19:55;1.0e+00;ccl+21;*;0;*;*;0;*;87.195   ;-7.109   ;
3251;J2129-5721;llb+96;21:29:22.771225;4.2e-06;rsc+21;-57:21:14.24707;4.4e-05;rsc+21;9.294;7.8e-03;*;-9.559;1.0e-02;*;338.005  ;-43.570  ;
3252;J2131-31;mss+20;21:31;0.0e+00;mss+20;-31;0.0e+00;mss+20;*;0;*;*;0;*;15.404   ;-46.394  ;
3253;J2133-0049A;pqm+21;21:33:27.0;0.0e+00;har10a;-00:49:24;0.0e+00;har10a;3.435;2.5e-02;vb21;-2.159;2.4e-02;vb21;53.371   ;-35.770  ;
3254;J2133-0049B;pqm+21;21:33:27.0;0.0e+00;har10a;-00:49:24;0.0e+00;har10a;3.435;2.5e-02;vb21;-2.159;2.4e-02;vb21;53.371   ;-35.770  ;
3255;J2133-0049C;pqm+21;21:33:27.0;0.0e+00;har10a;-00:49:24;0.0e+00;har10a;3.435;2.5e-02;vb21;-2.159;2.4e-02;vb21;53.371   ;-35.770  ;
3256;J2133-0049D;pqm+21;21:33:27.0;0.0e+00;har10a;-00:49:24;0.0e+00;har10a;3.435;2.5e-02;vb21;-2.159;2.4e-02;vb21;53.371   ;-35.770  ;
3257;J2133-0049E;pqm+21;21:33:27.0;0.0e+00;har10a;-00:49:24;0.0e+00;har10a;3.435;2.5e-02;vb21;-2.159;2.4e-02;vb21;53.371   ;-35.770  ;
3258;J2136-1606;rsm+13;21:36:00.22;1.0e-01;rsm+13;-16:06:13.0;4.0e+00;rsm+13;*;0;*;*;0;*;36.204   ;-43.554  ;
3259;J2136-5046;sfj+20;21:36:57.593;9.0e-03;sfj+20;-50:46:56.08;1.0e-01;sfj+20;*;0;*;*;0;*;346.489  ;-46.490  ;
3260;J2137+6428;slr+14;21:37:20.26;5.1e-02;lsk+18;+64:28:41.8;4.8e-01;lsk+18;*;0;*;*;0;*;103.851  ;9.064    ;
3261;J2138+4911;hrk+08;21:38:15;9.0e+00;hww+21;+49:12;2.0e+00;hww+21;*;0;*;*;0;*;93.705   ;-2.390   ;
3262;J2138+69;dcm+23;21:38;1.4e+01;dcm+23;+69:50;1.6e+01;dcm+23;*;0;*;*;0;*;107.602  ;12.953   ;
3263;J2139+00;cnst96;21:39:42;1.6e+01;cnst96;+00:36;5.0e+00;cnst96;*;0;*;*;0;*;55.912   ;-36.261  ;
3264;J2139+2242;snt97;21:39:26.90;1.0e-02;snt97;+22:42:42.0;2.0e-01;snt97;*;0;*;*;0;*;75.293   ;-21.920  ;
3265;J2139+4716;pga+12;21:39:55.95;9.0e-02;pga+12;+47:16:13;1.0e+00;pga+12;*;0;*;*;0;*;92.633   ;-4.020   ;
3266;J2139+4738g;hww+21;21:39:58;9.0e+00;hww+21;+47:38;2.0e+00;hww+21;*;0;*;*;0;*;92.878   ;-3.751   ;
3267;J2140-2310A;rsb+04;21:40:22.40610;4.6e-04;rsb+04;-23:10:48.7936;9.7e-03;rsb+04;-0.737;2.5e-02;vb21;-7.299;2.4e-02;vb21;27.179   ;-46.837  ;
3268;J2140-2310B;rsb+04;21:40:22;1.6e+01;rsb+04;-23:10:47;2.7e+02;rsb+04;-0.737;2.5e-02;vb21;-7.299;2.4e-02;vb21;27.179   ;-46.835  ;
3269;J2143+0654;zct+05;21:43:03.38;4.0e-02;rtj+07;+06:54:17.53;6.0e-01;rtj+07;*;0;*;*;0;*;62.655   ;-33.139  ;
3270;J2144-3933;mld+96;21:44:12.060404;4.5e-05;dtbr09;-39:33:56.88504;3.2e-04;dtbr09;-57.89;8.8e-01;dtbr09;-155.90;5.4e-01;dtbr09;2.794    ;-49.466  ;
3271;J2144-5237;bcm+16;21:44:35.65;6.0e-02;brs+19;-52:37:07.53;2.0e-02;brs+19;*;0;*;*;0;*;343.435  ;-47.123  ;
3272;J2145-0750;bhl+94;21:45:50.459526;5.0e-06;rsc+21;-07:50:18.5083;2.0e-04;rsc+21;-9.49;2.1e-02;*;-9.09;5.7e-02;*;47.777   ;-42.084  ;
3273;J2145+21;mss+20;21:45;0.0e+00;mss+20;+21;0.0e+00;mss+20;*;0;*;*;0;*;74.957   ;-24.040  ;
3274;J2148-34;mss+20;21:48;0.0e+00;mss+20;-34;0.0e+00;mss+20;*;0;*;*;0;*;11.427   ;-50.249  ;
3275;J2149+6329;dls72;21:49:58.7033;2.0e-04;dgb+19;+63:29:44.277;2.0e-03;dgb+19;15.81;1.1e-01;dgb+19;11.16;1.9e-01;dgb+19;104.255  ;7.412    ;
3276;J2150-0326;mss+20;21:50;0;sbm+22;-03:26;0;sbm+22;*;0;*;*;0;*;53.501   ;-40.658  ;
3277;J2150+5247;dtws85;21:50:37.7499;1.0e-04;dgb+19;+52:47:49.556;1.0e-03;dgb+19;8.4;2.0e-01;dgb+19;-4.5;3.0e-01;dgb+19;97.521   ;-0.915   ;
3278;J2151+2315;lwf+04;21:51:28.9;1.0e-01;lwf+04;+23:15:12.8;5.0e-01;lwf+04;*;0;*;*;0;*;77.849   ;-23.471  ;
3279;J2154-2812;kbj+18;21:54:17.37;7.0e-02;kmk+18;-28:12:41;1.0e+00;kmk+18;*;0;*;*;0;*;20.728   ;-50.984  ;
3280;J2155+2813;lwf+04;21:55:15.82;1.0e-02;lwf+04;+28:13:12.1;2.0e-01;lwf+04;*;0;*;*;0;*;82.131   ;-20.370  ;
3281;J2155-3118;mlt+78;21:55:13.61;3.8e-02;hlk+04;-31:18:54.7;1.0e+00;hlk+04;*;0;*;*;0;*;15.845   ;-51.577  ;
3282;J2155-5641;mlt+78;21:55:01.4;6.0e-01;nmc81;-56:41:57;5.0e+00;nmc81;*;0;*;*;0;*;337.046  ;-47.054  ;
3283;J2156+2618;cnt96;21:56:23.704;6.0e-03;cn95;+26:18:30.47;1.8e-01;cn95;*;0;*;*;0;*;80.976   ;-21.969  ;
3284;J2157+4017;fss73;21:57:01.8495;1.0e-04;cbv+09;+40:17:45.986;2.0e-03;cbv+09;16.13;1.0e-01;cbv+09;4.12;1.2e-01;cbv+09;90.488   ;-11.341  ;
3285;J2158-27;mss+20;21:58;0.0e+00;mss+20;-27;0.0e+00;mss+20;*;0;*;*;0;*;22.861   ;-51.588  ;
3286;J2202+21;ttm18;22:02:21;2.1e+01;ttm18;+21:47;2.0e+01;ttm18;*;0;*;*;0;*;78.789   ;-26.252  ;
3287;J2203+50;hrk+08;22:03;0;hrk+08;+50;0;hrk+08;*;0;*;*;0;*;97.322   ;-4.307   ;
3288;J2204+2700;dsm+13;22:04:43.609;3.0e-03;mgf+19;+27:00:54.69;4.0e-02;mgf+19;2;1.6e+01;mgf+19;-3;3.0e+00;mgf+19;82.999   ;-22.649  ;
3289;J2205+1444;cnt96;22:05:17.247;1.3e-02;cn95;+14:44:31.3;4.0e-01;cn95;*;0;*;*;0;*;73.886   ;-31.885  ;
3290;J2205+6012;dcs+22;22:05:34.201416;2.0e-05;dcs+22;+60:12:55.14068;1.4e-04;dcs+22;-4.318;2.7e-02;dcs+22;-3.082;2.4e-02;dcs+22;103.686  ;3.696    ;
3291;J2206+6151;bck+13;22:06:18.119;6.0e-03;bck+13;+61:51:58.10;3.0e-02;bck+13;*;0;*;*;0;*;104.735  ;4.977    ;
3292;J2207-15;mss+20;22:07;0.0e+00;mss+20;-15;0.0e+00;mss+20;*;0;*;*;0;*;42.013   ;-49.972  ;
3293;J2208+4056;slr+14;22:08:01.993;9.8e-03;lsk+18;+40:56:01.83;1.3e-01;lsk+18;*;0;*;*;0;*;92.574   ;-12.112  ;
3294;J2208+4610;dcm+23;22:08:23.36;2.0e-02;dcm+23;+46:10:04.96;4.0e-02;dcm+23;*;0;*;*;0;*;95.768   ;-7.927   ;
3295;J2208+5500;jml+09;22:08:23.72;1.0e-02;jml+09;+55:00:08.41;5.0e-02;jml+09;*;0;*;*;0;*;100.939  ;-0.751   ;
3296;J2209+22;ttm18;22:09:54;1.2e+01;scb+19;+21:17;3.0e+00;scb+19;*;0;*;*;0;*;79.900   ;-27.786  ;
3297;J2210+57;slr+14;22:11;3.0e+00;slr+14;+57:29;1.8e+01;slr+14;*;0;*;*;0;*;102.666  ;1.066    ;
3298;J2212+2450;dsm+13;22:12:27.42;2.0e-02;sbo+22;+24:50:34.4;2.0e-01;sbo+22;*;0;*;*;0;*;82.957   ;-25.430  ;
3299;J2212+2933;dtws85;22:12:23.3444;1.0e-04;dgb+19;+29:33:05.411;1.0e-03;dgb+19;-5.53;8.0e-02;dgb+19;-11.34;1.1e-01;dgb+19;86.136   ;-21.731  ;
3300;J2213+53;hrk+08;22:13;0;hrk+08;+53;0;hrk+08;*;0;*;*;0;*;100.342  ;-2.778   ;
3301;J2214+3000;rrc+11;22:14:38.853711;9.3e-06;aab+21a;+30:00:38.19160;1.4e-04;aab+21a;20.92;8.3e-02;*;-1.94;1.1e-01;*;86.855   ;-21.665  ;
3302;J2215+1538;cnt96;22:15:39.653;4.0e-03;cn95;+15:38:34.88;7.0e-02;cn95;*;0;*;*;0;*;76.783   ;-32.929  ;
3303;J2215+4524;dcm+23;22:15:46.57;7.0e-02;dcm+23;+45:24:44;2.0e+00;dcm+23;*;0;*;*;0;*;96.391   ;-9.287   ;
3304;J2215+5135;hrm+11;22:15:32.6884;4.0e-04;aaa+13;+51:35:36.340;1.3e-02;aaa+13;*;0;*;*;0;*;99.868   ;-4.159   ;
3305;J2216+5759;bck+13;22:16:05.22;3.0e-02;bck+13;+57:59:53.7;3.0e-01;bck+13;*;0;*;*;0;*;103.517  ;1.107    ;
3306;J2217+5733;jml+09;22:17:55.03;2.0e-02;jml+09;+57:33:04.0;2.0e-01;jml+09;*;0;*;*;0;*;103.472  ;0.599    ;
3307;J2219+4754;th69;22:19:48.139;3.0e-03;hlk+04;+47:54:53.93;3.0e-02;hlk+04;-12;8.0e+00;las82;-30;6.0e+00;las82;98.385   ;-7.598   ;
3308;J2221+81;dcm+23;22:21;1.3e+01;dcm+23;+81:32;3.0e+01;dcm+23;*;0;*;*;0;*;117.434  ;20.317   ;
3309;J2222-0137;blr+13;22:22:05.969040;1.1e-05;gfg+21;-01:37:15.7251;4.0e-04;gfg+21;44.70;4.0e-02;gfg+21;-5.69;8.0e-02;gfg+21;62.018   ;-46.075  ;
3310;J2222+2923;cnt96;22:23:03.224;1.1e-02;hlk+04;+29:23:58.65;1.4e-01;hlk+04;*;0;*;*;0;*;88.050   ;-23.242  ;
3311;J2222+5602;hrk+08;22:22;0;hrk+08;+56;0;hrk+08;*;0;*;*;0;*;103.093  ;-1.005   ;
3312;J2225+35;skdl09;22:24:48;0;skdl09;+35:30;0;skdl09;*;0;*;*;0;*;92.108   ;-18.448  ;
3313;J2225+6535;dls73;22:25:52.8627;3.0e-04;dgb+19;+65:35:36.371;1.0e-03;dgb+19;147.23;2.3e-01;dgb+19;126.5;1.0e-01;dgb+19;108.638  ;6.846    ;
3314;J2227+3038;cnst96;22:27:41.77;2.0e-02;sbo+22;+30:38:20.8;2.0e-01;sbo+22;*;0;*;*;0;*;89.718   ;-22.807  ;
3315;J2228+6447;slr+14;22:28:40.50;3.4e-02;lsk+18;+64:47:19.4;2.8e-01;lsk+18;*;0;*;*;0;*;108.462  ;6.007    ;
3316;J2228-65;mbc+19;22:28:18;0;mbc+19;-65:11:47;0;mbc+19;*;0;*;*;0;*;323.529  ;-45.791  ;
3317;J2229+2643;cam95a;22:29:50.884417;4.7e-06;aab+21a;+26:43:57.64404;9.9e-05;aab+21a;-1.89;5.3e-02;*;-5.76;8.3e-02;*;87.693   ;-26.284  ;
3318;J2229+6114;hcg+01;22:29:05.28;7.0e-02;hcg+01;+61:14:09.3;5.0e-01;hcg+01;*;0;*;*;0;*;106.647  ;2.949    ;
3319;J2229+6205;dbtb82;22:29:41.834;9.7e-03;hlk+04;+62:05:36.02;6.8e-02;hlk+04;0.3;1.1e+01;*;10;1.0e+01;*;107.154  ;3.645    ;
3320;J2234+0611;dsm+13;22:34:23.073090;2.0e-06;sfa+19;+06:11:28.68633;7.0e-05;sfa+19;25.30;2.0e-02;sfa+19;9.71;5.0e-02;sfa+19;72.991   ;-43.006  ;
3321;J2234+0944;rap+12;22:34:46.854173;6.7e-06;aab+21b;+09:44:30.2224;2.0e-04;aab+21b;6.96;8.9e-02;*;-32.17;1.9e-01;*;76.280   ;-40.438  ;
3322;J2234+2114;cnt96;22:34:56.64;3.0e-02;cn95;+21:14:18.8;5.0e-01;cn95;*;0;*;*;0;*;85.138   ;-31.435  ;
3323;J2235+1506;cnt93;22:35:43.7001;1.0e-04;cnt96;+15:06:49.060;5.0e-03;cnt96;15;4.0e+00;cnt96;10;8.0e+00;cnt96;80.878   ;-36.444  ;
3324;J2236-5527;bbb+13;22:36:51.8510;8.0e-04;bbb+13;-55:27:48.833;4.0e-03;bbb+13;*;0;*;*;0;*;334.166  ;-52.719  ;
3325;J2237+2828;dcm+23;22:37:29.41;4.0e-02;dcm+23;+28:28:40.8;5.0e-01;dcm+23;*;0;*;*;0;*;90.342   ;-25.787  ;
3326;J2238+5903;aaa+09c;22:38:28.27;4.0e-02;rkp+11;+59:03:40.8;4.0e-01;rkp+11;*;0;*;*;0;*;106.562  ;0.482    ;
3327;J2238+6021;hrk+08;22:38;0;hrk+08;+60:21;0;hrk+08;*;0;*;*;0;*;107.140  ;1.636    ;
3328;J2240+5832;tpc+11;22:40:42.939;4.0e-03;tpc+11;+58:32:37.52;4.0e-02;tpc+11;-6.1;8.0e-01;tpc+11;-21.0;4.0e-01;tpc+11;106.566  ;-0.111   ;
3329;J2241-5236;kjr+11;22:41:42.0269841;9.8e-07;rsc+21;-52:36:36.239590;1.0e-05;rsc+21;18.881;4.3e-03;*;-5.294;4.8e-03;*;337.457  ;-54.927  ;
3330;J2241+6941;slr+14;22:41:20.302;1.8e-02;lsk+18;+69:41:59.73;1.4e-01;lsk+18;*;0;*;*;0;*;112.026  ;9.632    ;
3331;J2242+6950;dtws85;22:42:56.40;1.1e-01;hlk+04;+69:50:52.1;4.9e-01;hlk+04;*;0;*;*;0;*;112.221  ;9.695    ;
3332;J2243+1518;cml05;22:43:09.768;4.0e-03;cml05;+15:18:25.11;1.1e-01;cml05;*;0;*;*;0;*;82.809   ;-37.377  ;
3333;J2244+63;hrk+08;22:44;0;hrk+08;+63;0;hrk+08;*;0;*;*;0;*;109.039  ;3.618    ;
3334;J2248-0101;mld+96;22:48:26.8859;1.0e-04;dgb+19;-01:01:48.085;1.0e-03;dgb+19;-10.50;7.0e-02;dgb+19;-17.49;1.9e-01;dgb+19;69.256   ;-50.620  ;
3335;J2251+24;mss+20;22:51;0.0e+00;mss+20;+24;0.0e+00;mss+20;*;0;*;*;0;*;90.539   ;-31.190  ;
3336;J2251-3711;mke+20;22:51:44.0;1.0e-01;mke+20;-37:11:48;2.0e+00;mke+20;*;0;*;*;0;*;3.605    ;-62.883  ;
3337;J2253+12;tkt22;22:53;4.0e+00;tkt22;+12:32;1.5e+01;tkt22;*;0;*;*;0;*;83.192   ;-41.024  ;
3338;J2253+1516;cnt96;22:53:14.533;4.0e-03;cn95;+15:16:37.83;8.0e-02;cn95;*;0;*;*;0;*;85.305   ;-38.809  ;
3339;J2256-1024;hrm+11;22:56:56.39294;7.0e-05;csm+20;-10:24:34.385;3.0e-03;csm+20;3.2;1.1e+00;csm+20;-8.5;2.7e+00;csm+20;59.231   ;-58.293  ;
3340;J2257-16;mss+20;22:57;0.0e+00;mss+20;-16;0.0e+00;mss+20;*;0;*;*;0;*;49.791   ;-61.252  ;
3341;J2257+5909;dls72;22:57:57.744;3.0e-03;hlk+04;+59:09:14.83;2.3e-02;hlk+04;18;4.5e+00;*;-2;4.5e+00;*;108.831  ;-0.575   ;
3342;J2301+5852;fg81;23:01:08.29;3.3e-01;htv+01;+58:52:44.45;6.0e-01;htv+01;-6.4;6.0e-01;tck13;-2.3;6.0e-01;tck13;109.087  ;-0.996   ;
3343;J2302+4442;cgj+11;23:02:46.978387;1.4e-05;aab+21a;+44:42:22.08051;1.7e-04;aab+21a;0.18;8.4e-02;*;-5.80;1.0e-01;*;103.395  ;-14.005  ;
3344;J2302+6028;snt97;23:02:11.20;2.0e-02;snt97;+60:28:00.22;8.0e-02;snt97;*;0;*;*;0;*;109.859  ;0.398    ;
3345;J2305+3100;lan69;23:05:58.3212;1.0e-04;dgb+19;+31:00:01.281;1.0e-03;dgb+19;-3.70;4.0e-02;dgb+19;-15.63;1.1e-01;dgb+19;97.721   ;-26.657  ;
3346;J2305+4707;dtws85;23:05:55.842;1.7e-02;tamt93;+47:07:45.32;1.7e-01;tamt93;*;0;*;*;0;*;104.931  ;-12.021  ;
3347;J2306+31;scb+19;23:06:12;1.2e+01;scb+19;+31:23;3.0e+00;scb+19;*;0;*;*;0;*;97.959   ;-26.335  ;
3348;J2307+2225;cnt96;23:07:41.288;1.3e-02;cn95;+22:25:50.12;1.9e-01;cn95;*;0;*;*;0;*;93.570   ;-34.458  ;
3349;J2308+5547;dls72;23:08:13.822;5.0e-03;hlk+04;+55:47:36.03;4.0e-02;hlk+04;-15;8.0e+00;hla93;0;2.7e+01;hla93;108.729  ;-4.206   ;
3350;J2310-0555;san16;23:10:06.430;4.0e-03;san16;-05:55:35.9;1.0e-01;san16;*;0;*;*;0;*;69.702   ;-57.907  ;
3351;J2310+6706;kkl+15;23:10:42.0;2.1e-01;lsk+18;+67:06:52.1;9.4e-01;lsk+18;*;0;*;*;0;*;113.351  ;6.136    ;
3352;J2312+6931;slr+14;23:12:38.93;4.1e-02;lsk+18;+69:31:04.0;2.9e-01;lsk+18;*;0;*;*;0;*;114.435  ;8.292    ;
3353;J2313+4253;dth78;23:13:08.6209;1.0e-04;cbv+09;+42:53:13.043;2.0e-03;cbv+09;24.15;1.0e-01;cbv+09;5.95;1.3e-01;cbv+09;104.410  ;-16.422  ;
3354;J2315+58;hrk+08;23:15;0;hrk+08;+58;0;hrk+08;*;0;*;*;0;*;110.418  ;-2.509   ;
3355;J2316+75;dcm+23;23:15;1.7e+01;dcm+23;+75:44;2.1e+01;dcm+23;*;0;*;*;0;*;116.977  ;13.989   ;
3356;J2317+1439;cnt93;23:17:09.236381;4.7e-06;aab+21a;+14:39:31.26102;1.3e-04;aab+21a;-1.305;1.4e-02;*;3.45;2.8e-02;*;91.361   ;-42.360  ;
3357;J2317+2149;dth78;23:17:57.8419;1.0e-04;dgb+19;+21:49:48.019;1.0e-03;dgb+19;8.49;7.0e-02;dgb+19;0.19;1.4e-01;dgb+19;95.831   ;-36.075  ;
3358;J2319+6411;hrk+08;23:19:35.210;2.0e-03;bck+13;+64:11:25.755;7.0e-03;bck+13;*;0;*;*;0;*;113.138  ;3.079    ;
3359;J2321+6024;dlp70;23:21:55.213;1.3e-02;hlk+04;+60:24:30.71;9.5e-02;hlk+04;-17;2.2e+01;hlk+04;-7;1.9e+01;hlk+04;112.095  ;-0.566   ;
3360;J2322+2057;ntf93;23:22:22.33516;7.0e-05;dcl+16;+20:57:02.6772;1.4e-03;dcl+16;-18.4;4.0e-01;dcl+16;-15.4;5.0e-01;dcl+16;96.515   ;-37.310  ;
3361;J2322-2650;sbb+18;23:22:34.64004;3.0e-05;sbb+18;-26:50:58.3171;6.0e-04;sbb+18;-2.4;2.0e-01;sbb+18;-8.3;4.0e-01;sbb+18;28.637   ;-70.228  ;
3362;J2323+1214;clh+20;23:23:21.619;7.0e-03;clh+20;+12:14:12.70;1.6e-01;clh+20;*;0;*;*;0;*;91.595   ;-45.209  ;
3363;J2324-6054;mlt+78;23:24:27.14;1.0e-02;lbs+20;-60:54:05.794;9.0e-03;lbs+20;*;0;*;*;0;*;320.425  ;-53.172  ;
3364;J2325-0530;kkl+15;23:25:15.3;1.0e-01;kkl+15;-05:30:39;4.0e+00;kkl+15;*;0;*;*;0;*;75.579   ;-60.200  ;
3365;J2325+6316;dth78;23:25:13.3196;2.0e-04;dgb+19;+63:16:52.362;1.0e-03;dgb+19;-5.92;8.0e-02;dgb+19;-2.05;1.9e-01;dgb+19;113.418  ;2.013    ;
3366;J2326+6113;dls73;23:26:58.697;2.5e-03;hlk+04;+61:13:36.468;1.8e-02;hlk+04;-17;5.0e+00;*;-9;5.0e+00;*;112.946  ;0.003    ;
3367;J2326+6141;hrk+08;23:26;0;hrk+08;+61;0;hrk+08;*;0;*;*;0;*;112.761  ;-0.173   ;
3368;J2327+62;mss+20;23:27;0;mss+20;+62;0;mss+20;*;0;*;*;0;*;113.197  ;0.735    ;
3369;J2329+16;dsm+13;23:29:50;3.1e+01;dsm+13;+16:57;8.0e+00;dsm+13;*;0;*;*;0;*;96.414   ;-41.682  ;
3370;J2329+4743;scb+19;23:29:31.548;7.0e-03;mbc+20;+47:43:39.73;6.0e-02;mbc+20;*;0;*;*;0;*;108.961  ;-12.910  ;
3371;J2330-2005;ll76;23:30:26.885;7.0e-03;hlk+04;-20:05:29.63;1.7e-01;hlk+04;74.7;1.9e+00;bfg+03;5;3.0e+00;bfg+03;49.394   ;-70.190  ;
3372;J2333+20;tkt22;23:33;4.0e+00;tkt22;+20:18;1.5e+01;tkt22;*;0;*;*;0;*;99.071   ;-38.910  ;
3373;J2333+6145;bck+13;23:33:19.448;5.0e-03;bck+13;+61:45:30.09;3.0e-02;bck+13;*;0;*;*;0;*;113.831  ;0.275    ;
3374;J2336-01;scb+19;23:36:36;1.2e+01;scb+19;-01:51;3.0e+00;scb+19;*;0;*;*;0;*;84.424   ;-59.008  ;
3375;J2337+6151;dtws85;23:37:05.762;1.0e-02;ymw+10;+61:51:01.53;7.0e-02;ymw+10;-1;1.8e+01;hlk+04;-15;1.6e+01;hlk+04;114.284  ;0.233    ;
3376;J2338+4818;ccl+21;23:38:06.189;8.0e-03;ccl+21;+48:18:32.19;7.0e-02;ccl+21;*;0;*;*;0;*;110.544  ;-12.791  ;
3377;J2339-0533;pc15;23:39:38.74;1.0e-02;pc15;-05:33:05.32;3.0e-02;pc15;4.15;4.8e-01;jkc+18;-10.31;3.0e-01;jkc+18;81.349   ;-62.476  ;
3378;J2340+08;dsm+13;23:40:45;7.0e+00;dsm+13;+08:33:00;1.0e+02;dsm+13;*;0;*;*;0;*;94.821   ;-50.423  ;
3379;J2343+6221;hrk+08;23:43;0;hrk+08;+62:21;0;hrk+08;*;0;*;*;0;*;115.085  ;0.526    ;
3380;J2346-0609;mld+96;23:46:50.4978;1.0e-04;dgb+19;-06:09:59.899;2.0e-03;dgb+19;37.38;3.0e-02;dgb+19;-20.21;9.0e-02;dgb+19;83.798   ;-64.015  ;
3381;J2347+02;mss+20;23:47;0.0e+00;mss+20;+02;0.0e+00;mss+20;*;0;*;*;0;*;92.331   ;-56.993  ;
3382;J2350+31;ttk+17;23:50:42;1.2e+01;scb+19;+31:39;3.0e+00;scb+19;*;0;*;*;0;*;108.093  ;-29.466  ;
3383;J2351+8533;slr+14;23:51:03;6.2e-01;lsk+18;+85:33:20.6;4.4e-01;lsk+18;*;0;*;*;0;*;121.677  ;22.832   ;
3384;J2352+65;hrk+08;23:52;0;hrk+08;+65;0;hrk+08;*;0;*;*;0;*;116.702  ;2.850    ;
3385;J2354-22;mbc+19;23:54:26;0;mbc+19;-22:51:53;0;mbc+19;*;0;*;*;0;*;48.082   ;-76.409  ;
3386;J2354+6155;dbtb82;23:54:04.7830;1.0e-04;dgb+19;+61:55:46.845;1.0e-03;dgb+19;22.76;5.0e-02;dgb+19;4.897;2.5e-02;dgb+19;116.239  ;-0.194   ;
3387;J2355+0051;mzl+23;23:55:51.2885;1.4e-03;mzl+23;+00:51:09.57;4.0e-02;mzl+23;*;0;*;*;0;*;95.152   ;-58.988  ;
3388;J2355+1523;dcm+23;23:55:48.62;8.0e-02;dcm+23;+15:23:18;2.0e+00;dcm+23;*;0;*;*;0;*;103.664  ;-45.392  ;
3389;J2355+2246;acd+19;23:55:49.8;3.0e-01;acd+19;+22:46:17;8.0e+00;acd+19;*;0;*;*;0;*;106.530  ;-38.323  ;
