ID,UTC Start,Observing band,Duration (s),DM (pc cm^-3),DM error (pc cm^-3),DM epoch (MJD),DM chi2r,DM tres,SN,Flux (mJy),RM (rad m^-2),RM error (rad m^-2),RFI zapped (%),Iono RM,Iono RM error
UHVsc2FyRm9sZFJlc3VsdE5vZGU6Nzg1OTA=,2024-10-21T15:05:28+00:00,LBAND,255.56959222429904,10.390198253578497,6.158951618983312e-05,59000.0,9.6206,0.165,1286.01293945312,3.483,-3.57211,0.05,0.1027669270833333,-3.1539017344284335,0.06461231021540895
UHVsc2FyRm9sZFJlc3VsdE5vZGU6NzkwNjg=,2024-11-25T15:49:17+00:00,LBAND,255.56959222429904,10.390264008893414,2.950611230582592e-05,59000.0,1.3495,0.088,945.653076171875,2.337,-3.34751,0.06,0.1010269657258064,-2.518576024986932,0.06526710180625193
UHVsc2FyRm9sZFJlc3VsdE5vZGU6NzkwMzQ=,2024-10-02T16:18:37+00:00,LBAND,511.545449271028,10.39016151034894,2.349022436364474e-05,59000.0,1.1354,0.078,968.726318359375,1.844,-3.5784,0.05,0.1261625744047619,-2.816959409807959,0.06282008270844319
UHVsc2FyRm9sZFJlc3VsdE5vZGU6NzkwMzU=,2024-11-04T16:19:05+00:00,LBAND,511.545449271028,10.390143763213851,3.155592204719115e-05,59000.0,2.5688,0.103,1227.89404296875,1.968,-3.38025,0.06,0.1499100942460317,-2.5375491385339917,0.06490940758451318
UHVsc2FyRm9sZFJlc3VsdE5vZGU6MTU5Ng==,2020-01-05T09:47:37+00:00,LBAND,257.53764007476656,10.390723979123068,1.470944166226383e-05,59000.0,1.5238,0.055,1864.61193847656,4.134,-1.10634,0.04,0.0521065072302558,-0.5487130998699314,0.05086195204599396
UHVsc2FyRm9sZFJlc3VsdE5vZGU6MTY3Mg==,2020-07-17T01:51:59+00:00,LBAND,255.89076695327037,10.39077591711674,2.942945236348449e-05,59000.0,2.0707,0.143,697.484985351562,1.912,-0.651437,0.05,0.0890877016129032,-0.2424299134840704,0.05298664492896056
UHVsc2FyRm9sZFJlc3VsdE5vZGU6MTU3Nw==,2019-09-29T13:28:04+00:00,LBAND,258.5566935327105,10.390414172281906,0.000161848462983,59000.0,1.8718,0.308,338.570281982422,0.896,-1.34375,0.24,0.0812013348164627,-0.3957145152943483,0.03728929277698663
UHVsc2FyRm9sZFJlc3VsdE5vZGU6MTY0Mg==,2020-04-08T05:50:22+00:00,LBAND,513.5078543551394,10.390649284492408,2.292339866796982e-05,59000.0,1.054,0.103,775.213928222656,1.292,-2.33234,0.08,0.1110181051587301,-0.32233526295354614,0.07615848471270205
UHVsc2FyRm9sZFJlc3VsdE5vZGU6MTY4NA==,2020-10-10T19:03:02+00:00,LBAND,255.4987208971956,10.390885580696876,2.421834856680249e-05,59000.0,1.6119,0.09,1092.65942382812,2.647,-1.00226,0.05,0.0726751512096774,-0.4036528198627443,0.05518614967968571
UHVsc2FyRm9sZFJlc3VsdE5vZGU6MTcyNQ==,2022-02-13T07:56:03+00:00,LBAND,511.5476240747657,10.390659206264518,1.433208595146093e-05,59000.0,1.0617,0.065,1340.17407226562,2.048,-1.88594,0.05,0.0914713541666666,-1.52223415389882,0.057352540373982235
UHVsc2FyRm9sZFJlc3VsdE5vZGU6MTc1MA==,2022-12-30T10:26:08+00:00,LBAND,511.4696541308404,10.39091157296144,3.977349735063505e-05,59000.0,1.0286,0.152,448.101165771484,0.792,-2.19691,0.09,0.0887254284274193,-1.7098819150529996,0.057152933878982584
UHVsc2FyRm9sZFJlc3VsdE5vZGU6NzY3NDM=,2024-07-09T01:45:24+00:00,LBAND,255.4922084485981,10.39006960884257,0.0001219536837668,59000.0,2.0831,0.239,361.907562255859,0.903,-0.863774,0.16,0.0993258568548387,-0.4153030957350289,0.05407268315803009
UHVsc2FyRm9sZFJlc3VsdE5vZGU6MTU2Mg==,2019-08-12T19:28:28+00:00,LBAND,257.61560044859834,10.390497078894576,5.052770440745816e-05,59000.0,1.035,0.12,727.440063476562,1.71,-0.771025,0.12,0.0735191879866518,-0.2533888856111505,0.05121602519498841
UHVsc2FyRm9sZFJlc3VsdE5vZGU6MTY3Mw==,2020-07-29T18:39:50+00:00,LBAND,511.8617001869152,10.390775903727098,1.737043541936914e-05,59000.0,2.0372,0.055,1871.310546875,3.096,-0.825071,0.04,0.1020895337301587,-0.2204553121237615,0.043435743940139826
UHVsc2FyRm9sZFJlc3VsdE5vZGU6MTcxOQ==,2021-11-21T13:25:07+00:00,LBAND,510.5285239626161,10.390704468056882,3.85614766143068e-05,59000.0,1.1333,0.113,722.951049804688,1.276,-1.8616,0.08,0.1072048611111111,-1.1238944917741223,0.055279294272667444
UHVsc2FyRm9sZFJlc3VsdE5vZGU6NzczODY=,2024-07-25T00:04:55+00:00,LBAND,511.545449271028,10.390282130563977,5.599984225276385e-05,59000.0,1.1979,0.138,578.223266601562,0.975,-0.829998,0.11,0.115203373015873,-0.42642487299062015,0.05427801428204444
UHVsc2FyRm9sZFJlc3VsdE5vZGU6MTU1NA==,2019-08-02T18:10:32+00:00,LBAND,263.41696598130864,10.390515602003008,1.237841079252464e-05,59000.0,2.6605,0.041,2882.57592773438,7.151,-0.764393,0.03,0.0757091212458287,-0.2558979068587766,0.042361550359064026
UHVsc2FyRm9sZFJlc3VsdE5vZGU6MTU5MQ==,2019-12-12T08:59:24+00:00,LBAND,257.53764007476656,10.390664978798805,3.499667710808823e-05,59000.0,1.3803,0.126,752.577270507812,1.852,-1.73484,0.08,0.0496732480533926,-0.6606449213735484,0.0418833928495136
UHVsc2FyRm9sZFJlc3VsdE5vZGU6MTY5Ng==,2021-02-02T12:56:11+00:00,LBAND,255.4987208971956,10.390901371307034,3.611715695435286e-05,59000.0,0.461,0.1,500.756378173828,1.208,-1.264,0.1,0.0751638104838709,-0.928149264409201,0.057812252706037105
UHVsc2FyRm9sZFJlc3VsdE5vZGU6MTY4Mw==,2020-09-27T19:29:01+00:00,LBAND,255.5777890093451,10.390837074948186,2.148987697467284e-05,59000.0,0.9936,0.112,831.513244628906,1.733,-0.946897,0.05,0.0901902721774193,-0.42493941177209626,0.0549446101725741
UHVsc2FyRm9sZFJlc3VsdE5vZGU6MTczNg==,2022-07-17T22:48:59+00:00,LBAND,511.5476240747657,10.390511391994297,1.837265342076562e-05,59000.0,1.9364,0.101,1067.65393066406,1.662,-0.768521,0.05,0.1022755456349206,-0.42527357508379365,0.05333583823924654
UHVsc2FyRm9sZFJlc3VsdE5vZGU6MTY2OA==,2020-07-02T02:57:37+00:00,LBAND,255.8127970093451,10.390631204918629,3.036022220028165e-05,59000.0,1.7312,0.072,1267.35046386719,3.271,-0.581084,0.06,0.1007119455645161,-0.2476600064683512,0.055964379738909685
UHVsc2FyRm9sZFJlc3VsdE5vZGU6MTU0OQ==,2019-07-19T23:12:15+00:00,LBAND,258.16466422429926,10.390536889803956,3.046196576634507e-05,59000.0,1.1683,0.089,1068.39294433594,2.283,-1.16418,0.06,0.0643521012931034,-0.17282221334554387,0.07942201074194466
UHVsc2FyRm9sZFJlc3VsdE5vZGU6MTY5OA==,2021-03-04T08:15:56+00:00,LBAND,255.4987208971956,10.391010395710136,2.547063290435083e-05,59000.0,1.4867,0.067,1155.52807617188,3.001,-0.752917,0.05,0.0990108366935483,-0.6707016612868021,0.17194505746638286
UHVsc2FyRm9sZFJlc3VsdE5vZGU6MTE5NzY=,2023-08-28T20:27:57+00:00,LBAND,511.545449271028,10.390237131995388,2.044011985084992e-05,59000.0,3.4165,0.071,1904.40405273438,3.011,-1.14433,0.04,0.1023995535714285,-0.34825078057798303,0.05325220061402128
UHVsc2FyRm9sZFJlc3VsdE5vZGU6MzUzODA=,2023-07-14T18:48:18+00:00,LBAND,255.4922084485981,10.39028115631126,2.73471045251445e-05,59000.0,1.1637,0.098,791.759704589844,1.884,-0.676353,0.06,0.0939705141129032,-0.2343818155599883,0.03792160853258864
UHVsc2FyRm9sZFJlc3VsdE5vZGU6MTc2Ng==,2023-05-20T01:04:21+00:00,LBAND,255.56959222429904,10.390262236900218,2.863848698431024e-05,59000.0,1.0475,0.119,636.926147460938,1.512,-0.420618,0.06,0.0910408266129032,-0.28089955871446565,0.04944703714496252
UHVsc2FyRm9sZFJlc3VsdE5vZGU6MTcwMQ==,2021-04-15T07:38:44+00:00,LBAND,255.4987208971956,10.391003625202572,1.795324741704962e-05,59000.0,2.1846,0.053,2409.64013671875,4.857,-0.852278,0.04,0.0725806451612903,-0.7016154961179701,0.05617430298074661
UHVsc2FyRm9sZFJlc3VsdE5vZGU6MTY5NQ==,2021-01-23T08:14:45+00:00,LBAND,255.4987208971956,10.390875081410098,3.019360950811505e-05,59000.0,7.5872,0.082,3142.31494140625,6.77,-0.844765,0.04,0.084015877016129,-0.6985454056654398,0.058722023087174884
UHVsc2FyRm9sZFJlc3VsdE5vZGU6ODg3MTc=,2025-11-13T13:57:31+00:00,LBAND,511.468065495327,10.390281132148411,4.334006871842707e-05,59000.0,3.3196,0.165,824.515930175781,1.521,-2.29108,0.06,0.1113901289682539,-1.72508821779498,0.057956190279226605
UHVsc2FyRm9sZFJlc3VsdE5vZGU6MTc2NQ==,2023-05-10T02:07:34+00:00,LBAND,511.5476240747657,10.390266366139434,1.920803185834934e-05,59000.0,0.9013,0.079,976.434936523438,1.606,-0.564754,0.06,0.0944475446428571,-0.3818413489119851,0.05091986090360087
UHVsc2FyRm9sZFJlc3VsdE5vZGU6MTc0OQ==,2022-12-30T08:59:44+00:00,LBAND,255.4987208971956,10.390841172398858,4.333755226405187e-05,59000.0,0.605,0.166,395.617218017578,1.024,-1.8643,0.1,0.0798828125,-1.4034604016063297,0.05082876377305142
UHVsc2FyRm9sZFJlc3VsdE5vZGU6MTc0Ng==,2022-12-01T13:14:00+00:00,LBAND,255.5777890093451,10.390598211768022,1.35240289438879e-05,59000.0,1.2265,0.059,1733.84240722656,4.104,-2.23873,0.04,0.1214192708333333,-1.6654742009686685,0.05883219822196152
UHVsc2FyRm9sZFJlc3VsdE5vZGU6MTY1NQ==,2020-05-12T04:18:26+00:00,LBAND,512.95877024299,10.390682077328762,3.520277968131963e-05,59000.0,1.2248,0.106,681.258361816406,1.221,-0.286376,0.09,0.1039806547619047,-0.283378962412086,0.05376800884769047
UHVsc2FyRm9sZFJlc3VsdE5vZGU6NzMzOTA=,2024-02-05T10:30:05+00:00,LBAND,511.545449271028,10.390392921571936,2.940587760533264e-05,59000.0,0.8397,0.069,917.338928222656,1.672,-2.834,0.09,0.0989428323412698,-2.9540489065418254,0.06733727566265248
UHVsc2FyRm9sZFJlc3VsdE5vZGU6MTU5OQ==,2020-01-23T14:17:53+00:00,LBAND,257.53764007476656,10.390643384058745,3.647862018826908e-05,59000.0,5.4854,0.081,2141.42260742188,5.182,-0.964716,0.05,0.059023915461624,-0.7182035339615651,0.057457446417563236
UHVsc2FyRm9sZFJlc3VsdE5vZGU6MzU0MDM=,2023-09-12T18:19:53+00:00,LBAND,511.545449271028,10.390295028171764,3.034474872595873e-05,59000.0,0.9451,0.066,1057.60437011719,1.759,-1.79829,0.08,0.0864025297619047,-0.9974683814624239,0.05499629993416096
UHVsc2FyRm9sZFJlc3VsdE5vZGU6MTUzNQ==,2019-04-03T04:22:26+00:00,LBAND,247.99999999999932,10.390552043839543,3.841722854881799e-05,59000.0,0.9482,0.153,536.572326660156,1.431,-0.430192,0.08,0.0826710668103448,-0.2748901726096013,0.05186671275952479
UHVsc2FyRm9sZFJlc3VsdE5vZGU6MTY3NA==,2020-07-30T19:34:26+00:00,LBAND,511.93967013084045,10.390759932647942,1.302723134525675e-05,59000.0,0.894,0.057,1401.52709960938,2.154,-0.800176,0.04,0.0915178571428571,-0.2629387893835457,0.04755989709057558
UHVsc2FyRm9sZFJlc3VsdE5vZGU6MTY3OQ==,2020-08-27T20:43:39+00:00,LBAND,511.5476240747657,10.39086130095838,1.237781763641133e-05,59000.0,1.1976,0.053,1507.63208007812,2.975,-0.874521,0.04,0.0928664434523809,-0.41125706208549573,0.05692372542059198
UHVsc2FyRm9sZFJlc3VsdE5vZGU6MTc1MQ==,2023-01-09T12:43:06+00:00,LBAND,511.5476240747657,10.390697709876958,1.880548467595168e-05,59000.0,1.2775,0.039,1675.68469238281,3.125,-2.29476,0.05,0.0671502976190476,-1.9592505494501888,0.062439395811171375
UHVsc2FyRm9sZFJlc3VsdE5vZGU6MTU5Nw==,2020-01-07T12:25:04+00:00,LBAND,514.526216373832,10.390690924453674,3.790920159802495e-05,59000.0,1.0818,0.122,666.043273925781,1.315,-1.49225,0.1,0.101241789819376,-0.7677913309913795,0.05673293332700394
UHVsc2FyRm9sZFJlc3VsdE5vZGU6MTY0NQ==,2020-04-09T05:57:30+00:00,LBAND,514.6049244112143,10.390649479911003,2.27150172422966e-05,59000.0,1.6295,0.08,1367.20471191406,2.23,-2.20938,0.06,0.1071583581349206,-0.4478536317048883,0.054320067711489006
UHVsc2FyRm9sZFJlc3VsdE5vZGU6MTYzOA==,2020-04-04T01:30:44+00:00,LBAND,264.5937501308404,10.390710851025942,0.0001203375553941,59000.0,0.9283,0.429,170.284225463867,0.424,-0.581245,0.22,0.09320068359375,-0.1983015847322385,0.0387762740258178
UHVsc2FyRm9sZFJlc3VsdE5vZGU6MTY0OQ==,2020-04-27T05:09:21+00:00,LBAND,514.8399324112142,10.390644497950428,3.76784556737596e-05,59000.0,1.1655,0.157,564.725708007812,0.908,-0.636982,0.09,0.0933159722222222,-0.31782938570991154,0.053886927987344346
UHVsc2FyRm9sZFJlc3VsdE5vZGU6MTY2MQ==,2020-05-25T02:00:10+00:00,LBAND,508.8823697943918,10.39069916275398,1.340353370026475e-05,59000.0,1.6532,0.038,2525.55029296875,3.919,-0.562924,0.04,0.1052009828629032,-0.3154358158972458,0.05255758842272073
UHVsc2FyRm9sZFJlc3VsdE5vZGU6MTc1Ng==,2023-02-16T08:08:14+00:00,LBAND,511.5476240747656,10.390428379691317,1.860917553017939e-05,59000.0,1.4572,0.083,1357.31066894531,2.117,-2.58054,0.04,0.1059647817460317,-2.46275764955052,0.06285033588813271
UHVsc2FyRm9sZFJlc3VsdE5vZGU6MTU5NA==,2019-12-19T11:52:39+00:00,LBAND,291.4838142803741,10.39075316249777,2.915979452986022e-05,59000.0,0.2975,0.064,692.743286132812,1.56,-1.19994,0.13,0.0456776819923371,-0.7974233365781139,0.14210233234558348
UHVsc2FyRm9sZFJlc3VsdE5vZGU6MTU3MA==,2019-09-20T17:05:09+00:00,LBAND,257.53764007476656,10.39051855376822,0.0001988834905621,59000.0,49.6376,0.822,570.203674316406,1.504,-0.906541,0.07,0.051793659621802,-0.3131365826471964,0.05050793355502603
UHVsc2FyRm9sZFJlc3VsdE5vZGU6MTc2MA==,2023-03-30T08:08:42+00:00,LBAND,511.46965413084047,10.390282332955405,3.967172447524724e-05,59000.0,11.3452,0.114,2352.7529296875,3.911,-2.61957,0.04,0.0928664434523809,-2.535478125397165,0.06550307405163207
UHVsc2FyRm9sZFJlc3VsdE5vZGU6MTYxNA==,2020-03-06T04:45:34+00:00,LBAND,906.5181021308404,10.39061721065165,3.27292964256096e-05,59000.0,4.8274,0.086,2057.23999023438,2.489,-0.65563,0.05,0.0990822040929203,-0.352451741039983,0.0464551931987489
UHVsc2FyRm9sZFJlc3VsdE5vZGU6MTU1OQ==,2019-08-09T21:48:26+00:00,LBAND,264.43601943925256,10.390419350021054,5.145640305834144e-05,59000.0,0.3391,0.145,309.360961914062,0.786,-1.35874,0.17,0.0461341594827586,-0.1961608936702827,0.08007288887657645
UHVsc2FyRm9sZFJlc3VsdE5vZGU6MTY5Mg==,2020-12-08T17:39:32+00:00,LBAND,255.6557589532704,10.39089549929015,3.038781261433675e-05,59000.0,0.9803,0.076,894.700439453125,2.399,-1.54044,0.06,0.0851499495967741,-0.8123854802676471,0.05354314010986521
UHVsc2FyRm9sZFJlc3VsdE5vZGU6MTY1OQ==,2020-05-23T04:50:58+00:00,LBAND,255.81279700934516,10.390685689946098,3.582791387421944e-05,59000.0,0.9381,0.116,763.090515136719,1.611,-0.759901,0.08,0.084992439516129,-0.28615757480372395,0.053739054943226394
UHVsc2FyRm9sZFJlc3VsdE5vZGU6MTU3Ng==,2019-09-25T21:35:33+00:00,LBAND,2050.5828031401875,10.39054902296708,1.374933743139099e-05,59000.0,7.8462,0.057,5747.9150390625,4.328,-1.00307,0.03,0.0832319134550372,-0.3098099122450383,0.1476536420819021
UHVsc2FyRm9sZFJlc3VsdE5vZGU6MTU2OA==,2019-09-13T14:20:40+00:00,LBAND,263.5740004485983,10.390542318861884,3.436505534850909e-05,59000.0,1.2252,0.075,1052.70849609375,2.209,-1.15436,0.07,0.0463362068965517,-0.3880808372975845,0.03590886707839759
UHVsc2FyRm9sZFJlc3VsdE5vZGU6MTYyMQ==,2020-03-06T05:46:23+00:00,LBAND,905.576971962616,10.39070082535393,4.372258981619779e-05,59000.0,4.1141,0.114,1254.12548828125,1.679,-0.830082,0.07,0.1087354811946902,-0.501512824089713,0.050536320414259574
UHVsc2FyRm9sZFJlc3VsdE5vZGU6MTYxOA==,2020-03-06T05:16:07+00:00,LBAND,898.5992110654199,10.39064810289185,4.681799589300613e-05,59000.0,5.8283,0.096,1853.77124023438,2.223,-0.658464,0.06,0.1006382533482142,-0.4292428460978939,0.04866800160488479
UHVsc2FyRm9sZFJlc3VsdE5vZGU6MTYxNg==,2020-03-06T05:00:51+00:00,LBAND,898.5212411214947,10.390602989670873,5.058371939919906e-05,59000.0,8.2514,0.11,1961.00512695312,2.499,-0.642843,0.06,0.0984304617117117,-0.3877334727461517,0.04758845295326042
UHVsc2FyRm9sZFJlc3VsdE5vZGU6MTY5Nw==,2021-02-18T13:26:22+00:00,LBAND,255.57778900934517,10.39085932192603,2.55996369544368e-05,59000.0,1.5117,0.042,2111.75537109375,4.911,-1.3415,0.05,0.0811491935483871,-0.9930988284378638,0.06030012505815335
UHVsc2FyRm9sZFJlc3VsdE5vZGU6MTU2Mw==,2019-08-17T18:41:24+00:00,LBAND,518.2894749906545,10.390503166959762,2.280807885950755e-05,59000.0,1.9128,0.075,1461.63549804688,2.555,-0.976247,0.05,0.0381869612068965,-0.18207278345982508,0.10758403750125324
UHVsc2FyRm9sZFJlc3VsdE5vZGU6MTY2Mw==,2020-06-05T03:41:11+00:00,LBAND,255.8907669532704,10.390723254308543,4.962809235567743e-05,59000.0,0.7496,0.197,341.442199707031,0.804,-0.693705,0.11,0.0846774193548387,-0.24695246524148917,0.053656063562040536
UHVsc2FyRm9sZFJlc3VsdE5vZGU6MTYzNA==,2020-03-21T04:53:09+00:00,LBAND,514.6049244112143,10.390628814642216,2.284208186638964e-05,59000.0,0.577,0.074,719.344116210938,1.064,-0.652823,0.07,0.115141369047619,-0.3291227979577803,0.05102937349619593
UHVsc2FyRm9sZFJlc3VsdE5vZGU6MTY5MQ==,2020-11-28T18:01:33+00:00,LBAND,254.5586888971956,10.39093039028028,3.267696250067625e-05,59000.0,0.9013,0.086,743.019897460938,1.859,-1.49233,0.07,0.0867250504032258,-0.750538006220266,0.055501307828439816
UHVsc2FyRm9sZFJlc3VsdE5vZGU6MTc2OA==,2023-06-03T04:13:23+00:00,LBAND,255.56959222429904,10.390257300665969,2.364967072457321e-05,59000.0,3.5509,0.073,1915.74670410156,4.624,-0.405549,0.04,0.1044606854838709,-0.35057565322287315,0.05379328728747318
UHVsc2FyRm9sZFJlc3VsdE5vZGU6MTc0Mw==,2022-10-15T16:07:24+00:00,LBAND,511.5476240747657,10.390476201427752,1.537491721819146e-05,59000.0,4.8813,0.054,3804.90209960938,5.248,-2.63562,0.03,0.0949745783730158,-2.0106585346061614,0.06028603245007301
UHVsc2FyRm9sZFJlc3VsdE5vZGU6MTYxNQ==,2020-03-06T05:00:51+00:00,LBAND,899.5403412336442,10.390602821827684,5.061939019868328e-05,59000.0,8.2636,0.11,1961.28991699219,2.499,-0.641954,0.06,0.0984568552927927,-0.3877334727461517,0.04758845295326042
UHVsc2FyRm9sZFJlc3VsdE5vZGU6MzUzMzU=,2023-08-11T21:09:36+00:00,LBAND,255.569592224299,10.390264617422927,1.684437412727089e-05,59000.0,1.4748,0.066,1460.7890625,3.276,-1.04541,0.04,0.1044596354166666,-0.3816641909704343,0.052954470472584225
UHVsc2FyRm9sZFJlc3VsdE5vZGU6MTUzMw==,2019-03-08T04:39:17+00:00,LBAND,503.9999999999993,10.390501584262369,4.171294083021173e-05,59000.0,2.3678,0.082,905.021728515625,2.039,-1.6964,0.08,0.0432889344262295,-0.3300079890938457,0.046363417978440645
UHVsc2FyRm9sZFJlc3VsdE5vZGU6MTU0Mg==,2019-06-22T22:02:00+00:00,LBAND,513.5071629158881,10.390443671943457,5.587464121445319e-05,59000.0,1.4932,0.124,693.448974609375,1.22,-0.557377,0.1,0.1809831691297208,-0.24272589434017408,0.04814073598492748
UHVsc2FyRm9sZFJlc3VsdE5vZGU6MTU5MA==,2019-12-01T10:06:12+00:00,LBAND,258.4787331588787,10.390743226067768,1.888657386053955e-05,59000.0,1.1439,0.061,1412.04821777344,3.251,-1.31713,0.05,0.0305547830923248,-0.6737913968771627,0.04364478852511272
UHVsc2FyRm9sZFJlc3VsdE5vZGU6MTY2NQ==,2020-06-18T01:32:19+00:00,LBAND,255.81279700934516,10.390712433966344,3.701675280167352e-05,59000.0,2.072,0.061,1642.83081054688,3.963,-0.684724,0.06,0.1042086693548387,-0.24731184204839235,0.0536178557125633
UHVsc2FyRm9sZFJlc3VsdE5vZGU6MTYzMA==,2020-03-13T02:06:14+00:00,LBAND,258.5571194018685,10.390715939637827,5.28025401466339e-05,59000.0,2.1922,0.155,737.248474121094,1.689,-0.346638,0.08,0.093963623046875,-0.1804282972448823,0.0916606095553017
UHVsc2FyRm9sZFJlc3VsdE5vZGU6NzM0NTM=,2024-02-23T10:40:42+00:00,LBAND,255.569592224299,10.390338949780071,2.061498711880973e-05,59000.0,1.9948,0.073,1666.66430664062,3.663,-3.54437,0.04,0.0808026713709677,-3.438721154642036,0.07015374915081937
UHVsc2FyRm9sZFJlc3VsdE5vZGU6MTcxMg==,2021-08-05T20:19:52+00:00,LBAND,511.5476240747656,10.390732641180715,2.699053120986145e-05,59000.0,1.3148,0.102,946.457824707031,1.406,-0.894894,0.07,0.0997353830645161,-0.27555729408900576,0.16300486263244854
UHVsc2FyRm9sZFJlc3VsdE5vZGU6MTY2Ng==,2020-06-18T23:57:37+00:00,LBAND,511.8617001869152,10.390698813775137,3.030457768762912e-05,59000.0,1.0508,0.105,651.695129394531,1.197,-0.684783,0.08,0.113157242063492,-0.27178469978089814,0.05167486133746235
UHVsc2FyRm9sZFJlc3VsdE5vZGU6MTcxMw==,2021-08-16T21:45:05+00:00,LBAND,511.5476240747657,10.39077114738508,2.242319067860739e-05,59000.0,1.1713,0.079,1206.4921875,1.945,-0.826814,0.06,0.1047867063492063,-0.32959109997212577,0.05377666551320036
UHVsc2FyRm9sZFJlc3VsdE5vZGU6MTUzNA==,2019-03-15T08:21:16+00:00,LBAND,503.9999999999993,10.390507249341091,4.341220697752743e-05,59000.0,2.0142,0.096,1073.61193847656,2.0,-1.1887,0.09,0.1565061475409836,-0.789633837817013,0.061364284901609015
UHVsc2FyRm9sZFJlc3VsdE5vZGU6NDM4MDU=,2024-01-10T10:47:33+00:00,LBAND,255.4922084485981,10.390716190884463,7.466556995463838e-05,59000.0,1.7524,0.188,507.685211181641,1.222,-2.76556,0.1,0.0980972782258064,-2.7427833376631625,0.0645782754189166
UHVsc2FyRm9sZFJlc3VsdE5vZGU6MTcwNg==,2021-06-08T03:48:29+00:00,LBAND,254.47962078504605,10.39090717183625,2.159566729720325e-05,59000.0,1.0439,0.117,667.259643554688,1.544,-0.67114,0.05,0.0780304939516129,-0.36598344802284183,0.12363778547866042
UHVsc2FyRm9sZFJlc3VsdE5vZGU6MTcxMA==,2021-07-06T01:18:57+00:00,LBAND,255.5777890093451,10.390721804639432,2.418231757481723e-05,59000.0,2.3051,0.083,1375.17395019531,3.312,-0.600355,0.05,0.1216922883064516,-0.3462441690917398,0.054248877838907916
UHVsc2FyRm9sZFJlc3VsdE5vZGU6MTU2Ng==,2019-09-01T23:03:36+00:00,LBAND,257.61560044859834,10.390488273727437,2.974342797345804e-05,59000.0,1.1673,0.079,1133.939453125,2.49,-1.01097,0.07,0.0612833704115684,-0.3018141253739121,0.05816227397209417
UHVsc2FyRm9sZFJlc3VsdE5vZGU6MTU2NQ==,2019-08-25T19:45:00+00:00,LBAND,262.16291768224323,10.390528328186011,1.524393074688288e-05,59000.0,1.1332,0.052,1612.40319824219,3.585,-0.957526,0.05,0.0280845905172413,-0.23790776152980977,0.10824895731265341
UHVsc2FyRm9sZFJlc3VsdE5vZGU6MTYxMw==,2020-03-06T04:45:34+00:00,LBAND,907.53720224299,10.39061702235384,3.275149854433376e-05,59000.0,4.8341,0.086,2059.1826171875,2.497,-0.655791,0.05,0.0990735619469026,-0.352451741039983,0.0464551931987489
UHVsc2FyRm9sZFJlc3VsdE5vZGU6MTc0MQ==,2022-09-07T18:15:46+00:00,LBAND,510.5285239626161,10.390491584359658,1.670710344843745e-05,59000.0,1.4475,0.053,2056.29150390625,3.021,-0.960505,0.05,0.0981522817460317,-0.4198204137074006,0.05136991728728524
UHVsc2FyRm9sZFJlc3VsdE5vZGU6MTYwOA==,2020-03-01T09:35:59+00:00,LBAND,513.5078543551394,10.390788846691695,4.476698108565755e-05,59000.0,1.3711,0.187,496.338806152344,0.791,-1.00507,0.1,0.076385498046875,-0.9020859341068788,0.05767779506967114
UHVsc2FyRm9sZFJlc3VsdE5vZGU6MTU5OA==,2020-01-21T06:42:55+00:00,LBAND,262.55494699065446,10.390748712459336,3.760566308658739e-05,59000.0,1.0191,0.171,487.572357177734,1.451,-1.08196,0.08,0.0909213362068965,-0.5079397795250319,0.04253264477168348
UHVsc2FyRm9sZFJlc3VsdE5vZGU6NzM1MzA=,2024-03-07T05:14:44+00:00,LBAND,255.4922084485981,10.390188176525504,1.884318951953354e-05,59000.0,1.2811,0.034,2311.83325195312,4.759,-0.990151,0.06,0.1023185483870967,-0.9200249511098646,0.05079152902681969
UHVsc2FyRm9sZFJlc3VsdE5vZGU6MTU2MQ==,2019-08-11T21:23:20+00:00,LBAND,258.321698691589,10.390636046286565,6.529664252484342e-05,59000.0,1.3406,0.262,370.352569580078,0.931,-0.818745,0.11,0.0526974416017797,-0.24810108525466126,0.054460277349983634
UHVsc2FyRm9sZFJlc3VsdE5vZGU6MTc1Nw==,2023-03-07T08:30:31+00:00,LBAND,255.57778900934517,10.390329370997952,3.693372418881354e-05,59000.0,2.5676,0.143,797.397827148438,2.063,-3.16537,0.05,0.1082409274193548,-3.0103801934777463,0.0677103729068144
UHVsc2FyRm9sZFJlc3VsdE5vZGU6MTY4Mg==,2020-09-27T17:27:37+00:00,LBAND,511.5476240747656,10.390890153047708,1.732220344636323e-05,59000.0,0.6262,0.065,917.013488769531,1.578,-0.838857,0.06,0.0932229662698412,-0.4548065284117024,0.05606289593150201
UHVsc2FyRm9sZFJlc3VsdE5vZGU6MTUzMQ==,2019-02-12T05:27:29+00:00,LBAND,375.9999940186916,10.390565600157846,0.0001574575572735,59000.0,4.5657,0.705,270.719757080078,0.51,-1.24363,0.14,0.0511935763888888,-0.4893262884678478,0.04376023869500499
UHVsc2FyRm9sZFJlc3VsdE5vZGU6MTUzNw==,2019-04-22T07:35:35+00:00,LBAND,512.0000000000002,10.390419269078896,3.020866209035479e-05,59000.0,0.7066,0.126,535.782409667969,0.762,-1.14167,0.11,0.0741275027808676,-0.5363012620688858,0.05474260053875699
UHVsc2FyRm9sZFJlc3VsdE5vZGU6MTczMg==,2022-05-16T03:16:26+00:00,LBAND,511.5476240747656,10.390562795345303,1.437737793356027e-05,59000.0,5.9231,0.062,3661.935546875,5.703,-0.699114,0.03,0.1167999751984127,-0.4600897496351119,0.05390914749004435
UHVsc2FyRm9sZFJlc3VsdE5vZGU6MTY5MA==,2020-11-14T13:07:51+00:00,LBAND,511.46965413084047,10.390955692878508,4.184294036840411e-05,59000.0,3.1967,0.117,1171.58276367188,1.994,-1.39411,0.06,0.0720796130952381,-1.105278244366251,0.05697262938741036
UHVsc2FyRm9sZFJlc3VsdE5vZGU6MTc1OA==,2023-03-07T09:51:58+00:00,LBAND,511.5476240747656,10.390353793899306,2.230623431046494e-05,59000.0,2.8884,0.067,1827.765625,3.625,-3.22523,0.05,0.0763113839285714,-3.2595009276102855,0.06928304203668315
UHVsc2FyRm9sZFJlc3VsdE5vZGU6MTU1NQ==,2019-08-05T23:00:12+00:00,LBAND,263.1819711401872,10.39058457212654,2.024800941062226e-05,59000.0,2.3334,0.068,1860.16723632812,4.466,-0.83291,0.04,0.0829404633620689,-0.2117748345974293,0.14717932173690407
UHVsc2FyRm9sZFJlc3VsdE5vZGU6MTU0Ng==,2019-07-08T18:56:52+00:00,LBAND,514.3702956261684,10.390500469914672,3.67847067970199e-05,59000.0,1.221,0.069,1076.97094726562,1.925,-0.530223,0.11,0.0972393267651888,-0.17105788434533714,0.09168338213095967
UHVsc2FyRm9sZFJlc3VsdE5vZGU6MTc0MA==,2022-08-30T17:53:35+00:00,LBAND,511.5476240747656,10.390493313566283,2.166465900349083e-05,59000.0,1.5236,0.099,1108.54760742188,1.854,-1.11372,0.05,0.1338665674603174,-0.2993448792417592,0.04848174959890773
UHVsc2FyRm9sZFJlc3VsdE5vZGU6NzYyNTk=,2024-06-03T01:34:23+00:00,LBAND,510.5201142429906,10.39017232307611,3.427850527032233e-05,59000.0,1.1298,0.142,583.578491210938,0.972,-0.672103,0.08,0.110289558531746,-0.36945915254662337,0.05264092473972722
UHVsc2FyRm9sZFJlc3VsdE5vZGU6MzU0MjI=,2023-08-06T20:19:49+00:00,LBAND,511.545449271028,10.390249169161326,2.316308248755267e-05,59000.0,0.6627,0.09,737.231384277344,1.207,-0.90194,0.08,0.0980282738095238,-0.35941753396447146,0.0508547700840157
UHVsc2FyRm9sZFJlc3VsdE5vZGU6NzU5NDk=,2024-05-15T02:06:58+00:00,LBAND,511.545449271028,10.390044632479055,3.457736297029475e-05,59000.0,4.5776,0.054,2516.734375,4.313,-0.194552,0.07,0.0929749503968253,-0.3832650641836917,0.051566366367136525
UHVsc2FyRm9sZFJlc3VsdE5vZGU6MTcwMw==,2021-05-13T02:20:44+00:00,LBAND,254.47962078504605,10.390935223740216,2.197446088631905e-05,59000.0,2.9828,0.092,1622.24914550781,3.58,-0.404224,0.04,0.0799206149193548,-0.2835638843268459,0.055771749645900155
UHVsc2FyRm9sZFJlc3VsdE5vZGU6NzM0MDk=,2024-02-06T05:52:30+00:00,LBAND,255.4922084485981,10.390317651842574,4.420113140384595e-05,59000.0,1.0024,0.193,473.274597167969,1.22,-2.01891,0.08,0.1303868447580645,-1.5803669382473506,0.04843421193528841
UHVsc2FyRm9sZFJlc3VsdE5vZGU6MTYyMA==,2020-03-06T05:31:16+00:00,LBAND,897.5021410093451,10.39068758920007,4.04042686641855e-05,59000.0,4.1859,0.099,1576.85498046875,1.917,-0.812431,0.06,0.1182960304054054,-0.45897463050262616,0.04960474734894937
UHVsc2FyRm9sZFJlc3VsdE5vZGU6MTU1Ng==,2019-08-07T17:55:05+00:00,LBAND,263.33900560747685,10.390518229630905,2.159485317832697e-05,59000.0,0.6673,0.044,1409.73706054688,3.212,-0.941012,0.06,0.0603785021551724,-0.14619922108497138,0.09229181108655417
UHVsc2FyRm9sZFJlc3VsdE5vZGU6MTU1Nw==,2019-08-07T20:29:07+00:00,LBAND,264.4360194392526,10.390539580232678,3.269371289453228e-05,59000.0,1.0617,0.066,1223.83984375,2.744,-0.885307,0.08,0.0646214978448275,-0.13725004328142842,0.07930485794091474
UHVsc2FyRm9sZFJlc3VsdE5vZGU6MTU1Mw==,2019-07-29T18:54:20+00:00,LBAND,257.7726349158881,10.390402801118393,8.17874863260365e-05,59000.0,2.1648,0.259,419.560668945312,1.117,-0.830392,0.12,0.0362208008898776,-0.14762828520613236,0.09594272046526574
UHVsc2FyRm9sZFJlc3VsdE5vZGU6MTU5NQ==,2020-01-05T06:52:24+00:00,LBAND,257.45856598130865,10.390741547336852,2.316442734041487e-05,59000.0,1.6804,0.081,1428.66101074219,3.436,-0.925345,0.05,0.0684093437152391,-0.33253928038320135,0.03554611113646667
UHVsc2FyRm9sZFJlc3VsdE5vZGU6MTY5NA==,2021-01-03T11:41:44+00:00,LBAND,255.57778900934517,10.390973442815374,5.177475911300731e-05,59000.0,0.8402,0.18,390.060668945312,1.078,-1.54145,0.1,0.08701171875,-1.3995479468982097,0.06424410443695308
UHVsc2FyRm9sZFJlc3VsdE5vZGU6NzY0NDU=,2024-06-07T22:35:10+00:00,LBAND,255.56959222429904,10.390159916952337,2.777067699707708e-05,59000.0,2.6736,0.123,1085.50390625,2.553,-0.594207,0.04,0.0917338709677419,-0.40884462734365024,0.04609763368258808
UHVsc2FyRm9sZFJlc3VsdE5vZGU6NzUwNDU=,2024-04-09T07:19:07+00:00,LBAND,255.4922084485981,10.390236882504889,1.975867595314033e-05,59000.0,3.3898,0.074,2022.65112304688,4.653,-1.7302,0.03,0.1007749495967741,-1.668539822645102,0.060852326214901276
UHVsc2FyRm9sZFJlc3VsdE5vZGU6MTcyMw==,2022-01-13T11:28:34+00:00,LBAND,511.5476240747657,10.390816123261876,2.673969866863631e-05,59000.0,0.7686,0.093,718.773986816406,1.221,-1.86969,0.08,0.107328869047619,-1.5200713340483119,0.05961767379968638
UHVsc2FyRm9sZFJlc3VsdE5vZGU6MTcxOA==,2021-11-05T14:26:40+00:00,LBAND,511.5476240747657,10.390732302089647,2.732307654770875e-05,59000.0,3.1453,0.075,1770.60717773438,3.381,-1.33517,0.05,0.1041614163306451,-0.8130222897865553,0.05363165416689374
UHVsc2FyRm9sZFJlc3VsdE5vZGU6MTY5Mw==,2020-12-26T16:31:35+00:00,LBAND,255.4987208971956,10.390971478421758,8.13139336217317e-06,59000.0,0.8213,0.043,1822.70727539062,3.982,-1.32855,0.03,0.0910093245967741,-0.9386526982514523,0.08794821207758523
UHVsc2FyRm9sZFJlc3VsdE5vZGU6MTc0NA==,2022-10-27T19:20:56+00:00,LBAND,511.5476240747656,10.390507851835295,1.905857411621836e-05,59000.0,1.7785,0.048,2251.49877929688,3.534,-1.77364,0.05,0.0843939012096774,-1.031589429002418,0.05674327809907292
UHVsc2FyRm9sZFJlc3VsdE5vZGU6NzUwNTA=,2024-04-09T08:03:06+00:00,LBAND,511.46806549532704,10.39024285036866,1.859478373703462e-05,59000.0,2.2581,0.074,1581.45141601562,2.837,-1.97228,0.04,0.1106460813492063,-1.9519592342114755,0.0620449485184285
UHVsc2FyRm9sZFJlc3VsdE5vZGU6MTYyNA==,2020-03-06T06:01:39+00:00,LBAND,898.5992110654198,10.390678645021405,4.083610861420072e-05,59000.0,2.5863,0.108,1002.67303466797,1.421,-0.746882,0.07,0.1040259009009009,-0.541211211316326,0.05146124483358761
UHVsc2FyRm9sZFJlc3VsdE5vZGU6NzY4Njk=,2024-07-10T01:16:50+00:00,LBAND,511.545449271028,10.390164469124617,1.506934548041701e-05,59000.0,1.4826,0.043,2470.39331054688,3.765,-1.02505,0.05,0.1316654265873016,-0.5263341362011726,0.05479459514116891
UHVsc2FyRm9sZFJlc3VsdE5vZGU6MTczOQ==,2022-08-29T19:03:27+00:00,LBAND,511.5476240747657,10.390488938893396,2.584421657294207e-05,59000.0,1.4753,0.063,1635.23803710938,2.598,-0.965608,0.06,0.1171875,-0.28919657626681394,0.05111656457613892
UHVsc2FyRm9sZFJlc3VsdE5vZGU6MzUzMTc=,2023-06-16T20:41:24+00:00,LBAND,255.4922084485981,10.390235995346286,4.512310407541643e-05,59000.0,1.2608,0.124,693.623291015625,1.608,-0.868478,0.09,0.110383064516129,-0.24440764528781805,0.038325215401824826
UHVsc2FyRm9sZFJlc3VsdE5vZGU6MTU2NA==,2019-08-17T21:12:16+00:00,LBAND,519.4655629158881,10.39052984808984,1.888071090061885e-05,59000.0,1.4665,0.054,1748.63330078125,3.03,-0.966316,0.05,0.0868226600985221,-0.17204749571402037,0.07856693431174197
UHVsc2FyRm9sZFJlc3VsdE5vZGU6MTc1OQ==,2023-03-28T05:19:04+00:00,LBAND,255.57778900934517,10.390311936351855,3.561203333656121e-05,59000.0,3.3768,0.136,1254.34899902344,2.71,-0.976354,0.05,0.1341471354166666,-1.0502026841537022,0.055155916022446835
UHVsc2FyRm9sZFJlc3VsdE5vZGU6MTYwOQ==,2020-03-02T02:34:12+00:00,LBAND,258.5571194018685,10.390702391836689,5.8397426033332e-05,59000.0,2.1071,0.107,973.683410644531,2.127,-0.417776,0.08,0.1078944052419354,-0.13516931244813923,0.029295873998535747
UHVsc2FyRm9sZFJlc3VsdE5vZGU6Nzc4OTY=,2024-08-26T18:23:11+00:00,LBAND,511.545449271028,10.390122749677586,5.815956888111954e-05,59000.0,1.1707,0.151,408.046020507812,0.734,-1.50972,0.1,0.1015935019841269,-1.1586722278875334,0.05339497225370574
UHVsc2FyRm9sZFJlc3VsdE5vZGU6MTU0NQ==,2019-07-02T21:40:24+00:00,LBAND,1026.2313809345796,10.390513532452044,1.173104146367871e-05,59000.0,2.9449,0.032,3889.44653320312,4.228,-0.733649,0.03,0.0856044664675536,-0.3166360186829107,0.05150379230170303
UHVsc2FyRm9sZFJlc3VsdE5vZGU6NzY1NTQ=,2024-06-19T20:53:23+00:00,LBAND,254.55393016822424,10.39010120540108,9.76520706366246e-05,59000.0,1.369,0.381,272.615051269531,0.618,-0.381542,0.16,0.0852759576612903,-0.3642108267359864,0.04150977423376388
UHVsc2FyRm9sZFJlc3VsdE5vZGU6NzY1NTk=,2024-06-19T23:34:12+00:00,LBAND,511.46806549532704,10.390264558974954,2.978216381110287e-05,59000.0,0.9581,0.13,605.23193359375,0.972,-0.686901,0.08,0.1236359126984127,-0.47060066462133165,0.051633856419373104
UHVsc2FyRm9sZFJlc3VsdE5vZGU6MTU4MA==,2019-10-16T20:00:03+00:00,LBAND,257.5376400747666,10.3906577989865,3.652079200033645e-05,59000.0,1.1242,0.061,1180.65844726562,3.232,-1.2162,0.09,0.0825222469410456,-0.44234132496736744,0.05682352550247751
UHVsc2FyRm9sZFJlc3VsdE5vZGU6MzcyMTg=,2023-11-18T16:49:13+00:00,LBAND,255.4922084485981,10.390425977651294,4.603857841413351e-05,59000.0,1.0049,0.106,654.841369628906,1.516,-2.66263,0.08,0.1134387600806451,-1.9947624283448784,0.06258723398939457
UHVsc2FyRm9sZFJlc3VsdE5vZGU6MTU3NA==,2019-09-24T22:12:21+00:00,LBAND,257.53764007476656,10.390571913280302,4.225179548320402e-05,59000.0,4.1009,0.119,1255.02075195312,3.396,-1.1447,0.05,0.0614919354838709,-0.3783776322320925,0.05359151676113331
UHVsc2FyRm9sZFJlc3VsdE5vZGU6MTYzMQ==,2020-03-15T11:56:26+00:00,LBAND,258.5571194018685,10.39075390419514,6.207879974843993e-05,59000.0,1.1517,0.191,434.229370117188,1.116,-0.436646,0.11,0.0796055947580645,-0.6380997087904421,0.05061727236072825
UHVsc2FyRm9sZFJlc3VsdE5vZGU6MTYyNQ==,2020-03-06T06:16:54+00:00,LBAND,906.5181021308404,10.390693479308794,1.819120074919178e-05,59000.0,0.7431,0.065,956.382568359375,1.294,-0.795505,0.07,0.1052699806415929,-0.587113685013064,0.05222703503990295
UHVsc2FyRm9sZFJlc3VsdE5vZGU6MTcwOQ==,2021-06-28T19:06:08+00:00,LBAND,1799.5517966355133,10.390745938363146,1.464242019606119e-05,59000.0,1.6411,0.051,2154.322265625,1.832,-0.613155,0.05,0.085762331838565,-0.22190092286871113,0.032559505603546715
UHVsc2FyRm9sZFJlc3VsdE5vZGU6MzUyOTg=,2023-09-12T16:55:48+00:00,LBAND,255.4922084485981,10.390202186056392,0.0002667780871612,59000.0,23.6108,0.579,598.339782714844,1.391,-2.2207,0.13,0.1070123487903225,-1.3403656719713666,0.05327700501946535
UHVsc2FyRm9sZFJlc3VsdE5vZGU6MTU0MQ==,2019-06-21T18:59:35+00:00,LBAND,514.526216373832,10.390652568906816,6.969135673763129e-05,59000.0,1.6353,0.266,424.201324462891,0.715,-0.574246,0.12,0.1020676185344827,-0.1119929083883375,0.027812566114089957
UHVsc2FyRm9sZFJlc3VsdE5vZGU6MTY1MA==,2020-04-29T22:33:51+00:00,LBAND,512.8808002990647,10.390695624465287,3.916841635234221e-05,59000.0,3.3432,0.134,1180.38793945312,1.781,-0.407089,0.06,0.12109375,-0.14088344488071067,0.02779153397580086
UHVsc2FyRm9sZFJlc3VsdE5vZGU6MTY0Nw==,2020-04-17T00:10:16+00:00,LBAND,540.8687156635507,10.390651029650648,3.090926558095963e-05,59000.0,4.1741,0.11,1644.00329589844,2.441,-0.41327,0.04,0.1098928740530303,-0.19874794547186808,0.03521443685389047
UHVsc2FyRm9sZFJlc3VsdE5vZGU6MTY4Ng==,2020-10-22T18:24:01+00:00,LBAND,511.5476240747657,10.390851865645136,2.530215068733169e-05,59000.0,1.3681,0.089,1049.09020996094,1.639,-1.2168,0.06,0.0744357638888889,-0.6571368932858375,0.05842468966433669
UHVsc2FyRm9sZFJlc3VsdE5vZGU6MTcwNw==,2021-06-21T19:29:57+00:00,LBAND,1799.5517966355133,10.390807104628877,3.084588238747717e-05,59000.0,0.9411,0.124,592.57275390625,0.587,-0.499195,0.1,0.0866306849888392,-0.18160229043368428,0.0713934695347701
UHVsc2FyRm9sZFJlc3VsdE5vZGU6MTY1Ng==,2020-05-14T22:50:20+00:00,LBAND,518.9174310280366,10.390687725315994,2.827914741455859e-05,59000.0,1.1816,0.102,888.948669433594,1.43,-0.521252,0.07,0.091278076171875,-0.27389790737900854,0.03922081524565199
UHVsc2FyRm9sZFJlc3VsdE5vZGU6MTcyMA==,2021-11-30T13:54:34+00:00,LBAND,511.5476240747657,10.390684146266532,5.940501574664362e-05,59000.0,1.8838,0.195,551.968383789062,1.023,-1.83601,0.09,0.1245659722222222,-1.1622883406174869,0.057264896733261676
UHVsc2FyRm9sZFJlc3VsdE5vZGU6MzUzMTM=,2023-09-26T20:10:58+00:00,LBAND,510.6071709906541,10.390283763488162,1.162331625468646e-05,59000.0,1.5611,0.034,2646.27856445312,4.63,-1.53688,0.04,0.1118551587301587,-0.5797149197634838,0.055139849316175105
UHVsc2FyRm9sZFJlc3VsdE5vZGU6MTY1Mg==,2020-05-08T03:37:26+00:00,LBAND,512.8808002990647,10.390649856621703,2.248100625997332e-05,59000.0,2.0069,0.064,1776.51782226562,2.822,-0.726551,0.06,0.1081969246031746,-0.34921147377013795,0.05338505016051931
UHVsc2FyRm9sZFJlc3VsdE5vZGU6MTY3Ng==,2020-08-12T20:28:01+00:00,LBAND,511.8617001869152,10.390850147722617,1.785820497451227e-05,59000.0,0.5039,0.07,861.544921875,1.612,-0.881281,0.07,0.1097160218253968,-0.29620991997673346,0.05296169691402846
UHVsc2FyRm9sZFJlc3VsdE5vZGU6MTY4MA==,2020-09-10T19:16:17+00:00,LBAND,511.5476240747656,10.390874648439578,2.293912060425948e-05,59000.0,1.5094,0.062,1657.9052734375,2.807,-1.06681,0.06,0.0895492311507936,-0.2703203487563978,0.05852415861338989
UHVsc2FyRm9sZFJlc3VsdE5vZGU6MTcxNA==,2021-08-30T21:44:19+00:00,LBAND,255.5777890093451,10.390675403500156,3.843373903609464e-05,59000.0,0.8988,0.087,961.417785644531,2.197,-0.986853,0.09,0.0891507056451613,-0.37442468961767345,0.05566553926955536
UHVsc2FyRm9sZFJlc3VsdE5vZGU6MTcxNg==,2021-10-14T19:05:30+00:00,LBAND,511.5476240747656,10.39073155209173,2.186218730679362e-05,59000.0,1.6029,0.036,2645.42602539062,3.531,-1.37276,0.05,0.0711805555555555,-0.41018142150198733,0.05438580071536322
UHVsc2FyRm9sZFJlc3VsdE5vZGU6MTcyOA==,2022-03-28T05:00:59+00:00,LBAND,511.5476240747657,10.390607375420371,2.329407239106112e-05,59000.0,1.8443,0.08,1311.59509277344,2.239,-0.677323,0.05,0.1177300347222222,-0.5954732644599264,0.05234380778705289
UHVsc2FyRm9sZFJlc3VsdE5vZGU6MTc0NQ==,2022-11-08T18:38:32+00:00,LBAND,511.4696541308404,10.390508909589192,3.587749326131682e-05,59000.0,1.0569,0.054,1259.76684570312,2.064,-1.21528,0.1,0.083527595766129,-0.8895276817343518,0.055873897536944786
UHVsc2FyRm9sZFJlc3VsdE5vZGU6MTc1NA==,2023-01-26T09:08:04+00:00,LBAND,511.5476240747657,10.390532831501716,2.236043634639903e-05,59000.0,3.7205,0.064,2574.21435546875,4.223,-3.08536,0.04,0.0979352678571428,-2.629434079419657,0.06296964836183037
UHVsc2FyRm9sZFJlc3VsdE5vZGU6MTYwNg==,2020-02-28T12:43:43+00:00,LBAND,257.6159892336442,10.390691984779856,2.346657147447284e-05,59000.0,0.9121,0.112,571.248901367188,1.564,-0.971469,0.06,0.077117919921875,-0.8612028646064629,0.05416639934227201
UHVsc2FyRm9sZFJlc3VsdE5vZGU6MTU4MQ==,2019-10-19T11:26:53+00:00,LBAND,257.53764007476656,10.39062895262643,4.316687029830918e-05,59000.0,0.6372,0.108,504.567687988281,1.302,-1.38039,0.09,0.0832174638487208,-0.44513524041896985,0.03326269854717759
UHVsc2FyRm9sZFJlc3VsdE5vZGU6MzUzNjk=,2023-10-20T18:26:45+00:00,LBAND,255.56959222429904,10.390326341881735,2.347225593044577e-05,59000.0,1.9456,0.071,1636.59509277344,3.325,-2.43861,0.05,0.0990738407258064,-1.6909882034945916,0.061018309839086855
UHVsc2FyRm9sZFJlc3VsdE5vZGU6MTczNQ==,2022-06-29T02:28:40+00:00,LBAND,511.5476240747657,10.39050314217506,3.49342408491898e-05,59000.0,1.3171,0.128,761.617614746094,1.145,-0.746366,0.08,0.1116273941532258,-0.1918669097952514,0.05304628713327927
UHVsc2FyRm9sZFJlc3VsdE5vZGU6MzUzOTk=,2023-08-17T19:34:50+00:00,LBAND,511.545449271028,10.390262667651502,3.684496041331349e-05,59000.0,2.0341,0.09,1174.06262207031,1.831,-0.822618,0.07,0.1127697172619047,-0.497542665334332,0.05149994044905807
UHVsc2FyRm9sZFJlc3VsdE5vZGU6Mzc4OTE=,2023-12-11T16:39:27+00:00,LBAND,511.545449271028,10.390523845022583,1.956645611089848e-05,59000.0,1.4039,0.06,1591.53479003906,2.521,-2.54601,0.05,0.1089254712301587,-1.8218431336879726,0.06053147907658387
UHVsc2FyRm9sZFJlc3VsdE5vZGU6MTU5Mw==,2019-12-15T15:56:31+00:00,LBAND,258.47873315887875,10.390704752120628,2.779724649132812e-05,59000.0,1.2296,0.104,838.46630859375,1.867,-1.3441,0.06,0.0680899784482758,-0.675129866747084,0.1839573684718363
UHVsc2FyRm9sZFJlc3VsdE5vZGU6MTY2Mg==,2020-06-04T19:22:31+00:00,LBAND,511.7826320747657,10.390689958915392,3.081946568655531e-05,59000.0,2.9192,0.109,1262.94287109375,2.151,-0.478472,0.05,0.1154668898809523,-0.0797805677235733,0.017004113427373825
UHVsc2FyRm9sZFJlc3VsdE5vZGU6MTY2Nw==,2020-07-02T00:33:48+00:00,LBAND,511.7826320747657,10.390731062311296,1.588592426113133e-05,59000.0,1.8481,0.067,1450.13391113281,2.668,-0.592119,0.04,0.1167844742063492,-0.2653184645355185,0.053822832077027545
UHVsc2FyRm9sZFJlc3VsdE5vZGU6MTY4OQ==,2020-11-13T14:22:28+00:00,LBAND,255.4987208971956,10.390873281819998,4.481757510633734e-05,59000.0,1.3154,0.175,524.867919921875,1.35,-1.463,0.08,0.1085874495967741,-0.9985407142886122,0.05643723266173383
UHVsc2FyRm9sZFJlc3VsdE5vZGU6NzQ1NjU=,2024-03-19T06:32:05+00:00,LBAND,511.46806549532704,10.39025680305638,4.548482383940846e-05,59000.0,2.05,0.174,575.511047363281,0.964,-1.9324,0.08,0.1109561011904761,-1.8532577426149894,0.060351513704086264
UHVsc2FyRm9sZFJlc3VsdE5vZGU6MTczMA==,2022-04-23T04:47:48+00:00,LBAND,510.5285239626161,10.390554298400172,1.802088078733515e-05,59000.0,1.3284,0.071,1488.66979980469,2.213,-0.449985,0.05,0.1079024057539682,-0.3731960581121934,0.05347794173734673
UHVsc2FyRm9sZFJlc3VsdE5vZGU6MzUzNjE=,2023-10-21T19:43:22+00:00,LBAND,511.545449271028,10.390296017573997,2.187232061081815e-05,59000.0,0.6254,0.099,618.414672851562,1.089,-1.55356,0.07,0.1129092261904761,-0.8831267847090265,0.055917917931244586
UHVsc2FyRm9sZFJlc3VsdE5vZGU6MTYyMw==,2020-03-06T06:01:39+00:00,LBAND,899.6183111775694,10.390678861908311,4.08126277422355e-05,59000.0,2.5833,0.108,1004.09808349609,1.435,-0.746336,0.07,0.1039819115990991,-0.541211211316326,0.05146124483358761
UHVsc2FyRm9sZFJlc3VsdE5vZGU6MTYzNQ==,2020-03-28T05:17:44+00:00,LBAND,513.5078543551396,10.39060669966026,2.666443765969361e-05,59000.0,1.6723,0.092,1151.7490234375,1.842,-0.466259,0.06,0.1034071180555555,-0.3040843846801528,0.052013095826504104
UHVsc2FyRm9sZFJlc3VsdE5vZGU6MTcxNQ==,2021-09-26T21:33:53+00:00,LBAND,510.60649390654135,10.390718324719009,2.327194467905487e-05,59000.0,0.9494,0.06,1267.71411132812,1.995,-1.04234,0.07,0.1500913558467742,-0.24517579420501973,0.05234600755675085
UHVsc2FyRm9sZFJlc3VsdE5vZGU6MTY3MQ==,2020-07-16T23:54:17+00:00,LBAND,511.8617001869152,10.390846347609331,2.893333912101094e-05,59000.0,0.6921,0.152,403.776977539062,0.781,-0.7215,0.08,0.113157242063492,-0.2714698038605957,0.05913665808086991
UHVsc2FyRm9sZFJlc3VsdE5vZGU6MTcxNw==,2021-10-23T15:17:59+00:00,LBAND,511.46965413084047,10.390703165493104,2.068444718269651e-05,59000.0,1.8452,0.077,1512.88879394531,2.416,-1.77882,0.05,0.1069103422619047,-0.9774977460263112,0.05449186348632679
UHVsc2FyRm9sZFJlc3VsdE5vZGU6Nzc5NjQ=,2024-08-29T18:47:55+00:00,LBAND,255.56959222429904,10.390152742980131,1.104970339792335e-05,59000.0,1.8434,0.024,5044.46142578125,10.542,-1.54205,0.03,0.1067918346774193,-0.7657477216695109,0.0528805923545107
UHVsc2FyRm9sZFJlc3VsdE5vZGU6NzU2ODk=,2024-05-02T02:44:14+00:00,LBAND,510.5201142429906,10.390187729100152,3.523078422667246e-05,59000.0,3.9844,0.08,1751.95874023438,3.127,-0.531225,0.05,0.1054532490079365,-0.40049705918848644,0.05119656505219558
UHVsc2FyRm9sZFJlc3VsdE5vZGU6MTU4Nw==,2019-11-12T18:17:30+00:00,LBAND,520.4845170841114,10.390716464579889,2.115147910806677e-05,59000.0,0.7298,0.067,1009.94372558594,1.702,-1.18849,0.07,0.084136962890625,-0.4870051327760661,0.056382595914350395
UHVsc2FyRm9sZFJlc3VsdE5vZGU6NzM1NjY=,2024-03-09T06:38:21+00:00,LBAND,511.545449271028,10.390234736241304,1.860225012073769e-05,59000.0,1.3727,0.044,2101.84204101562,3.16,-1.98886,0.05,0.1066623263888889,-1.7209100750416553,0.05875693348832076
UHVsc2FyRm9sZFJlc3VsdE5vZGU6NzM0NTk=,2024-02-23T11:59:46+00:00,LBAND,510.5201142429906,10.390355903418786,1.43022013217055e-05,59000.0,0.8099,0.053,1380.908203125,2.319,-3.35559,0.05,0.1101345486111111,-3.3875829391460113,0.0685991761778385
UHVsc2FyRm9sZFJlc3VsdE5vZGU6MTYyMg==,2020-03-06T05:46:24+00:00,LBAND,905.4990020186908,10.390702780465787,4.426262042750712e-05,59000.0,4.1306,0.115,1248.06420898438,1.686,-0.824848,0.07,0.1087472098214285,-0.5015530926873719,0.05053727753897425
UHVsc2FyRm9sZFJlc3VsdE5vZGU6MTUzMg==,2019-02-12T08:40:47+00:00,LBAND,512.0000000000001,10.390594084085572,3.938139321480229e-05,59000.0,1.3209,0.189,427.203063964844,0.967,-0.75388,0.09,0.1573998235887097,-0.8447938276486804,0.05535671517514651
UHVsc2FyRm9sZFJlc3VsdE5vZGU6Nzg0NDU=,2024-10-03T20:14:28+00:00,LBAND,255.4922084485981,10.3901928808842,2.040604648031988e-05,59000.0,0.6939,0.066,986.360229492188,2.332,-2.42926,0.06,0.1710244455645161,-1.5087254010201587,0.05974943507706824
UHVsc2FyRm9sZFJlc3VsdE5vZGU6MTYxNw==,2020-03-06T05:16:06+00:00,LBAND,898.5212411214947,10.390650101879745,4.661084202071796e-05,59000.0,5.7814,0.096,1847.91760253906,2.226,-0.657171,0.06,0.10076904296875,-0.42920136892774713,0.048666885773687364
UHVsc2FyRm9sZFJlc3VsdE5vZGU6MTc1Mg==,2023-01-13T11:45:51+00:00,LBAND,255.4987208971956,10.390770509990354,4.959105901538409e-05,59000.0,2.2917,0.24,570.21337890625,1.394,-3.17099,0.06,0.1004914314516129,-2.598679642643191,0.0654028080251626
UHVsc2FyRm9sZFJlc3VsdE5vZGU6MTY0Mw==,2020-04-09T01:28:06+00:00,LBAND,520.5635851962609,10.39064206472227,5.831076923164457e-05,59000.0,2.1663,0.238,511.549133300781,0.782,-0.853332,0.09,0.0836639404296875,-0.2704589820706248,0.0408982949942243
UHVsc2FyRm9sZFJlc3VsdE5vZGU6MTYzMw==,2020-03-18T02:27:58+00:00,LBAND,513.5858242990647,10.390676800591503,2.505883153440821e-05,59000.0,0.8115,0.113,601.655517578125,1.161,-0.301505,0.07,0.0991908482142857,-0.24147900221386848,0.03846084379355824
UHVsc2FyRm9sZFJlc3VsdE5vZGU6MTU0Mw==,2019-07-01T17:43:45+00:00,LBAND,1025.604356785047,10.390530280243029,3.363798155067111e-05,59000.0,1.6018,0.094,1047.841796875,1.537,-0.620331,0.08,0.0738358674993212,-0.10650619742130826,0.018480765691223686
UHVsc2FyRm9sZFJlc3VsdE5vZGU6Mzc4ODk=,2023-11-30T17:04:26+00:00,LBAND,255.56959222429904,10.390324409345975,3.855784095099028e-05,59000.0,0.8848,0.099,752.580078125,1.608,-2.83094,0.09,0.0961756552419354,-2.3943406255352793,0.0640070484965513
UHVsc2FyRm9sZFJlc3VsdE5vZGU6MTYwNA==,2020-02-28T04:01:47+00:00,LBAND,257.53692112149463,10.390626416333577,0.0002250938027366,59000.0,7.9039,1.009,219.261840820312,0.571,-0.529475,0.15,0.1081779233870967,-0.24584498578129377,0.040040254993987535
UHVsc2FyRm9sZFJlc3VsdE5vZGU6Mzc4OTA=,2023-11-29T16:48:19+00:00,LBAND,511.545449271028,10.390340681535006,1.801014683719769e-05,59000.0,0.9352,0.101,724.191833496094,1.255,-3.00782,0.05,0.1387803819444444,-2.447594860395651,0.06462549224487027
UHVsc2FyRm9sZFJlc3VsdE5vZGU6MTY3OA==,2020-08-26T20:10:33+00:00,LBAND,255.4987208971956,10.390916214358343,4.810010093733393e-05,59000.0,0.6061,0.113,443.789459228516,1.291,-0.861047,0.1,0.0918913810483871,-0.34364043490060764,0.06063946265194996
UHVsc2FyRm9sZFJlc3VsdE5vZGU6MTYzNw==,2020-04-03T02:39:02+00:00,LBAND,514.6049244112143,10.39061999435063,5.881063791537778e-05,59000.0,0.8959,0.228,327.183776855469,0.57,-0.993683,0.15,0.0877685546875,-0.18816095999819796,0.04447931713799665
UHVsc2FyRm9sZFJlc3VsdE5vZGU6MzQ5OTA=,2023-10-30T16:09:25+00:00,LBAND,511.545449271028,10.390298365995422,2.372114290034044e-05,59000.0,2.3118,0.059,1893.81848144531,3.102,-2.79416,0.05,0.097501240079365,-1.9874551681472248,0.06159212147586998
UHVsc2FyRm9sZFJlc3VsdE5vZGU6MTY4MQ==,2020-09-11T18:12:07+00:00,LBAND,255.57778900934517,10.39088103745244,1.657323654215164e-05,59000.0,2.0328,0.09,1183.31555175781,3.062,-0.935445,0.03,0.0888041834677419,-0.3113324802751606,0.05261046340719287
UHVsc2FyRm9sZFJlc3VsdE5vZGU6MTc0OA==,2022-12-19T11:38:05+00:00,LBAND,511.5476240747657,10.390638381299386,1.454347910543852e-05,59000.0,1.2172,0.037,2340.07373046875,3.622,-2.47461,0.05,0.079985119047619,-1.7491458707371046,0.058456945262782
UHVsc2FyRm9sZFJlc3VsdE5vZGU6MTYyNg==,2020-03-06T06:16:54+00:00,LBAND,905.4990020186908,10.390694291558834,1.83334442418888e-05,59000.0,0.7437,0.065,958.83837890625,1.242,-0.785329,0.07,0.1055123465401785,-0.587113685013064,0.05222703503990295
UHVsc2FyRm9sZFJlc3VsdE5vZGU6MTYxMQ==,2020-03-04T02:33:58+00:00,LBAND,369.4896807476629,10.390660598369228,3.136073068231303e-05,59000.0,1.7953,0.08,1289.32629394531,2.657,-0.201423,0.06,0.1013888888888888,-0.19025137265632625,0.030849672532589533
UHVsc2FyRm9sZFJlc3VsdE5vZGU6MzU0MTE=,2023-06-06T02:38:06+00:00,LBAND,510.6071709906541,10.390214854670138,2.478615292506008e-05,59000.0,1.0295,0.036,2096.49633789062,3.406,-0.654139,0.07,0.1083209325396825,-0.3128926425513874,0.053593034727232536
UHVsc2FyRm9sZFJlc3VsdE5vZGU6MTYzOQ==,2020-04-05T02:04:49+00:00,LBAND,514.6049244112143,10.390648663262931,4.271078801457695e-05,59000.0,2.2182,0.164,686.694091796875,1.189,-0.552621,0.07,0.101407490079365,-0.19150098131664053,0.07444681981689215
UHVsc2FyRm9sZFJlc3VsdE5vZGU6MTcyNw==,2022-03-10T10:37:35+00:00,LBAND,511.5476240747657,10.39051261506063,4.498695452582171e-05,59000.0,1.3007,0.083,847.61279296875,1.458,-1.85207,0.09,0.0990358382936508,-2.1052456422245798,0.062421604742994116
UHVsc2FyRm9sZFJlc3VsdE5vZGU6MTYyOQ==,2020-03-11T03:00:52+00:00,LBAND,257.53692112149463,10.39066353801125,1.369037061209223e-05,59000.0,1.31,0.015,5602.5537109375,13.972,-0.46733,0.04,0.0905052923387096,-0.25005956836966475,0.03916081519996659
UHVsc2FyRm9sZFJlc3VsdE5vZGU6MTY0Ng==,2020-04-13T03:25:25+00:00,LBAND,513.5858242990647,10.39061361501068,3.986641970180681e-05,59000.0,0.8369,0.163,480.986236572266,0.801,-0.890724,0.11,0.1188926091269841,-0.24524503662512512,0.04957572493752505
UHVsc2FyRm9sZFJlc3VsdE5vZGU6MTU4NQ==,2019-11-02T09:20:00+00:00,LBAND,265.61210736448623,10.390603009069284,5.006003585981599e-05,59000.0,1.5033,0.153,560.216857910156,1.68,-0.698744,0.09,0.0776535560344827,-0.17016540214979695,0.014117416668511407
UHVsc2FyRm9sZFJlc3VsdE5vZGU6MTY2MA==,2020-05-24T20:07:16+00:00,LBAND,510.8415019065414,10.39073246333412,2.790996501008556e-05,59000.0,1.2096,0.077,1131.26916503906,1.907,-0.591669,0.07,0.1393849206349206,-0.07875576565022392,0.017423517507186632
UHVsc2FyRm9sZFJlc3VsdE5vZGU6MTcyMg==,2021-12-27T12:09:35+00:00,LBAND,511.5476240747657,10.390930903190991,2.294017906137468e-05,59000.0,3.3723,0.078,1830.31872558594,2.995,-2.17512,0.05,0.0903242807539682,-1.7609222659589887,0.06039966208151339
UHVsc2FyRm9sZFJlc3VsdE5vZGU6MTU4OA==,2019-11-23T18:15:21+00:00,LBAND,258.55669353271054,10.390686944306962,0.0001023202663067,59000.0,1.5756,0.238,285.941864013672,0.874,-1.09867,0.15,0.0782466629588431,-0.5566969422685807,0.20562871312300665
UHVsc2FyRm9sZFJlc3VsdE5vZGU6NDM3OTE=,2024-01-10T12:10:51+00:00,LBAND,511.46806549532704,10.39064477025934,2.682460859506537e-05,59000.0,1.7326,0.117,1029.44311523438,1.594,-3.38397,0.06,0.1156063988095238,-2.9815611853617066,0.0674709780873218
UHVsc2FyRm9sZFJlc3VsdE5vZGU6MTY4NQ==,2020-10-12T19:21:58+00:00,LBAND,511.6255940186909,10.39091074271514,1.439993837570064e-05,59000.0,0.6726,0.071,943.765380859375,1.628,-0.985074,0.05,0.0744977678571428,-0.5201773013163881,0.05516549039436744
UHVsc2FyRm9sZFJlc3VsdE5vZGU6MTY1Nw==,2020-05-17T21:17:35+00:00,LBAND,513.8999004112143,10.39066053483363,2.203980573639935e-05,59000.0,3.849,0.068,3003.45727539062,4.268,-0.486578,0.04,0.1047210693359375,-0.09619701605693742,0.04573135598529652
UHVsc2FyRm9sZFJlc3VsdE5vZGU6MTcyNA==,2022-01-30T13:09:01+00:00,LBAND,511.5476240747657,10.390808706181026,3.350655287416891e-05,59000.0,1.2028,0.103,733.731567382812,1.198,-2.1005,0.08,0.0918278769841269,-1.6391837003237875,0.05998599529409667
UHVsc2FyRm9sZFJlc3VsdE5vZGU6MTYzMg==,2020-03-16T09:24:18+00:00,LBAND,258.5571194018685,10.390660176654997,2.259246500765701e-05,59000.0,1.4973,0.113,756.237121582031,1.933,-0.63901,0.05,0.1049332157258064,-0.7535247842057659,0.057714284688586845
UHVsc2FyRm9sZFJlc3VsdE5vZGU6MTc2Mw==,2023-04-29T03:24:30+00:00,LBAND,511.5476240747656,10.39028027464467,2.371849744978374e-05,59000.0,3.1337,0.094,1356.900390625,2.345,-0.617683,0.05,0.0972222222222222,-0.37119080437031077,0.051975633755336474
UHVsc2FyRm9sZFJlc3VsdE5vZGU6MTY3NQ==,2020-07-30T21:51:37+00:00,LBAND,255.89076695327037,10.390765672590163,1.640826618759828e-05,59000.0,1.2065,0.066,1265.59594726562,3.006,-0.779982,0.04,0.1293472782258064,-0.2908872215142688,0.05274915842151726
UHVsc2FyRm9sZFJlc3VsdE5vZGU6MTczNA==,2022-06-18T23:51:33+00:00,LBAND,511.5476240747657,10.390454377926162,1.781234195117621e-05,59000.0,3.6165,0.041,3752.74560546875,5.775,-0.572265,0.04,0.1020740327380952,-0.10554564618626645,0.05034978768769852
UHVsc2FyRm9sZFJlc3VsdE5vZGU6MTYwMw==,2020-02-27T03:55:16+00:00,LBAND,514.6049244112143,10.390673782014046,8.432658822701273e-05,59000.0,1.4332,0.299,357.250946044922,0.633,-0.641024,0.15,0.0961991567460317,-0.26100172487574763,0.03900386872937187
UHVsc2FyRm9sZFJlc3VsdE5vZGU6MzUzNzY=,2023-06-19T23:30:51+00:00,LBAND,511.545449271028,10.390247920480608,1.999646543583996e-05,59000.0,1.14,0.077,1157.73461914062,1.737,-0.68428,0.05,0.1007254464285714,-0.3059053085695094,0.05067756628776379
UHVsc2FyRm9sZFJlc3VsdE5vZGU6MzUzNTM=,2023-07-06T02:42:54+00:00,LBAND,511.545449271028,10.390207646297016,1.329799997086944e-05,59000.0,2.0959,0.027,4050.04956054688,6.258,-0.795374,0.03,0.1447637648809523,-0.32121417540305663,0.053053064702600246
UHVsc2FyRm9sZFJlc3VsdE5vZGU6MzcyMDk=,2023-11-13T17:46:33+00:00,LBAND,511.545449271028,10.39027591732903,3.264758910762579e-05,59000.0,1.8579,0.085,1142.35864257812,1.78,-2.52955,0.07,0.1033296130952381,-2.0489550610251412,0.06257115330928517
UHVsc2FyRm9sZFJlc3VsdE5vZGU6MzcyMTQ=,2023-11-17T11:34:41+00:00,LBAND,510.6071709906541,10.39028129578818,4.590310642641106e-05,59000.0,1.8684,0.178,625.017517089844,1.158,-3.17198,0.08,0.0681861139112903,-2.349606490317684,0.054349275300154064
UHVsc2FyRm9sZFJlc3VsdE5vZGU6MTU4NA==,2019-10-30T20:52:36+00:00,LBAND,514.526216373832,10.39060856787242,1.647480077794615e-05,59000.0,0.4212,0.064,1008.50158691406,1.569,-1.08375,0.07,0.0460454296661193,-0.4285710646951917,0.14779641498442195
UHVsc2FyRm9sZFJlc3VsdE5vZGU6MTczOA==,2022-08-08T22:14:38+00:00,LBAND,511.4696541308404,10.39046677055431,4.953765456959493e-05,59000.0,0.8659,0.201,404.933624267578,0.739,-1.22759,0.1,0.1712859623015873,-0.20744939294589945,0.05301315562191283
UHVsc2FyRm9sZFJlc3VsdE5vZGU6MTU3OQ==,2019-10-16T18:33:52+00:00,LBAND,257.53764007476656,10.390603693035638,2.518871208184601e-05,59000.0,0.3655,0.06,893.88330078125,2.175,-1.3856,0.08,0.1095661846496106,-0.5308354383559531,0.05796740738473586
UHVsc2FyRm9sZFJlc3VsdE5vZGU6MTc2Nw==,2023-05-28T04:18:52+00:00,LBAND,511.46806549532704,10.390229939117695,1.635543287962201e-05,59000.0,5.0915,0.029,6336.6669921875,9.072,-0.559699,0.03,0.1007719494047619,-0.2750313815928273,0.05352616105628442
UHVsc2FyRm9sZFJlc3VsdE5vZGU6MTcyMQ==,2021-12-14T14:04:44+00:00,LBAND,511.5476240747657,10.390700174596391,2.524823259974742e-05,59000.0,1.6466,0.077,1410.11669921875,2.109,-1.63913,0.06,0.1000589037698412,-1.0376363403315296,0.05756342549574066
UHVsc2FyRm9sZFJlc3VsdE5vZGU6MTYxMA==,2020-03-04T02:25:44+00:00,LBAND,258.5571194018685,10.390709752340385,5.760115952461383e-05,59000.0,1.3683,0.148,623.559265136719,1.578,-0.424917,0.11,0.095766129032258,-0.18027934199944182,0.02940905493477026
UHVsc2FyRm9sZFJlc3VsdE5vZGU6MTY4OA==,2020-11-03T15:36:41+00:00,LBAND,255.4987208971956,10.390979625193337,5.1487740748262e-05,59000.0,1.4553,0.153,667.752746582031,1.517,-1.53559,0.1,0.1010269657258064,-0.7836942674740619,0.06023256129214799
UHVsc2FyRm9sZFJlc3VsdE5vZGU6MTczMQ==,2022-05-08T02:40:53+00:00,LBAND,511.5476240747657,10.39048366495498,4.947688453310078e-05,59000.0,1.0613,0.161,506.130310058594,0.839,-0.587204,0.12,0.0924169146825396,-0.335462842575665,0.051682013119978595
UHVsc2FyRm9sZFJlc3VsdE5vZGU6MTY3MA==,2020-07-10T03:21:47+00:00,LBAND,1023.8013703177564,10.390731019092128,1.436642708480675e-05,59000.0,1.4714,0.085,1260.67041015625,2.503,-0.782125,0.04,0.0743033341535433,-0.18379339879031314,0.0537238706207822
UHVsc2FyRm9sZFJlc3VsdE5vZGU6MTYyOA==,2020-03-06T06:32:10+00:00,LBAND,904.5578718504664,10.390660314846802,1.820645228037964e-05,59000.0,0.941,0.078,956.520385742188,1.277,-0.769309,0.06,0.0981009347098214,-0.6254727025699007,0.052963871334321594
UHVsc2FyRm9sZFJlc3VsdE5vZGU6MTc0Nw==,2022-12-03T12:43:35+00:00,LBAND,511.54806190654233,10.390590628877543,1.867923160338592e-05,59000.0,1.8168,0.061,1792.85949707031,3.032,-2.42597,0.05,0.0772259424603174,-1.856430902058361,0.059105391626829346
UHVsc2FyRm9sZFJlc3VsdE5vZGU6MTY0OA==,2020-04-26T08:55:54+00:00,LBAND,257.8509972336442,10.390645307174465,4.573730268119794e-05,59000.0,1.6811,0.126,672.743835449219,1.774,-0.826663,0.08,0.0765498991935483,-0.5627153462370817,0.05147524585282899
UHVsc2FyRm9sZFJlc3VsdE5vZGU6MTU0MA==,2019-05-21T03:46:49+00:00,LBAND,513.6641973831778,10.390460276516006,1.455734372528572e-05,59000.0,0.9719,0.04,2151.71069335938,3.48,-0.626013,0.05,0.0860700602079912,-0.2176840192203898,0.05580220443575127
UHVsc2FyRm9sZFJlc3VsdE5vZGU6MTU4OQ==,2019-11-26T08:40:58+00:00,LBAND,257.53764007476656,10.390700338181093,5.202721997350211e-05,59000.0,1.509,0.161,600.517944335938,1.425,-1.36381,0.08,0.0806104004449388,-0.33942631022507613,0.07727046405489198
UHVsc2FyRm9sZFJlc3VsdE5vZGU6MTcyNg==,2022-03-03T06:37:54+00:00,LBAND,511.4696541308404,10.390595788866726,1.463793610834581e-05,59000.0,1.1957,0.042,1861.62951660156,3.43,-1.48569,0.04,0.0999813988095238,-1.0462265712527357,0.05462853487836358
UHVsc2FyRm9sZFJlc3VsdE5vZGU6MzU0MTg=,2023-07-29T22:44:23+00:00,LBAND,255.4922084485981,10.3902301726576,8.927572759605254e-05,59000.0,7.4251,0.187,844.569458007812,2.036,-0.924677,0.1,0.1050907258064516,-0.3790252242062095,0.0536932380745688
UHVsc2FyRm9sZFJlc3VsdE5vZGU6MTUzMA==,2019-02-12T05:03:41+00:00,LBAND,512.0,10.390475643693138,0.0001851642961114,59000.0,10.124,0.694,362.041290283203,0.642,-0.571927,0.13,0.0453156502016129,-0.4243253744751858,0.041164777408863096
UHVsc2FyRm9sZFJlc3VsdE5vZGU6NzgxOTg=,2024-09-19T16:46:18+00:00,LBAND,511.545449271028,10.390146481872202,1.681782616680742e-05,59000.0,2.3424,0.069,1650.07946777344,2.544,-2.78635,0.04,0.1036396329365079,-1.874251962672569,0.05693577281460497
UHVsc2FyRm9sZFJlc3VsdE5vZGU6Nzc3NjM=,2024-08-12T20:19:21+00:00,LBAND,511.545449271028,10.390239990080277,2.815574822048019e-05,59000.0,2.6138,0.099,1122.07373046875,1.898,-1.04961,0.04,0.1116846478174603,-0.4296270068643382,0.051972833816036935
UHVsc2FyRm9sZFJlc3VsdE5vZGU6NzkwNzQ=,2024-11-25T17:28:39+00:00,LBAND,511.545449271028,10.390172907653326,2.597859396170796e-05,59000.0,1.3617,0.102,955.500122070312,1.676,-2.80001,0.06,0.0879371279761904,-2.111310015852992,0.062264469628327365
UHVsc2FyRm9sZFJlc3VsdE5vZGU6ODA1NTQ=,2024-12-13T10:28:50+00:00,LBAND,254.55393016822424,10.390353007664878,3.142817593232075e-05,59000.0,1.4988,0.153,663.412719726562,1.561,-3.49791,0.05,0.0848664314516129,-2.6633630178602865,0.05855806995017074
UHVsc2FyRm9sZFJlc3VsdE5vZGU6ODA1MzA=,2024-12-09T12:07:58+00:00,LBAND,511.545449271028,10.390348245029967,1.898152120244443e-05,59000.0,1.1255,0.06,1562.38500976562,2.435,-3.47612,0.05,0.116179935515873,-2.8163258995289358,0.06346200035909091
UHVsc2FyRm9sZFJlc3VsdE5vZGU6ODA4MDM=,2025-01-01T11:38:46+00:00,LBAND,511.46806549532704,10.390461169164055,9.64661723228685e-06,59000.0,6.3836,0.047,5013.880859375,8.402,-3.45362,0.02,0.0983072916666666,-2.9076969524351552,0.06582294851046952
UHVsc2FyRm9sZFJlc3VsdE5vZGU6ODEyMDk=,2025-01-13T13:50:57+00:00,LBAND,510.5201142429906,10.390509301217934,3.201093261257468e-05,59000.0,1.7703,0.055,2011.46496582031,3.154,-3.22797,0.07,0.1002394153225806,-2.665435230068082,0.06566453442559177
UHVsc2FyRm9sZFJlc3VsdE5vZGU6ODE0MzY=,2025-01-16T11:23:10+00:00,LBAND,255.56959222429904,10.3903838487644,2.127254948801745e-05,59000.0,1.2806,0.072,1285.42614746094,3.272,-2.76718,0.05,0.0915448588709677,-2.5123953920401685,0.06462743239618828
UHVsc2FyRm9sZFJlc3VsdE5vZGU6ODMwMjA=,2025-04-26T01:47:01+00:00,LBAND,255.569592224299,10.390160381111166,6.547231885657913e-05,59000.0,1.2214,0.157,555.571350097656,1.264,-0.715101,0.11,0.1186365927419354,-0.5208142679529765,0.047917414861800754
UHVsc2FyRm9sZFJlc3VsdE5vZGU6ODMyNDA=,2025-04-14T06:52:38+00:00,LBAND,255.4922084485981,10.390147200287236,3.15658488512593e-05,59000.0,0.7493,0.087,513.431335449219,1.209,-2.22823,0.07,0.1181640625,-1.9185946214337106,0.06209476618041266
UHVsc2FyRm9sZFJlc3VsdE5vZGU6ODM1NDY=,2025-04-25T02:29:31+00:00,LBAND,511.545449271028,10.390153741773302,1.299987261563213e-05,59000.0,0.8077,0.061,1103.845703125,2.048,-0.574315,0.04,0.1162884424603174,-0.3739066902381294,0.04919103816371527
UHVsc2FyRm9sZFJlc3VsdE5vZGU6ODM0MjY=,2025-04-15T05:02:08+00:00,LBAND,511.5454492710279,10.390080598814215,6.64871285850539e-05,59000.0,1.07,0.093,716.424743652344,1.119,-0.749303,0.15,0.1402784778225806,-0.6347591457058359,0.05423959373958505
UHVsc2FyRm9sZFJlc3VsdE5vZGU6ODk0NTc=,2025-12-21T13:04:26+00:00,LBAND,511.46806549532704,10.39044877929436,4.817088373197448e-05,59000.0,0.9878,0.14,496.172698974609,0.878,-2.63553,0.12,0.1262555803571428,-2.1648594949795474,0.0626890368259728
UHVsc2FyRm9sZFJlc3VsdE5vZGU6ODgzMjc=,2025-10-20T13:48:26+00:00,LBAND,1023.5648741682242,10.390270594928555,3.524572294348359e-05,59000.0,2.2691,0.149,829.061584472656,1.125,-3.10337,0.06,0.1769500492125984,-2.308863443086946,0.05573628688704558
UHVsc2FyRm9sZFJlc3VsdE5vZGU6ODgzNjk=,2025-10-27T13:10:39+00:00,LBAND,255.56959222429904,10.39024468178524,0.0006228973093932,59000.0,78.5768,2.573,260.906280517578,0.686,-2.87999,0.14,0.1451612903225806,-2.521354581596295,0.05608561852761469
UHVsc2FyRm9sZFJlc3VsdE5vZGU6ODc5MDk=,2025-10-20T14:56:58+00:00,LBAND,1023.4874903925232,10.390319014438736,3.197378666642051e-05,59000.0,2.6762,0.084,1285.53881835938,1.727,-3.08853,0.07,0.1101362573818897,-2.2394667509342336,0.059206414593914805
UHVsc2FyRm9sZFJlc3VsdE5vZGU6ODgzMjY=,2025-10-20T13:31:18+00:00,LBAND,1023.5648741682244,10.390273381940895,2.039230278690568e-05,59000.0,1.1959,0.093,903.227783203125,1.139,-3.04828,0.06,0.131951279527559,-2.222165223539751,0.054067250877874
UHVsc2FyRm9sZFJlc3VsdE5vZGU6ODg0MzA=,2025-10-28T15:22:46+00:00,LBAND,1023.5648741682244,10.39026063640816,1.95550454814884e-05,59000.0,1.1603,0.1,793.005493164062,1.044,-3.42111,0.06,0.1186869463582677,-2.467648278567075,0.06254455771770646
UHVsc2FyRm9sZFJlc3VsdE5vZGU6ODgzMjg=,2025-10-20T14:05:34+00:00,LBAND,1023.5648741682242,10.390259011845236,3.150999211643955e-05,59000.0,1.2876,0.103,853.997802734375,1.101,-3.16184,0.08,0.1244617372047244,-2.2551740987059237,0.05657296876258565
UHVsc2FyRm9sZFJlc3VsdE5vZGU6ODg2NjA=,2025-11-11T12:20:48+00:00,LBAND,255.56959222429904,10.39022311284865,8.968280860347502e-05,59000.0,1.2094,0.212,430.813415527344,1.201,-2.61903,0.15,0.0960286458333333,-2.215334974013272,0.05517677237592215
UHVsc2FyRm9sZFJlc3VsdE5vZGU6MTU1MQ==,2019-07-20T01:41:53+00:00,LBAND,258.71372800000023,10.39047932913857,2.244603827225221e-05,59000.0,1.181,0.034,2207.0361328125,5.029,-0.991691,0.06,0.0435901001112347,-0.22681928105259852,0.05417731682340635
UHVsc2FyRm9sZFJlc3VsdE5vZGU6MTU4Ng==,2019-11-09T12:51:29+00:00,LBAND,265.53414699065445,10.390609671740298,5.896152895003353e-05,59000.0,0.9384,0.104,596.804016113281,1.565,-1.63084,0.12,0.0911907327586206,-0.587920886602374,0.12078302005097122
UHVsc2FyRm9sZFJlc3VsdE5vZGU6MTU5Mg==,2019-12-14T15:14:01+00:00,LBAND,257.53764007476656,10.390732090940356,8.66175491289676e-05,59000.0,1.4773,0.176,487.143646240234,1.331,-1.22213,0.15,0.036012235817575,-0.6349599521957748,0.14115819118205258
UHVsc2FyRm9sZFJlc3VsdE5vZGU6MTU2MA==,2019-08-11T18:49:19+00:00,LBAND,258.47873315887875,10.390210207806216,0.0007736056443936,59000.0,35.5176,2.558,170.994262695312,0.427,-1.30592,0.25,0.0454269935344827,-0.21764216563449001,0.048350291652312645
UHVsc2FyRm9sZFJlc3VsdE5vZGU6MzUzNTY=,2023-09-25T20:58:07+00:00,LBAND,255.56959222429904,10.390299523850771,2.593128377199732e-05,59000.0,1.3386,0.092,991.73095703125,2.458,-1.38879,0.05,0.1027910786290322,-0.645414833226932,0.0551359629903326
UHVsc2FyRm9sZFJlc3VsdE5vZGU6MTYwMQ==,2020-02-02T09:00:52+00:00,LBAND,257.53764007476656,10.390621540674283,1.702970258530331e-05,59000.0,0.8224,0.082,816.13037109375,1.951,-1.31563,0.05,0.0884663515016685,-0.789204817481258,0.05450491624232104
UHVsc2FyRm9sZFJlc3VsdE5vZGU6ODY1NjU=,2025-08-30T14:23:11+00:00,LBAND,1023.4874903925232,10.390198842351792,2.769354753404099e-05,59000.0,1.6496,0.064,1520.28601074219,1.798,-1.81764,0.06,0.1328663262795275,-0.8650982503856534,0.028603578020357193
UHVsc2FyRm9sZFJlc3VsdE5vZGU6ODY1NzQ=,2025-08-30T17:22:25+00:00,LBAND,1023.4874903925232,10.390248957939988,4.025870278737972e-05,59000.0,1.4285,0.165,654.806701660156,0.777,-1.48138,0.09,0.187861405019685,-0.8441561735749398,0.04919569191500494
UHVsc2FyRm9sZFJlc3VsdE5vZGU6ODY1ODI=,2025-08-30T19:39:25+00:00,LBAND,1023.5648741682244,10.390205558519888,1.795797042698025e-05,59000.0,1.6541,0.061,1409.29699707031,1.683,-0.978604,0.06,0.1037078617125984,-0.6567262353500196,0.053859192560697586
UHVsc2FyRm9sZFJlc3VsdE5vZGU6ODY1Nzk=,2025-08-30T18:48:03+00:00,LBAND,1023.5648741682242,10.390159254209754,3.969309677022211e-05,59000.0,1.8379,0.123,799.5966796875,0.973,-1.36837,0.09,0.1022468626968503,-0.6878331293671074,0.0524739800874871
UHVsc2FyRm9sZFJlc3VsdE5vZGU6ODY5NDE=,2025-09-12T14:06:44+00:00,LBAND,760.5374205607476,10.390193995978729,1.776004877830998e-05,59000.0,2.1004,0.064,1680.91662597656,2.139,-2.04935,0.04,0.105458361037234,-0.9752767519070118,0.03529424542311465
UHVsc2FyRm9sZFJlc3VsdE5vZGU6ODY1OTM=,2025-08-30T23:00:17+00:00,LBAND,1023.5648741682244,10.390177945136832,1.824240266618495e-05,59000.0,1.2308,0.058,1186.65551757812,1.474,-0.930835,0.06,0.0934885580708661,-0.5842017840168039,0.05428930085492762
UHVsc2FyRm9sZFJlc3VsdE5vZGU6NDM1NTE=,2023-12-27T15:35:40+00:00,LBAND,511.545449271028,10.390578962676797,3.314662483557861e-05,59000.0,1.4164,0.082,1038.34826660156,1.777,-2.75339,0.08,0.1272166418650793,-2.3058740097907506,0.06314038947301918
UHVsc2FyRm9sZFJlc3VsdE5vZGU6ODI0NDA=,2025-03-15T05:56:41+00:00,LBAND,510.5201142429906,10.390098198225344,1.711653187450299e-05,59000.0,2.4582,0.045,2914.67895507812,4.575,-2.06452,0.04,0.1325762348790322,-1.6413616464010632,0.05759664739704324
UHVsc2FyRm9sZFJlc3VsdE5vZGU6ODU3MDk=,2025-07-24T21:04:15+00:00,LBAND,510.5201142429906,10.390167456529058,1.992044908682509e-05,59000.0,1.0647,0.065,1287.49938964844,2.107,-1.04375,0.06,0.1329210069444444,-0.36073979465164785,0.05045887108643851
UHVsc2FyRm9sZFJlc3VsdE5vZGU6NDQ4MDM=,2024-01-23T13:15:19+00:00,LBAND,511.545449271028,10.39077153007558,4.598571056041184e-05,59000.0,1.2276,0.153,646.983276367188,1.129,-2.89348,0.1,0.0989428323412698,-2.7292287094895578,0.06606743056275907
UHVsc2FyRm9sZFJlc3VsdE5vZGU6ODE2ODI=,2025-02-02T12:41:03+00:00,LBAND,511.545449271028,10.390277961949671,1.302302752123012e-05,59000.0,5.5006,0.049,4661.77587890625,7.49,-2.26365,0.03,0.0950210813492063,-2.1667602432617348,0.06286645246474729
UHVsc2FyRm9sZFJlc3VsdE5vZGU6ODIwMDg=,2025-02-18T07:27:51+00:00,LBAND,511.468065495327,10.390169956710425,2.185037758090465e-05,59000.0,2.5874,0.096,1437.58581542969,2.374,-1.92324,0.04,0.1135292658730158,-1.9282304303203495,0.05882460296256355
UHVsc2FyRm9sZFJlc3VsdE5vZGU6ODc0NjM=,2025-09-29T19:12:54+00:00,LBAND,511.545449271028,10.390244794224492,1.814693638029959e-05,59000.0,3.3138,0.051,2976.28784179688,4.877,-1.28934,0.04,0.1189236111111111,-0.7128514238694569,0.05557671768228989
UHVsc2FyRm9sZFJlc3VsdE5vZGU6ODUxNjE=,2025-06-24T02:05:04+00:00,LBAND,510.5201142429906,10.390177301651777,2.517045078816008e-05,59000.0,1.9349,0.052,2103.24926757812,3.475,-0.71176,0.07,0.1171875,-0.2924003516633272,0.053489261090477906
UHVsc2FyRm9sZFJlc3VsdE5vZGU6ODkzNTY=,2025-12-09T14:25:17+00:00,LBAND,511.545449271028,10.390391723181557,2.748074923463203e-05,59000.0,1.2818,0.095,973.998840332031,1.439,-2.63834,0.07,0.1223493303571428,-2.187177782501582,0.06323858516327784
UHVsc2FyRm9sZFJlc3VsdE5vZGU6OTAyMzE=,2026-01-20T11:24:19+00:00,LBAND,511.545449271028,10.390649928496128,4.221875119631307e-05,59000.0,2.0551,0.139,741.443969726562,1.412,-1.91164,0.08,0.0960131448412698,-1.5395139013030357,0.059659157240219654
UHVsc2FyRm9sZFJlc3VsdE5vZGU6ODcyMTQ=,2025-09-17T21:25:20+00:00,LBAND,511.545449271028,10.390161483525482,2.711438597060563e-05,59000.0,1.9879,0.068,1834.50561523438,2.783,-1.08132,0.06,0.1014837449596774,-0.685497699649458,0.05521699581772543
UHVsc2FyRm9sZFJlc3VsdE5vZGU6ODYyNDU=,2025-08-05T23:42:19+00:00,LBAND,511.545449271028,10.390159691023154,1.778854042909957e-05,59000.0,5.057,0.081,2184.56665039062,4.267,-0.897485,0.03,0.1069568452380952,-0.33918895641098085,0.05367228987363068
UHVsc2FyRm9sZFJlc3VsdE5vZGU6ODk5OTI=,2026-01-05T13:02:02+00:00,LBAND,511.46806549532704,10.390765788403597,3.198961746651171e-05,59000.0,1.4752,0.078,1116.40673828125,1.947,-1.89006,0.07,0.0949900793650793,-1.7248689307018306,0.06096126236821731
UHVsc2FyRm9sZFJlc3VsdE5vZGU6ODc4NzM=,2025-10-13T19:36:44+00:00,LBAND,511.545449271028,10.39023088934014,2.050377764102518e-05,59000.0,1.3822,0.053,1974.05004882812,3.002,-1.66251,0.06,0.0924014136904761,-0.7423953857679426,0.05558960170510201
UHVsc2FyRm9sZFJlc3VsdE5vZGU6ODgzNzQ=,2025-10-27T14:19:14+00:00,LBAND,511.545449271028,10.390242333748938,6.046204622506834e-05,59000.0,1.6027,0.189,526.470458984375,1.008,-3.1053,0.1,0.1324094742063492,-2.610158127035756,0.060628838898030245
UHVsc2FyRm9sZFJlc3VsdE5vZGU6ODY1NTI=,2025-08-26T13:38:24+00:00,LBAND,1023.5648741682242,10.390183439699785,1.692318255329955e-05,59000.0,5.92,0.044,4807.09521484375,6.482,-1.43848,0.04,0.1043914310515873,-0.32348336421322993,0.0112273821437756
UHVsc2FyRm9sZFJlc3VsdE5vZGU6ODY1Njk=,2025-08-30T15:31:41+00:00,LBAND,1022.5395391401868,10.39024705863176,4.016736436142226e-05,59000.0,2.1178,0.109,903.53125,1.128,-2.15685,0.07,0.1941360113188976,-1.1461934809109038,0.04088439216361519
UHVsc2FyRm9sZFJlc3VsdE5vZGU6ODY1NjE=,2025-08-30T13:14:42+00:00,LBAND,1022.5395391401868,10.390205646388129,2.035154537777674e-05,59000.0,1.14,0.039,1942.98608398438,2.204,-1.15592,0.06,0.1002629798228346,-0.2957561511841166,0.00872857638112013
UHVsc2FyRm9sZFJlc3VsdE5vZGU6ODY1ODU=,2025-08-30T20:30:47+00:00,LBAND,1023.5648741682244,10.39021891057154,2.131745337237371e-05,59000.0,1.5814,0.07,1282.19274902344,1.454,-1.13701,0.06,0.0984098179133858,-0.6002636855429463,0.05456770881570913
UHVsc2FyRm9sZFJlc3VsdE5vZGU6ODY5Mzg=,2025-09-12T13:15:26+00:00,LBAND,1023.5648741682242,10.39025406809025,2.158633236901723e-05,59000.0,1.5681,0.078,1296.89294433594,1.472,-1.82726,0.05,0.0971564345472441,-0.6697553135344687,0.024142657027960323
UHVsc2FyRm9sZFJlc3VsdE5vZGU6ODY5NjE=,2025-09-12T23:25:16+00:00,LBAND,1023.4874903925232,10.390184513581344,1.440093092587922e-05,59000.0,2.4247,0.053,2621.7080078125,2.977,-1.10821,0.04,0.0911509596456692,-0.38728253622769376,0.05072917252173656
UHVsc2FyRm9sZFJlc3VsdE5vZGU6ODY5NDA=,2025-09-12T13:49:38+00:00,LBAND,1023.4874903925232,10.390176180588,1.728748089773742e-05,59000.0,1.6979,0.056,1603.20190429688,1.74,-1.8819,0.04,0.1062684547244094,-0.8958086793763907,0.032054542325736346
UHVsc2FyRm9sZFJlc3VsdE5vZGU6ODY5NDU=,2025-09-12T15:28:08+00:00,LBAND,1023.5648741682244,10.390201433671503,1.06687380115089e-05,59000.0,1.4269,0.038,2256.22192382812,2.747,-2.24888,0.03,0.1733863467261904,-1.2445163063721842,0.046458480646596495
UHVsc2FyRm9sZFJlc3VsdE5vZGU6ODY5NDg=,2025-09-12T16:36:21+00:00,LBAND,1023.4874903925232,10.390157841593822,1.20930852364202e-05,59000.0,2.1866,0.05,2343.75756835938,2.704,-2.03377,0.04,0.118041031003937,-1.0739120239810516,0.05066404466963133
UHVsc2FyRm9sZFJlc3VsdE5vZGU6ODY5NDc=,2025-09-12T16:19:15+00:00,LBAND,1023.4874903925232,10.390173707136285,1.282873974625671e-05,59000.0,2.1795,0.043,2497.70532226562,2.801,-2.15657,0.04,0.1155188853346456,-1.1590210320968386,0.050019537387239875
UHVsc2FyRm9sZFJlc3VsdE5vZGU6ODY5NTE=,2025-09-12T20:34:16+00:00,LBAND,1023.4874903925232,10.39018037573857,9.95751562499174e-06,59000.0,2.33,0.05,2680.5146484375,3.016,-1.20501,0.03,0.0863095238095238,-0.4138041402324892,0.0540819194498824
UHVsc2FyRm9sZFJlc3VsdE5vZGU6ODY5NTA=,2025-09-12T20:17:10+00:00,LBAND,1023.4874903925232,10.39018686188158,1.16511475351852e-05,59000.0,3.8488,0.056,3577.78930664062,3.597,-1.22369,0.03,0.0897360974409448,-0.4323016763700045,0.054088467830633945
UHVsc2FyRm9sZFJlc3VsdE5vZGU6ODY5NTI=,2025-09-12T20:51:22+00:00,LBAND,1023.5648741682242,10.390187216915429,1.055217733986691e-05,59000.0,1.6735,0.053,2040.87133789062,2.335,-1.19283,0.04,0.0938038262795275,-0.41353991211788516,0.05411037314844017
UHVsc2FyRm9sZFJlc3VsdE5vZGU6ODY5NDQ=,2025-09-12T15:11:02+00:00,LBAND,1023.5648741682242,10.390184633223912,1.100520999614195e-05,59000.0,1.6437,0.042,2411.98095703125,2.708,-2.32047,0.03,0.1207631028543307,-1.2276867980610633,0.04472304720669842
UHVsc2FyRm9sZFJlc3VsdE5vZGU6ODY5NDY=,2025-09-12T16:02:09+00:00,LBAND,1023.4874903925232,10.39018293795366,1.9037031969702e-05,59000.0,3.1499,0.05,2452.25439453125,2.972,-2.21503,0.04,0.1880690206692913,-1.2244104236013067,0.049153613011628794
UHVsc2FyRm9sZFJlc3VsdE5vZGU6ODY5NTU=,2025-09-12T21:42:40+00:00,LBAND,1023.4004336448596,10.390206181956014,2.856797061310143e-05,59000.0,1.8752,0.108,977.514892578125,1.076,-1.18498,0.07,0.0821630084325396,-0.39554127085607693,0.053705231600081636
UHVsc2FyRm9sZFJlc3VsdE5vZGU6ODc4MDA=,2025-10-07T17:26:32+00:00,LBAND,1023.4874903925232,10.390204033948716,1.270536466517162e-05,59000.0,3.417,0.045,3791.13891601562,4.788,-2.46684,0.03,0.1100337921626984,-1.6436215114042019,0.05936578470665908
UHVsc2FyRm9sZFJlc3VsdE5vZGU6ODcyMDg=,2025-09-17T16:38:49+00:00,LBAND,1022.5395391401868,10.390193155181043,1.032319460930927e-05,59000.0,4.5847,0.037,5335.46923828125,6.901,-1.90833,0.03,0.1744249131944444,-1.1947098174244872,0.05251506590209394
UHVsc2FyRm9sZFJlc3VsdE5vZGU6ODc1NDA=,2025-09-21T20:37:27+00:00,LBAND,1023.5648741682244,10.390246036876093,2.696203060669527e-05,59000.0,2.0124,0.132,904.552124023438,1.241,-1.46227,0.05,0.1011395792322834,-0.8618010866843475,0.0564286414315593
UHVsc2FyRm9sZFJlc3VsdE5vZGU6ODcyMDU=,2025-09-16T22:11:49+00:00,LBAND,1023.4874903925232,10.390158782105852,1.033207405403742e-05,59000.0,1.9474,0.052,2530.72875976562,2.823,-1.14774,0.03,0.1268839197834645,-0.32748211240245084,0.052495067325393135
UHVsc2FyRm9sZFJlc3VsdE5vZGU6ODcyMzY=,2025-09-18T17:09:42+00:00,LBAND,1023.4874903925232,10.390168163827074,9.61883960564392e-06,59000.0,1.5875,0.041,2599.90234375,3.143,-1.84158,0.03,0.1152574434055118,-1.0885273681041099,0.05360922308715029
UHVsc2FyRm9sZFJlc3VsdE5vZGU6ODY5NjM=,2025-09-12T23:59:28+00:00,LBAND,1023.4874903925232,10.390194665922415,1.539611437047147e-05,59000.0,2.272,0.047,2316.14135742188,2.85,-1.2168,0.04,0.0938507564484127,-0.2979200325358127,0.048373556808401566
UHVsc2FyRm9sZFJlc3VsdE5vZGU6ODY5NDk=,2025-09-12T16:53:28+00:00,LBAND,137.26914512149528,10.390134424669212,2.484933388611158e-05,59000.0,1.1872,0.109,795.551818847656,2.473,-1.9578,0.05,0.11175537109375,-0.960669101149367,0.05105677814322124
UHVsc2FyRm9sZFJlc3VsdE5vZGU6MzUzMDQ=,2023-06-28T02:28:41+00:00,LBAND,255.56959222429904,10.390195569095576,4.853895717547829e-05,59000.0,1.4524,0.227,451.178436279297,0.999,-0.680205,0.08,0.1014994959677419,-0.3140948421751608,0.053649329255469266
UHVsc2FyRm9sZFJlc3VsdE5vZGU6MTU3NQ==,2019-09-25T17:54:03+00:00,LBAND,258.5566935327105,10.390698353760108,4.800041952819781e-05,59000.0,1.6939,0.071,1144.10009765625,2.871,-1.35411,0.08,0.083182703003337,-0.3185099537656363,0.10177798104413982
UHVsc2FyRm9sZFJlc3VsdE5vZGU6MTYwMA==,2020-01-30T05:13:26+00:00,LBAND,260.5948004485984,10.390657966948355,8.175716447562958e-05,59000.0,1.6359,0.202,436.239654541016,1.162,-0.185288,0.11,0.096747036637931,-0.3663730774285949,0.03560827095464844
UHVsc2FyRm9sZFJlc3VsdE5vZGU6MTU2Nw==,2019-09-07T13:35:19+00:00,LBAND,263.3390056074769,10.39056525501494,2.274810288848157e-05,59000.0,1.2034,0.04,1773.92565917969,4.042,-1.03206,0.05,0.0729054418103448,-0.18699134458717548,0.05453796404392492
UHVsc2FyRm9sZFJlc3VsdE5vZGU6Mzc4ODg=,2023-12-11T15:21:08+00:00,LBAND,255.4922084485981,10.39046017415542,2.239193824513769e-05,59000.0,1.2657,0.083,1024.71838378906,2.423,-2.81619,0.05,0.0779359879032258,-2.1165110779355585,0.06321744599383435
UHVsc2FyRm9sZFJlc3VsdE5vZGU6MzUzODg=,2023-10-07T17:14:24+00:00,LBAND,255.56959222429904,10.390353716477636,3.563312762313048e-05,59000.0,1.8146,0.138,683.090209960938,1.772,-2.90979,0.06,0.1075846354166666,-2.155478168105192,0.061907412407954
UHVsc2FyRm9sZFJlc3VsdE5vZGU6MzU0MDY=,2023-08-27T21:44:47+00:00,LBAND,255.56959222429904,10.390293823186097,0.0006544852018202,59000.0,477.5955,3.039,555.755920410156,1.245,-0.716397,0.07,0.1036101310483871,-0.4301127919735842,0.05436790776130234
UHVsc2FyRm9sZFJlc3VsdE5vZGU6MTY3Nw==,2020-08-12T22:32:47+00:00,LBAND,254.87166684112083,10.39089794562028,2.461532050932353e-05,59000.0,0.6865,0.104,616.913696289062,1.628,-0.861353,0.06,0.0924269153225806,-0.31336947584616853,0.05432077854383378
UHVsc2FyRm9sZFJlc3VsdE5vZGU6NzQ1NTk=,2024-03-19T05:04:02+00:00,LBAND,255.569592224299,10.39024594067588,2.235983936815324e-05,59000.0,0.5346,0.12,517.053894042969,1.34,-1.14158,0.06,0.1262285786290322,-1.081964257985768,0.053411241094811726
UHVsc2FyRm9sZFJlc3VsdE5vZGU6NzU5NDQ=,2024-05-14T04:12:02+00:00,LBAND,255.56959222429904,10.390149198147176,3.466706511506005e-05,59000.0,1.1565,0.127,728.204956054688,1.569,-0.371781,0.07,0.1153918850806451,-0.3635970550102324,0.05382351311738371
UHVsc2FyRm9sZFJlc3VsdE5vZGU6NzU2MDA=,2024-04-30T06:06:20+00:00,LBAND,254.55393016822424,10.390150680944414,3.584029690250954e-05,59000.0,0.5919,0.051,1038.95520019531,2.474,-1.13536,0.09,0.1098475302419354,-0.9060987928484369,0.056782991932287315
UHVsc2FyRm9sZFJlc3VsdE5vZGU6MTcwNQ==,2021-05-25T02:03:10+00:00,LBAND,255.5777890093451,10.390917367130456,2.022975454577881e-05,59000.0,1.0708,0.023,3109.90942382812,6.713,-0.179277,0.05,0.1049962197580645,-0.29852370814292367,0.056870501452231936
UHVsc2FyRm9sZFJlc3VsdE5vZGU6MTYwMg==,2020-02-17T05:18:32+00:00,LBAND,258.4780512897189,10.390631225685327,8.162948159768988e-05,59000.0,2.2537,0.239,464.893524169922,1.173,-0.701503,0.1,0.0923009072580645,-0.3528748383586575,0.04367819618635916
UHVsc2FyRm9sZFJlc3VsdE5vZGU6MTYwNQ==,2020-02-28T11:20:05+00:00,LBAND,257.5369211214947,10.390774215855163,0.0001166769235113,59000.0,1.4343,0.137,523.399108886719,1.253,-1.34235,0.17,0.0233114919354838,-0.8791770069870506,0.056019296953569386
UHVsc2FyRm9sZFJlc3VsdE5vZGU6MTcwOA==,2021-06-22T23:17:50+00:00,LBAND,255.5777890093451,10.390871348616407,5.270447399096347e-05,59000.0,0.8271,0.237,335.563659667969,0.758,-0.385984,0.11,0.0917338709677419,-0.32591302020196017,0.05666940692109685
UHVsc2FyRm9sZFJlc3VsdE5vZGU6MzU5ODE=,2023-10-30T13:41:57+00:00,LBAND,255.56959222429904,10.390288104364688,2.22821347516218e-05,59000.0,1.5342,0.097,1014.65374755859,2.574,-2.80797,0.04,0.0958291330645161,-2.1886894275336144,0.05731181896356302
UHVsc2FyRm9sZFJlc3VsdE5vZGU6MTU1MA==,2019-07-20T01:22:21+00:00,LBAND,258.47873315887875,10.390453638169223,2.457552827757663e-05,59000.0,1.1158,0.043,1991.08459472656,4.136,-0.831279,0.06,0.0316323692992213,-0.2291628830357416,0.05375140992821469
UHVsc2FyRm9sZFJlc3VsdE5vZGU6MTc2NA==,2023-05-06T01:59:21+00:00,LBAND,255.5777890093451,10.390204045448291,2.843642803797221e-05,59000.0,2.0937,0.084,1187.92041015625,2.808,-0.396223,0.06,0.0817792338709677,-0.3504401336316689,0.04980717642541366
UHVsc2FyRm9sZFJlc3VsdE5vZGU6MTU3MQ==,2019-09-23T14:40:54+00:00,LBAND,257.53764007476656,10.39059566933122,3.721216208900843e-05,59000.0,0.7146,0.163,445.6337890625,1.192,-1.32312,0.09,0.048456618464961,-0.3590876406269561,0.09210253974334053
UHVsc2FyRm9sZFJlc3VsdE5vZGU6MTU3OA==,2019-10-05T14:00:26+00:00,LBAND,257.61560044859834,10.390560964690852,4.693850983032463e-05,59000.0,1.4214,0.177,591.902954101562,1.443,-1.5488,0.08,0.0664627363737486,-0.5580978752331541,0.08565984006123728
UHVsc2FyRm9sZFJlc3VsdE5vZGU6MTU1OA==,2019-08-09T19:20:09+00:00,LBAND,264.2010245981311,10.3905783677342,5.723997781236255e-05,59000.0,0.5725,0.181,305.960357666016,0.819,-1.20058,0.15,0.0379849137931034,-0.21499191386414468,0.10575855306043282
UHVsc2FyRm9sZFJlc3VsdE5vZGU6MTU0NA==,2019-07-02T18:47:28+00:00,LBAND,258.71372800000023,10.39051095553442,3.085387853694557e-05,59000.0,0.7489,0.064,1043.55297851562,2.341,-0.771738,0.07,0.0850250278086763,-0.19925644925248562,0.03441305666976121
UHVsc2FyRm9sZFJlc3VsdE5vZGU6MTU3Mw==,2019-09-24T16:08:57+00:00,LBAND,257.61560044859834,10.390584579667053,1.800458336523541e-05,59000.0,1.0569,0.074,1020.28393554688,2.806,-1.32581,0.05,0.0615614571746384,-0.45889377633419826,0.0515454363810096
UHVsc2FyRm9sZFJlc3VsdE5vZGU6MTU2OQ==,2019-09-17T15:04:43+00:00,LBAND,257.61560044859834,10.39053187681757,2.991953272965097e-05,59000.0,1.6921,0.077,1309.77514648438,3.309,-1.37136,0.06,0.0916991101223581,-0.3300098545162589,0.09225897724261112
UHVsc2FyRm9sZFJlc3VsdE5vZGU6MTU0OA==,2019-07-14T17:40:06+00:00,LBAND,257.45856598130865,10.39062496752682,6.692034129397702e-05,59000.0,0.3137,0.219,229.101791381836,0.653,-0.381019,0.2,0.1385567296996663,-0.09232520716514768,0.03025484632107583
UHVsc2FyRm9sZFJlc3VsdE5vZGU6MTU3Mg==,2019-09-24T11:46:56+00:00,LBAND,258.5566935327105,10.390564507400002,2.869135571054266e-05,59000.0,2.0026,0.073,1495.02233886719,4.24,-1.07268,0.04,0.1792964404894327,-0.17696390258112826,0.012210418048245008
UHVsc2FyRm9sZFJlc3VsdE5vZGU6MTcwMg==,2021-04-30T02:48:47+00:00,LBAND,255.4987208971956,10.390937829162228,2.812655682591662e-05,59000.0,1.6113,0.071,1275.11804199219,2.772,-0.453598,0.05,0.1102255544354838,-0.3032947263885415,0.05247946633717727
UHVsc2FyRm9sZFJlc3VsdE5vZGU6MTYwNw==,2020-03-01T02:43:18+00:00,LBAND,258.5571194018685,10.39067049981604,2.937954515573647e-05,59000.0,0.7451,0.087,653.987548828125,1.572,-0.71229,0.08,0.090301513671875,-0.14826006180719098,0.03023912083779834
UHVsc2FyRm9sZFJlc3VsdE5vZGU6MTU4Mg==,2019-10-26T12:17:56+00:00,LBAND,257.53764007476656,10.390565688360953,5.975687017561525e-05,59000.0,1.3861,0.163,642.542297363281,1.466,-1.59837,0.1,0.0645856507230255,-0.5194204385468122,0.07176692988631296
UHVsc2FyRm9sZFJlc3VsdE5vZGU6MTY5OQ==,2021-03-18T07:33:08+00:00,LBAND,255.57778900934517,10.39107021236612,2.905352853220395e-05,59000.0,1.0088,0.11,690.278747558594,1.565,-0.87724,0.07,0.0965221774193548,-0.6460789642304191,0.14482431554426084
UHVsc2FyRm9sZFJlc3VsdE5vZGU6NDQ3OTc=,2024-01-23T11:57:11+00:00,LBAND,254.4765463925233,10.390524699278314,1.985077112339148e-05,59000.0,0.4748,0.052,919.810607910156,2.435,-3.42044,0.06,0.0914503528225806,-3.043380525802324,0.06809416490755571
UHVsc2FyRm9sZFJlc3VsdE5vZGU6NzgxNTQ=,2024-09-17T17:36:14+00:00,LBAND,255.4922084485981,10.39014970957765,1.592812869333958e-05,59000.0,0.5203,0.046,1141.025390625,2.791,-2.09327,0.05,0.1454448084677419,-1.4087820663497679,0.056300283898620976
UHVsc2FyRm9sZFJlc3VsdE5vZGU6NzczODE=,2024-07-24T23:20:28+00:00,LBAND,255.56959222429904,10.390290589001111,0.0001069855790315,59000.0,1.8683,0.275,393.333892822266,0.924,-0.799287,0.15,0.101594002016129,-0.5459834320743101,0.054689852870914574
UHVsc2FyRm9sZFJlc3VsdE5vZGU6MTc1NQ==,2023-02-15T04:47:41+00:00,LBAND,255.4987208971956,10.390421280176374,6.583230657734525e-05,59000.0,2.6086,0.077,1142.17541503906,2.883,-1.6161,0.08,0.1021925403225806,-1.0625714157857875,0.043181602091343294
UHVsc2FyRm9sZFJlc3VsdE5vZGU6MTc1Mw==,2023-01-25T05:50:36+00:00,LBAND,255.57778900934517,10.390566138553234,1.910682814780438e-05,59000.0,1.1935,0.076,1095.58923339844,2.593,-1.61752,0.04,0.0997983870967741,-1.1073745478000698,0.041141096513124774
UHVsc2FyRm9sZFJlc3VsdE5vZGU6Nzc3OTU=,2024-08-13T20:42:27+00:00,LBAND,255.56959222429904,10.390329546892314,6.006644245724696e-05,59000.0,1.5182,0.356,241.197052001953,0.613,-1.42355,0.1,0.1218182963709677,-0.3313911615161071,0.052210488720938864
UHVsc2FyRm9sZFJlc3VsdE5vZGU6MTc2Mg==,2023-04-22T02:48:47+00:00,LBAND,255.4987208971956,10.390241141579333,5.199037409651591e-05,59000.0,1.8928,0.238,469.867645263672,1.058,-0.414595,0.09,0.0877646169354838,-0.4571629922761866,0.05011488901017307
UHVsc2FyRm9sZFJlc3VsdE5vZGU6ODQ0NjY=,2025-05-28T21:27:11+00:00,LBAND,255.56959222429904,10.390196008551758,8.64966211905161e-05,59000.0,1.9771,0.288,420.569396972656,1.024,-1.11679,0.13,0.0922694052419354,-0.28455323449238984,0.03486251983368337
UHVsc2FyRm9sZFJlc3VsdE5vZGU6ODY4MjU=,2025-09-01T17:31:09+00:00,LBAND,254.4765463925233,10.390236320193884,3.376155808226752e-05,59000.0,0.6582,0.062,880.064392089844,2.217,-1.75996,0.09,0.1206212197580645,-0.8771182452867115,0.05033087345646073
UHVsc2FyRm9sZFJlc3VsdE5vZGU6ODM5MzQ=,2025-05-15T01:59:27+00:00,LBAND,255.56959222429904,10.39011748421758,2.110211109428578e-05,59000.0,1.2383,0.087,1216.07763671875,2.759,-0.540416,0.05,0.1069493447580645,-0.2622628734562282,0.05054939006295283
UHVsc2FyRm9sZFJlc3VsdE5vZGU6ODg5MTc=,2025-11-24T11:52:08+00:00,LBAND,255.569592224299,10.390335709463688,1.671053269751994e-05,59000.0,1.6243,0.082,1465.72131347656,3.2,-3.11319,0.04,0.11044921875,-2.016221105113609,0.05559820373636161
UHVsc2FyRm9sZFJlc3VsdE5vZGU6ODc4Njg=,2025-10-13T18:52:32+00:00,LBAND,255.569592224299,10.390113381613592,4.066266967024647e-05,59000.0,0.9967,0.114,764.830383300781,1.83,-1.4055,0.09,0.0968098958333333,-0.9068043261415646,0.056707137687228175
UHVsc2FyRm9sZFJlc3VsdE5vZGU6ODc2MTc=,2025-10-02T20:21:02+00:00,LBAND,254.55393016822424,10.390307802368172,0.0001229403922307,59000.0,1.6986,0.334,265.051727294922,0.719,-1.37013,0.17,0.0904107862903225,-0.5381207374059304,0.05449445036177003
UHVsc2FyRm9sZFJlc3VsdE5vZGU6ODI2MDg=,2025-03-11T09:14:41+00:00,LBAND,255.4922084485981,10.390158893239176,3.255677897673937e-05,59000.0,1.2842,0.171,556.022827148438,1.399,-3.46639,0.06,0.1056262600806451,-3.0943066800291743,0.06831213410198948
UHVsc2FyRm9sZFJlc3VsdE5vZGU6ODY0ODY=,2025-08-18T21:26:04+00:00,LBAND,255.4922084485981,10.390183853023592,3.652980142150316e-05,59000.0,1.2307,0.11,689.854064941406,1.824,-1.09,0.07,0.1147618447580645,-0.452567514316722,0.05390880586457843
UHVsc2FyRm9sZFJlc3VsdE5vZGU6ODIwNDU=,2025-02-22T09:10:27+00:00,LBAND,255.4922084485981,10.390230329884533,6.151642064387004e-05,59000.0,2.2334,0.194,742.458740234375,1.555,-3.36139,0.08,0.1011844758064516,-3.2157802020432853,0.06848769438429847
UHVsc2FyRm9sZFJlc3VsdE5vZGU6ODE2NzY=,2025-02-02T11:22:15+00:00,LBAND,255.4922084485981,10.390236141863952,1.927526787809812e-05,59000.0,9.5687,0.05,5780.65380859375,14.013,-2.16972,0.03,0.0719506048387096,-2.1071948605936544,0.06309449493408671
UHVsc2FyRm9sZFJlc3VsdE5vZGU6ODcyMDI=,2025-09-16T21:30:56+00:00,LBAND,255.4922084485981,10.390121652015376,1.962798664269466e-05,59000.0,1.7413,0.092,1203.29553222656,2.997,-1.201,0.04,0.0914388020833333,-0.3346197918854774,0.053328462144261464
UHVsc2FyRm9sZFJlc3VsdE5vZGU6ODUyMTI=,2025-06-28T00:43:49+00:00,LBAND,255.4922084485981,10.39014796501762,2.641431185504012e-05,59000.0,1.8803,0.116,1072.21789550781,2.282,-0.844111,0.05,0.1166834677419354,-0.253421116466443,0.05279080113060949
UHVsc2FyRm9sZFJlc3VsdE5vZGU6ODQ1NTU=,2025-06-11T20:33:09+00:00,LBAND,255.56959222429904,10.389939373101951,6.301010740573407e-05,59000.0,1.0056,0.211,383.527648925781,0.871,-0.717214,0.12,0.1086819556451613,-0.2662456933138833,0.03490167918928731
UHVsc2FyRm9sZFJlc3VsdE5vZGU6MTY0NA==,2020-04-09T05:04:04+00:00,LBAND,514.5269544672891,10.3906202862462,4.412015735428629e-05,59000.0,1.9063,0.087,1179.20263671875,1.778,-0.395862,0.21,0.0971292162698412,-0.33298165866806484,0.05273528553583021
UHVsc2FyRm9sZFJlc3VsdE5vZGU6ODYxNTc=,2025-08-04T17:13:15+00:00,LBAND,255.4922084485981,10.390254012190056,5.12665661550477e-05,59000.0,1.1822,0.157,422.238922119141,1.051,-1.17403,0.08,0.111328125,-0.3688449719003823,0.03698228359938686
UHVsc2FyRm9sZFJlc3VsdE5vZGU6ODk3MTA=,2025-12-23T15:05:50+00:00,LBAND,255.569592224299,10.39051786046859,2.385915969985911e-05,59000.0,1.5557,0.079,1417.72094726562,3.083,-2.06285,0.05,0.0958291330645161,-1.4931641354490444,0.059469799152371355
UHVsc2FyRm9sZFJlc3VsdE5vZGU6ODk5ODc=,2026-01-05T12:16:54+00:00,LBAND,255.569592224299,10.39092075010434,2.709354127553365e-05,59000.0,0.6876,0.121,568.602111816406,1.398,-2.29806,0.07,0.0966796875,-1.8737484482529103,0.06133156373267807
UHVsc2FyRm9sZFJlc3VsdE5vZGU6MTU1Mg==,2019-07-25T21:45:35+00:00,LBAND,301.9895315140189,10.390512225105462,2.551323978755909e-05,59000.0,1.7464,0.034,2603.07470703125,5.619,-0.850955,0.07,0.0561801025163094,-0.2263949843973072,0.10562170416391577
UHVsc2FyRm9sZFJlc3VsdE5vZGU6ODU3MDQ=,2025-07-21T19:44:25+00:00,LBAND,255.569592224299,10.390176037426135,3.731752043531645e-05,59000.0,2.6098,0.143,828.223693847656,2.058,-1.04129,0.05,0.1327179939516129,-0.395400165710755,0.04595715985035431
UHVsc2FyRm9sZFJlc3VsdE5vZGU6ODk0NDI=,2025-12-12T15:21:53+00:00,LBAND,255.56959222429904,10.390542194530324,1.726480723157128e-05,59000.0,1.0351,0.059,1411.28601074219,2.992,-2.15442,0.05,0.1025390625,-1.6094786797474516,0.06033676006830564
UHVsc2FyRm9sZFJlc3VsdE5vZGU6OTAyMjQ=,2026-01-19T13:58:28+00:00,LBAND,254.55393016822424,10.390639206305098,3.162791862374292e-05,59000.0,1.9203,0.143,652.129455566406,1.923,-2.11939,0.05,0.1032636088709677,-1.5467538143692299,0.059045488545166835
UHVsc2FyRm9sZFJlc3VsdE5vZGU6ODU0MDk=,2025-07-07T22:44:31+00:00,LBAND,255.56959222429904,10.390223274518386,2.634676294511463e-05,59000.0,1.3352,0.091,1072.75256347656,2.449,-0.880319,0.06,0.1536038306451612,-0.3109353083977016,0.051339438936898525
UHVsc2FyRm9sZFJlc3VsdE5vZGU6ODM3ODY=,2025-05-05T06:51:10+00:00,LBAND,255.4922084485981,10.39014843783078,3.546072062573676e-05,59000.0,1.0626,0.076,832.637390136719,2.114,-1.67561,0.06,0.1002394153225806,-1.1706671565833666,0.05730441368393128
UHVsc2FyRm9sZFJlc3VsdE5vZGU6ODY4MzA=,2025-09-01T18:45:22+00:00,LBAND,511.545449271028,10.390195422334068,2.922499668720148e-05,59000.0,10.8469,0.105,2515.57250976562,3.95,-1.34775,0.04,0.1083519345238095,-0.7370127674311563,0.05290976216436558
UHVsc2FyRm9sZFJlc3VsdE5vZGU6MTU0Nw==,2019-07-08T21:20:01+00:00,LBAND,513.6641973831778,10.390429282620527,2.478864740554433e-05,59000.0,1.1532,0.054,1432.52294921875,2.394,-0.987101,0.08,0.0604645593869731,-0.19350392299118416,0.09436193795328435
UHVsc2FyRm9sZFJlc3VsdE5vZGU6MTY0MQ==,2020-04-07T05:50:33+00:00,LBAND,514.6049244112143,10.390649922853749,1.225501067377779e-05,59000.0,2.0113,0.045,2636.13159179688,4.289,-2.938,0.04,0.088743179563492,-0.33467968331964526,0.053511171586399585
UHVsc2FyRm9sZFJlc3VsdE5vZGU6MTYzNg==,2020-03-31T04:40:02+00:00,LBAND,514.6049244112143,10.39065608881536,2.402636555057226e-05,59000.0,1.2384,0.075,1117.25598144531,1.819,-0.594004,0.06,0.0890531994047619,-0.30427348898147655,0.05081258548761628
UHVsc2FyRm9sZFJlc3VsdE5vZGU6ODY1Nzc=,2025-08-30T18:13:47+00:00,LBAND,1023.5648741682242,10.390214279989587,3.814232415688006e-05,59000.0,1.083,0.126,668.353393554688,0.794,-1.52734,0.1,0.1277605191929134,-0.7088975164534466,0.051206248468872104
UHVsc2FyRm9sZFJlc3VsdE5vZGU6ODY1NzY=,2025-08-30T17:56:40+00:00,LBAND,1022.5395391401868,10.3901671316588,3.801136650119585e-05,59000.0,1.1092,0.136,569.063232421875,0.755,-1.56092,0.11,0.1172340029761904,-0.6839046539025948,0.05027185881039118
UHVsc2FyRm9sZFJlc3VsdE5vZGU6MTYxMg==,2020-03-06T04:32:18+00:00,LBAND,544.5530700560741,10.39066791496015,3.033029698141384e-05,59000.0,2.5065,0.1,1209.49694824219,1.937,-0.532887,0.06,0.0939977845149253,-0.33438072032554517,0.04545966557234455
UHVsc2FyRm9sZFJlc3VsdE5vZGU6ODY1NzM=,2025-08-30T17:05:17+00:00,LBAND,1023.5648741682242,10.390176998901213,2.296856789730233e-05,59000.0,1.0663,0.119,813.487731933594,0.847,-1.36093,0.07,0.1381720595472441,-0.9692805196614037,0.04872171027434118
UHVsc2FyRm9sZFJlc3VsdE5vZGU6ODY1Nzg=,2025-08-30T18:30:55+00:00,LBAND,1023.4874903925232,10.39029069471383,3.420439413597374e-05,59000.0,1.0118,0.107,698.511291503906,0.841,-1.35431,0.1,0.1222548597440944,-0.6867351461337523,0.051818055457551214
UHVsc2FyRm9sZFJlc3VsdE5vZGU6ODY1ODk=,2025-08-30T21:51:47+00:00,LBAND,1023.5648741682244,10.390194822519971,4.338560312458634e-05,59000.0,6.6375,0.169,1288.24462890625,1.306,-1.06574,0.06,0.0934270423228346,-0.5742326311768507,0.05495274374550299
UHVsc2FyRm9sZFJlc3VsdE5vZGU6MTc2MQ==,2023-04-15T03:53:28+00:00,LBAND,511.4696541308404,10.390257457250666,3.282785295182462e-05,59000.0,0.9625,0.133,569.129638671875,0.88,-0.439645,0.09,0.0941122731854838,-0.4421146544855861,0.05151193680367228
UHVsc2FyRm9sZFJlc3VsdE5vZGU6ODY1OTY=,2025-08-30T23:51:39+00:00,LBAND,1022.5395391401868,10.390237820328098,1.285025091240782e-05,59000.0,0.7528,0.036,1541.55224609375,2.149,-0.837256,0.06,0.105707123523622,-0.44132261884607166,0.05207180957742764
UHVsc2FyRm9sZFJlc3VsdE5vZGU6ODY1OTU=,2025-08-30T23:34:31+00:00,LBAND,1023.5648741682242,10.390236000357527,1.954748536552528e-05,59000.0,1.8435,0.054,1727.06604003906,2.002,-0.887448,0.06,0.1202479084645669,-0.5601492842822221,0.05329666505817758
UHVsc2FyRm9sZFJlc3VsdE5vZGU6ODY1NzU=,2025-08-30T17:39:33+00:00,LBAND,1022.5395391401868,10.390153567361825,4.12652574971649e-05,59000.0,1.3553,0.16,605.314086914062,0.762,-1.38073,0.1,0.1654158464566929,-0.7557585651460033,0.04974268910163822
UHVsc2FyRm9sZFJlc3VsdE5vZGU6ODY1ODc=,2025-08-30T21:17:31+00:00,LBAND,1023.5648741682242,10.39022403375564,3.839235068046768e-05,59000.0,3.9052,0.122,1055.72021484375,1.291,-0.932911,0.07,0.0861297367125984,-0.5613926496676882,0.05482762222322413
UHVsc2FyRm9sZFJlc3VsdE5vZGU6ODY1ODY=,2025-08-30T21:00:24+00:00,LBAND,1023.4874903925232,10.39018348829662,2.889320325221034e-05,59000.0,1.8258,0.094,1136.88342285156,1.208,-0.925123,0.07,0.0870303199404761,-0.559041922033439,0.05469559107874114
UHVsc2FyRm9sZFJlc3VsdE5vZGU6ODY1OTI=,2025-08-30T22:43:09+00:00,LBAND,1023.4874903925232,10.390181152933774,1.588540096191426e-05,59000.0,1.1079,0.058,1119.22412109375,1.412,-1.04356,0.06,0.0919199064960629,-0.5166882497906929,0.05422534145485785
UHVsc2FyRm9sZFJlc3VsdE5vZGU6ODQ1MDg=,2025-06-10T23:48:56+00:00,LBAND,511.545449271028,10.390112865383456,2.203346206824949e-05,59000.0,1.986,0.079,1443.36755371094,2.579,-0.607322,0.04,0.1205267137096774,-0.3269537940712937,0.04997687845186026
UHVsc2FyRm9sZFJlc3VsdE5vZGU6ODY1OTQ=,2025-08-30T23:17:25+00:00,LBAND,1022.462155364486,10.390211368673697,1.628177910129716e-05,59000.0,1.0685,0.046,1599.78869628906,1.655,-0.887829,0.06,0.1135503813976377,-0.5780958542802906,0.053872473906326525
UHVsc2FyRm9sZFJlc3VsdE5vZGU6MTcxMQ==,2021-07-21T21:15:47+00:00,LBAND,511.5476240747656,10.3907476383219,3.612179843195088e-05,59000.0,1.4398,0.151,561.847290039062,1.135,-0.782279,0.08,0.091703869047619,-0.24318221391283704,0.2474215330690547
UHVsc2FyRm9sZFJlc3VsdE5vZGU6MTY1NA==,2020-05-11T07:56:01+00:00,LBAND,513.8208322990647,10.390662825794644,4.222375397187628e-05,59000.0,0.7718,0.16,412.495666503906,0.678,-0.809003,0.12,0.0762493799603174,-0.39844035500440317,0.05049134724292029
UHVsc2FyRm9sZFJlc3VsdE5vZGU6MTcwNA==,2021-05-16T03:07:48+00:00,LBAND,510.60649390654135,10.390901935988667,2.578602874881139e-05,59000.0,2.7139,0.07,1835.03662109375,2.944,-0.15507,0.06,0.0878751240079365,-0.24749758959140777,0.10317772942171213
UHVsc2FyRm9sZFJlc3VsdE5vZGU6MTczMw==,2022-06-01T01:38:29+00:00,LBAND,511.5476240747657,10.39049331712381,2.042410428568873e-05,59000.0,7.919,0.046,5370.14990234375,8.091,-0.539269,0.03,0.1131727430555555,-0.17937848292655897,0.05172991926425202
UHVsc2FyRm9sZFJlc3VsdE5vZGU6MTczNw==,2022-07-26T21:25:38+00:00,LBAND,511.5476240747656,10.390514042701904,1.76371173771455e-05,59000.0,0.8838,0.051,1488.68395996094,2.317,-0.853109,0.06,0.1023995535714285,-0.25954878982314233,0.05124251683620099
UHVsc2FyRm9sZFJlc3VsdE5vZGU6MTc0Mg==,2022-09-26T17:52:00+00:00,LBAND,511.4696541308404,10.390551469383526,4.314783640633318e-05,59000.0,1.5893,0.201,515.612548828125,0.964,-1.60136,0.08,0.1039094002016129,-0.8200533762630199,0.05496226726970089
UHVsc2FyRm9sZFJlc3VsdE5vZGU6ODQzMzE=,2025-05-27T03:23:43+00:00,LBAND,511.46806549532704,10.39009993345396,3.99356572041298e-05,59000.0,1.8683,0.111,894.043090820312,1.781,-0.5537,0.07,0.1146453373015873,-0.3955152754177186,0.05390877229863413
UHVsc2FyRm9sZFJlc3VsdE5vZGU6ODM4NTU=,2025-05-14T03:09:38+00:00,LBAND,511.46806549532704,10.39012101557961,2.801586250866098e-05,59000.0,1.5023,0.049,1716.142578125,2.868,-0.593635,0.05,0.1096385168650793,-0.3736099552631912,0.05290175974096424
UHVsc2FyRm9sZFJlc3VsdE5vZGU6ODU0MzI=,2025-07-08T21:34:42+00:00,LBAND,511.545449271028,10.39018949094866,1.829234389048241e-05,59000.0,1.1451,0.067,1242.86547851562,1.98,-0.945329,0.05,0.1287667410714285,-0.3132853253409068,0.04885698710385468
UHVsc2FyRm9sZFJlc3VsdE5vZGU6MTY2NA==,2020-06-05T23:44:37+00:00,LBAND,511.8617001869152,10.390629866848508,4.814715004780063e-05,59000.0,1.088,0.103,613.915710449219,1.121,-0.336484,0.11,0.0986328125,-0.294818816936881,0.05071177171177776
UHVsc2FyRm9sZFJlc3VsdE5vZGU6MzUzNzI=,2023-10-08T16:12:54+00:00,LBAND,511.545449271028,10.39032889151204,2.774665704128331e-05,59000.0,3.09,0.071,1837.97399902344,3.103,-3.11665,0.05,0.1440507192460317,-2.6845564847025867,0.06285288747151034
UHVsc2FyRm9sZFJlc3VsdE5vZGU6MTY4Nw==,2020-11-03T12:20:46+00:00,LBAND,510.5285239626161,10.390853879245617,2.143355512097291e-05,59000.0,0.9774,0.081,978.791625976562,1.569,-1.91639,0.06,0.0815662202380952,-0.9148608315338536,0.04946564202526451
UHVsc2FyRm9sZFJlc3VsdE5vZGU6MTcyOQ==,2022-04-10T05:53:00+00:00,LBAND,511.5476240747657,10.390560379168477,2.888384937069523e-05,59000.0,1.6883,0.115,898.379211425781,1.474,-1.00077,0.06,0.1277746775793651,-0.9258634084899279,0.05658801116773993
UHVsc2FyRm9sZFJlc3VsdE5vZGU6MTY1MQ==,2020-05-05T20:46:50+00:00,LBAND,512.8808002990647,10.39066610536283,3.528787979234555e-05,59000.0,1.5244,0.137,796.657836914062,1.284,-0.333566,0.07,0.0998728918650793,-0.03266324298313058,0.0069606279502688745
UHVsc2FyRm9sZFJlc3VsdE5vZGU6ODY0OTE=,2025-08-18T22:12:31+00:00,LBAND,511.545449271028,10.39017053955388,2.661727617858313e-05,59000.0,0.9985,0.068,1189.78259277344,1.7,-0.931949,0.07,0.0836588541666666,-0.4119208675110664,0.05407821165523885
UHVsc2FyRm9sZFJlc3VsdE5vZGU6ODc4MTQ=,2025-10-07T21:37:47+00:00,LBAND,835.4836073271026,10.390265247762905,2.232820120943254e-05,59000.0,5.8624,0.085,2677.33276367188,3.334,-1.16801,0.04,0.0920054611650485,-0.5425672392876474,0.051980403153610785
UHVsc2FyRm9sZFJlc3VsdE5vZGU6MTYyNw==,2020-03-06T06:32:10+00:00,LBAND,905.576971962616,10.39066038794531,1.830805811552229e-05,59000.0,0.9513,0.079,953.489868164062,1.275,-0.769251,0.06,0.0980922154017857,-0.6254727025699007,0.052963871334321594
UHVsc2FyRm9sZFJlc3VsdE5vZGU6MTUzOQ==,2019-05-14T03:57:00+00:00,LBAND,1016.0000000000002,10.390505660614217,2.545955719933975e-05,59000.0,3.0011,0.074,1759.33410644531,2.462,-0.524671,0.05,0.0676637931034482,-0.19556727019563017,0.10294646276006113
UHVsc2FyRm9sZFJlc3VsdE5vZGU6ODY1NTM=,2025-08-26T13:55:31+00:00,LBAND,817.0565957383176,10.390201186179516,1.361121228363497e-05,59000.0,2.9201,0.035,4062.14282226562,6.199,-1.49937,0.04,0.1561146349009901,-0.4786883707573649,0.016711406561966787
UHVsc2FyRm9sZFJlc3VsdE5vZGU6ODY1NTE=,2025-08-26T13:21:15+00:00,LBAND,1023.5648741682244,10.390202849035887,1.304853391121904e-05,59000.0,3.9318,0.035,4827.4521484375,6.516,-1.26014,0.03,0.0975947342519685,-0.15363738527810417,0.005269844917326497
UHVsc2FyRm9sZFJlc3VsdE5vZGU6ODY1NjI=,2025-08-30T13:31:49+00:00,LBAND,1022.5395391401868,10.390199131088352,2.866600791717021e-05,59000.0,1.8454,0.048,1804.08178710938,2.027,-1.39305,0.07,0.0966643085629921,-0.4810648532148626,0.01454930051665418
UHVsc2FyRm9sZFJlc3VsdE5vZGU6MTYxOQ==,2020-03-06T05:31:16+00:00,LBAND,898.5212411214947,10.390687393723637,4.037866065169973e-05,59000.0,4.1806,0.099,1572.96765136719,1.918,-0.811458,0.06,0.1182960304054054,-0.45897463050262616,0.04960474734894937
UHVsc2FyRm9sZFJlc3VsdE5vZGU6ODY1NzE=,2025-08-30T16:05:55+00:00,LBAND,1023.5648741682242,10.39021747983216,2.038817829126584e-05,59000.0,0.7942,0.086,797.653503417969,0.893,-1.66851,0.07,0.1137118602362204,-1.161137597509011,0.04477669980848411
UHVsc2FyRm9sZFJlc3VsdE5vZGU6ODY1NjM=,2025-08-30T13:48:56+00:00,LBAND,1022.5395391401868,10.39024333823509,2.807709971836054e-05,59000.0,1.3222,0.051,1627.22900390625,1.855,-1.50975,0.07,0.189453125,-0.6260421499227921,0.019756776454625733
UHVsc2FyRm9sZFJlc3VsdE5vZGU6ODY1NzA=,2025-08-30T15:48:47+00:00,LBAND,1023.5648741682244,10.3902235196118,2.75263357629024e-05,59000.0,1.2339,0.088,802.225280761719,0.963,-1.88998,0.07,0.1152189960629921,-1.1810472779825285,0.04307270003492486
UHVsc2FyRm9sZFJlc3VsdE5vZGU6ODY1ODE=,2025-08-30T19:22:19+00:00,LBAND,1022.5395391401868,10.390212018469098,1.68986408543713e-05,59000.0,0.8345,0.06,1148.50756835938,1.267,-1.26188,0.07,0.0900282972440944,-0.7020270702390952,0.05364266279571118
UHVsc2FyRm9sZFJlc3VsdE5vZGU6ODY1Njg=,2025-08-30T15:14:34+00:00,LBAND,1022.5395391401868,10.39018921018217,1.346988702237981e-05,59000.0,0.2981,0.036,1120.86938476562,1.279,-1.96562,0.07,0.1051996186023622,-1.0619127198426017,0.03820608268611525
UHVsc2FyRm9sZFJlc3VsdE5vZGU6ODY1NjY=,2025-08-30T14:40:19+00:00,LBAND,1023.5648741682244,10.390164232231037,2.455137762547235e-05,59000.0,1.5284,0.076,1480.98510742188,1.553,-1.93238,0.06,0.1203017347440944,-0.9561770291340286,0.032275739432367036
UHVsc2FyRm9sZFJlc3VsdE5vZGU6ODY1NjQ=,2025-08-30T14:06:03+00:00,LBAND,1023.5648741682242,10.39012765727899,2.52674586716225e-05,59000.0,0.9155,0.041,1651.62438964844,1.944,-1.84224,0.08,0.105461060531496,-0.7492829582574081,0.024412872299485053
UHVsc2FyRm9sZFJlc3VsdE5vZGU6ODY1ODM=,2025-08-30T19:56:33+00:00,LBAND,1022.5395391401868,10.39017705919386,2.621017149733385e-05,59000.0,3.9297,0.088,1716.88977050781,1.875,-1.04141,0.06,0.1010664682539682,-0.645376955069371,0.05419257146234524
UHVsc2FyRm9sZFJlc3VsdE5vZGU6ODY1ODg=,2025-08-30T21:34:39+00:00,LBAND,1023.5648741682242,10.390210701642848,2.159711751928947e-05,59000.0,1.4967,0.072,1232.34631347656,1.408,-0.86857,0.06,0.0920506274606299,-0.5844400666661979,0.05500907452132681
UHVsc2FyRm9sZFJlc3VsdE5vZGU6ODY1NzI=,2025-08-30T16:23:03+00:00,LBAND,1023.5648741682242,10.390201995679972,2.026511137501217e-05,59000.0,0.6976,0.098,696.233032226562,0.865,-1.80171,0.07,0.1927365280511811,-1.1228001853238248,0.04619729219257543
UHVsc2FyRm9sZFJlc3VsdE5vZGU6ODY1ODA=,2025-08-30T19:05:11+00:00,LBAND,1023.5648741682242,10.390183451307792,3.064113579487028e-05,59000.0,1.4787,0.106,852.707336425781,1.019,-1.17138,0.08,0.0991018700787401,-0.7083461114064724,0.05316039427210729
UHVsc2FyRm9sZFJlc3VsdE5vZGU6ODY1OTE=,2025-08-30T22:26:01+00:00,LBAND,1023.5648741682242,10.390199333081556,2.02479081136607e-05,59000.0,1.626,0.082,1133.47546386719,1.29,-0.934759,0.06,0.0974947711614173,-0.5320067103545156,0.054521572406429034
UHVsc2FyRm9sZFJlc3VsdE5vZGU6ODY1ODQ=,2025-08-30T20:13:39+00:00,LBAND,1023.5648741682242,10.39018939933944,1.836273358782686e-05,59000.0,1.7825,0.061,1494.87548828125,1.782,-0.973917,0.06,0.1128737081692913,-0.6039146261244928,0.05430992010950027
UHVsc2FyRm9sZFJlc3VsdE5vZGU6ODY1OTc=,2025-08-31T00:08:45+00:00,LBAND,1023.5648741682244,10.390213770103374,1.312685232118198e-05,59000.0,0.8391,0.038,1649.63940429688,2.081,-0.930258,0.06,0.1038078248031496,-0.36004855794446716,0.050934713020927926
UHVsc2FyRm9sZFJlc3VsdE5vZGU6ODY5NjI=,2025-09-12T23:42:22+00:00,LBAND,1023.4874903925232,10.390213082900242,1.799130100985957e-05,59000.0,3.6358,0.059,2739.34399414062,3.02,-1.12519,0.04,0.0904204601377952,-0.3862305708462161,0.04985123462742991
UHVsc2FyRm9sZFJlc3VsdE5vZGU6ODc5MDU=,2025-10-16T16:52:52+00:00,LBAND,1023.5648741682242,10.39031388266084,1.021264410408737e-05,59000.0,9.9045,0.033,9536.421875,10.855,-2.62846,0.02,0.1091596948818897,-1.8139924822868905,0.06028805738551838
UHVsc2FyRm9sZFJlc3VsdE5vZGU6ODc1ODg=,2025-09-21T19:00:20+00:00,LBAND,1023.5648741682244,10.390273842178985,2.276595531595966e-05,59000.0,2.4049,0.092,1479.68237304688,1.831,-1.68832,0.05,0.1164646899606299,-1.0536379050324196,0.056872932422515426
UHVsc2FyRm9sZFJlc3VsdE5vZGU6ODY5NTM=,2025-09-12T21:08:28+00:00,LBAND,1023.5648741682242,10.390175899597171,1.488706976032116e-05,59000.0,1.6318,0.07,1549.8515625,1.733,-1.20552,0.04,0.0950956569881889,-0.4155798081368519,0.054087215577495934
UHVsc2FyRm9sZFJlc3VsdE5vZGU6ODc1NTQ=,2025-09-21T22:20:10+00:00,LBAND,1022.5395391401868,10.390288763093338,3.217504732588866e-05,59000.0,0.9365,0.103,761.131103515625,0.915,-1.30776,0.09,0.0956339197834645,-0.5919648140591226,0.053059227480714566
UHVsc2FyRm9sZFJlc3VsdE5vZGU6ODc3OTY=,2025-10-07T16:18:00+00:00,LBAND,1023.5648741682244,10.3902649334428,1.567208781585636e-05,59000.0,1.8929,0.03,3113.6123046875,3.983,-2.82167,0.04,0.1091192336309523,-2.054144276010171,0.05948286794485188
UHVsc2FyRm9sZFJlc3VsdE5vZGU6ODc3OTc=,2025-10-07T16:35:08+00:00,LBAND,1023.5648741682244,10.39022722002205,1.82439485391025e-05,59000.0,3.386,0.04,3639.47705078125,4.175,-2.76215,0.04,0.1112204724409448,-1.9938106669680709,0.059772313610871104
UHVsc2FyRm9sZFJlc3VsdE5vZGU6ODY5NTQ=,2025-09-12T21:25:34+00:00,LBAND,1023.4874903925232,10.390165472701389,2.09413524884159e-05,59000.0,1.6053,0.082,1314.50927734375,1.406,-1.03083,0.06,0.0918583907480315,-0.40549440539110976,0.053932166515767876
UHVsc2FyRm9sZFJlc3VsdE5vZGU6ODc3OTg=,2025-10-07T16:52:16+00:00,LBAND,1023.5648741682242,10.390206779316143,1.553453588920025e-05,59000.0,3.8198,0.041,3708.91625976562,4.363,-2.65566,0.04,0.1060500372023809,-1.912893224833038,0.05988719485732136
UHVsc2FyRm9sZFJlc3VsdE5vZGU6ODY5NTY=,2025-09-12T21:59:46+00:00,LBAND,1023.4874903925232,10.390199990414034,2.774718576331218e-05,59000.0,2.2777,0.108,1023.40838623047,1.213,-0.999867,0.06,0.088736466535433,-0.38480300581611815,0.053395896317056546
UHVsc2FyRm9sZFJlc3VsdE5vZGU6ODY5NTc=,2025-09-12T22:16:52+00:00,LBAND,1023.5648741682244,10.390178400680758,1.760757682138141e-05,59000.0,1.3116,0.064,1377.78637695312,1.577,-1.04906,0.06,0.085691437007874,-0.3815849717901021,0.05304200412183272
UHVsc2FyRm9sZFJlc3VsdE5vZGU6ODc4MDE=,2025-10-07T17:43:40+00:00,LBAND,1023.5648741682244,10.390215234708656,1.420766424975383e-05,59000.0,4.7487,0.05,3981.17407226562,4.842,-2.44403,0.03,0.0941806102362204,-1.4769969453787442,0.058844909273257334
UHVsc2FyRm9sZFJlc3VsdE5vZGU6ODc3OTk=,2025-10-07T17:09:24+00:00,LBAND,1023.4874903925232,10.390215070075715,1.146535939944791e-05,59000.0,2.4249,0.035,4187.267578125,4.722,-2.48913,0.03,0.1064760703740157,-1.7914394178969937,0.05972668108688636
UHVsc2FyRm9sZFJlc3VsdE5vZGU6ODY1Njc=,2025-08-30T14:57:27+00:00,LBAND,1022.5395391401868,10.390223237154936,2.662269525909022e-05,59000.0,1.4866,0.077,1161.494140625,1.373,-1.91136,0.06,0.1037078617125984,-1.0313931013677395,0.035510960960254113
UHVsc2FyRm9sZFJlc3VsdE5vZGU6ODY5MzQ=,2025-09-12T12:07:02+00:00,LBAND,1023.5648741682244,10.390205439480642,1.741085812083729e-05,59000.0,1.4525,0.054,1869.822265625,2.107,-0.942481,0.05,0.096795029527559,-0.08309945071004839,0.0026136533331593843
UHVsc2FyRm9sZFJlc3VsdE5vZGU6ODY5MzU=,2025-09-12T12:24:08+00:00,LBAND,1023.5648741682244,10.390201677542487,2.288768335265513e-05,59000.0,2.5221,0.08,1670.29296875,1.981,-1.17231,0.05,0.0972764756944444,-0.2721761381624536,0.00878078800473785
UHVsc2FyRm9sZFJlc3VsdE5vZGU6ODcyMDQ=,2025-09-16T21:54:41+00:00,LBAND,1023.5648741682242,10.390148959852256,1.235736605876831e-05,59000.0,3.0077,0.06,2498.76196289062,2.98,-1.19643,0.03,0.1078371062992126,-0.31963272002861953,0.05284775207664872
UHVsc2FyRm9sZFJlc3VsdE5vZGU6ODcyNDM=,2025-09-19T23:24:58+00:00,LBAND,1023.5648741682242,10.390189879139385,1.46588034389115e-05,59000.0,3.2121,0.051,3341.185546875,3.387,-1.39425,0.04,0.0927888164370078,-0.20956276861218967,0.04831295984084776
UHVsc2FyRm9sZFJlc3VsdE5vZGU6ODcxNDE=,2025-09-14T20:23:28+00:00,LBAND,1023.5648741682242,10.390176764234534,1.150363831630631e-05,59000.0,13.4091,0.044,9792.763671875,10.713,-1.25222,0.02,0.1092742435515873,-0.393469388375666,0.053963030336061646
UHVsc2FyRm9sZFJlc3VsdE5vZGU6ODcyMDk=,2025-09-17T16:55:56+00:00,LBAND,1023.4874903925232,10.390173370417624,1.105287258520103e-05,59000.0,3.5178,0.039,4111.56396484375,5.131,-1.90321,0.03,0.1212782972440944,-1.1830328615942234,0.05330538257755356
UHVsc2FyRm9sZFJlc3VsdE5vZGU6ODY5NjQ=,2025-09-13T17:03:44+00:00,LBAND,1023.4874903925232,10.390210718336805,2.491568495115408e-05,59000.0,0.8679,0.033,1679.58776855469,1.93,-2.08427,0.08,0.1090959821428571,-1.0075915631525285,0.052026802203478384
UHVsc2FyRm9sZFJlc3VsdE5vZGU6ODcxNDI=,2025-09-15T16:06:25+00:00,LBAND,1023.5648741682242,10.390193970969795,1.241306781049511e-05,59000.0,5.3838,0.054,3923.96166992188,4.583,-1.95073,0.03,0.1480222687007874,-1.1577606157719018,0.049942952628513504
UHVsc2FyRm9sZFJlc3VsdE5vZGU6ODY5NjY=,2025-09-13T17:37:58+00:00,LBAND,1023.4874903925232,10.390218930590452,1.163805029032721e-05,59000.0,0.5011,0.035,1637.44860839844,1.664,-1.59921,0.05,0.1224394069881889,-0.8620606972508416,0.0527988386407409
UHVsc2FyRm9sZFJlc3VsdE5vZGU6ODY5Mzk=,2025-09-12T13:32:32+00:00,LBAND,1023.5648741682242,10.390240280724164,1.797983710581899e-05,59000.0,1.0722,0.056,1272.47351074219,1.528,-1.86348,0.05,0.1741226438492063,-0.7841213947166125,0.02830317416985928
UHVsc2FyRm9sZFJlc3VsdE5vZGU6ODcyNTU=,2025-09-28T18:28:32+00:00,LBAND,1022.5395391401868,10.390219082275657,1.53038781828403e-05,59000.0,17.1197,0.041,8712.1748046875,10.234,-2.07067,0.03,0.115660652281746,-1.3449956695341003,0.05832485010706347
UHVsc2FyRm9sZFJlc3VsdE5vZGU6ODcyNTY=,2025-09-28T18:45:38+00:00,LBAND,1023.5648741682242,10.390224770323004,1.457548123893016e-05,59000.0,19.5455,0.032,11328.01953125,13.935,-2.07629,0.03,0.1056532972440944,-1.245728852862925,0.058060919092049065
UHVsc2FyRm9sZFJlc3VsdE5vZGU6ODc1MjA=,2025-10-01T19:04:32+00:00,LBAND,1023.4874903925232,10.39023075516416,2.006870976799566e-05,59000.0,0.9337,0.086,833.093627929688,1.152,-1.27101,0.06,0.1106925843253968,-0.7526740255018138,0.055782166672674584
UHVsc2FyRm9sZFJlc3VsdE5vZGU6ODcyNDE=,2025-09-19T22:50:43+00:00,LBAND,1022.5395391401868,10.39018312469419,1.983939175618481e-05,59000.0,7.8277,0.068,3334.82763671875,4.008,-1.36345,0.04,0.0844226747047244,-0.16892803349103186,0.04987047840451323
UHVsc2FyRm9sZFJlc3VsdE5vZGU6ODc1MTk=,2025-10-01T18:47:25+00:00,LBAND,1023.4874903925232,10.390252996813334,2.160329759721511e-05,59000.0,1.0614,0.088,858.02685546875,1.287,-1.23241,0.06,0.1040231299212598,-0.7825902682175784,0.055792500666282475
UHVsc2FyRm9sZFJlc3VsdE5vZGU6ODcyNDY=,2025-09-25T15:38:23+00:00,LBAND,1023.5648741682242,10.39021644820671,1.766218539843569e-05,59000.0,2.7946,0.042,2976.51489257812,3.469,-3.42103,0.04,0.1236620324803149,-1.8065474279812097,0.05396198259102131
UHVsc2FyRm9sZFJlc3VsdE5vZGU6ODc1MTg=,2025-10-01T18:30:18+00:00,LBAND,1023.4874903925232,10.390257871675594,1.79558933453383e-05,59000.0,0.8823,0.076,993.577453613281,1.326,-1.53815,0.06,0.0967565821850393,-0.8410661280092083,0.05589410525493081
UHVsc2FyRm9sZFJlc3VsdE5vZGU6ODcyNDQ=,2025-09-25T15:04:10+00:00,LBAND,1022.5395391401868,10.390224550061603,1.592379448729858e-05,59000.0,2.3918,0.049,2577.779296875,2.899,-3.25861,0.04,0.1235543799212598,-1.859261257597778,0.05183061682317696
UHVsc2FyRm9sZFJlc3VsdE5vZGU6ODc4MDc=,2025-10-07T19:26:28+00:00,LBAND,1023.5648741682244,10.390239084204904,1.572485645136751e-05,59000.0,3.7795,0.033,4600.83740234375,5.854,-1.52587,0.04,0.0990480437992126,-0.8308775261973393,0.056290916931817085
UHVsc2FyRm9sZFJlc3VsdE5vZGU6ODcyNDI=,2025-09-19T23:07:50+00:00,LBAND,1023.4874903925232,10.390180249091252,1.773573567297717e-05,59000.0,5.8634,0.06,3611.642578125,3.75,-1.30039,0.04,0.0795167937992126,-0.19809010208605282,0.0492017110233914
UHVsc2FyRm9sZFJlc3VsdE5vZGU6ODc1NDE=,2025-09-21T20:54:34+00:00,LBAND,1023.4874903925232,10.39022313367529,2.969976892879488e-05,59000.0,2.1478,0.139,876.614562988281,1.15,-1.32536,0.06,0.0888748769685039,-0.8089806933101809,0.056034283874833904
UHVsc2FyRm9sZFJlc3VsdE5vZGU6ODc1MjU=,2025-10-01T20:30:07+00:00,LBAND,1023.5648741682242,10.39022765315026,2.925644364286039e-05,59000.0,1.3455,0.106,944.578796386719,1.172,-0.961176,0.08,0.1146807332677165,-0.6068016062916557,0.05479731429120552
UHVsc2FyRm9sZFJlc3VsdE5vZGU6ODc1MjI=,2025-10-01T19:38:46+00:00,LBAND,1023.4874903925232,10.39021892923191,3.117126588573912e-05,59000.0,1.0006,0.111,717.730651855469,0.915,-1.10485,0.1,0.1300135334645669,-0.7049670227725978,0.05564424839423961
UHVsc2FyRm9sZFJlc3VsdE5vZGU6ODc1MzE=,2025-10-01T22:26:07+00:00,LBAND,1023.5648741682242,10.390267835677417,4.622592306613551e-05,59000.0,1.2191,0.182,488.703704833984,0.662,-1.0664,0.1,0.0983329232283464,-0.5349955292936159,0.05073817634312932
UHVsc2FyRm9sZFJlc3VsdE5vZGU6ODc1MzM=,2025-10-01T23:00:21+00:00,LBAND,1023.4874903925232,10.390243819794186,2.474582064424863e-05,59000.0,1.5497,0.139,649.426818847656,0.907,-1.05,0.06,0.0957108144685039,-0.5233592414655915,0.04858583924172728
UHVsc2FyRm9sZFJlc3VsdE5vZGU6ODcxMzk=,2025-09-15T16:57:46+00:00,LBAND,1023.5648741682244,10.390194430782383,1.485628689372581e-05,59000.0,2.8434,0.062,2357.48291015625,2.953,-1.68312,0.04,0.1383489173228346,-0.8620548157437528,0.05137442549332586
UHVsc2FyRm9sZFJlc3VsdE5vZGU6ODc1MjM=,2025-10-01T19:55:53+00:00,LBAND,1023.4874903925232,10.39021290913309,3.823704415568478e-05,59000.0,1.0551,0.107,838.491271972656,0.989,-0.909315,0.11,0.129998154527559,-0.6856901439304587,0.05550375907821393
UHVsc2FyRm9sZFJlc3VsdE5vZGU6ODcyNDU=,2025-09-25T15:21:16+00:00,LBAND,1023.5648741682244,10.390208636094153,1.549058454608241e-05,59000.0,1.9347,0.035,2497.31420898438,3.208,-3.33637,0.04,0.1073834276574803,-1.7672159451268517,0.05262655455698568
UHVsc2FyRm9sZFJlc3VsdE5vZGU6ODcyMDM=,2025-09-16T21:37:35+00:00,LBAND,1022.462155364486,10.39014287027612,1.138069209821002e-05,59000.0,2.5941,0.053,2712.98706054688,3.045,-1.21877,0.03,0.1033541461614173,-0.32865581408608335,0.05320069823135258
UHVsc2FyRm9sZFJlc3VsdE5vZGU6ODc4MDI=,2025-10-07T18:00:48+00:00,LBAND,1023.5648741682242,10.390220473088124,1.500764622129563e-05,59000.0,4.9354,0.05,3976.55224609375,5.048,-2.28851,0.03,0.1100260416666666,-1.3351782246052486,0.05839260728729685
UHVsc2FyRm9sZFJlc3VsdE5vZGU6ODc4MDY=,2025-10-07T19:09:20+00:00,LBAND,1023.5648741682242,10.390234045851845,1.458091713593706e-05,59000.0,4.1707,0.034,4660.17724609375,6.19,-1.64121,0.03,0.0891927083333333,-0.8820741054794871,0.05657567677411883
UHVsc2FyRm9sZFJlc3VsdE5vZGU6ODc1NDQ=,2025-09-21T21:11:41+00:00,LBAND,1023.4874903925232,10.390230263774765,2.640489400509308e-05,59000.0,1.5916,0.119,871.69970703125,1.147,-1.31132,0.06,0.0884211983267716,-0.749485434840707,0.05552938505762504
UHVsc2FyRm9sZFJlc3VsdE5vZGU6ODc1NzE=,2025-09-21T16:43:23+00:00,LBAND,1023.5648741682242,10.39026236927448,6.267408421482208e-05,59000.0,1.1127,0.248,322.146301269531,0.515,-2.57757,0.14,0.1226470226377952,-1.6739180180079838,0.05596780302270876
UHVsc2FyRm9sZFJlc3VsdE5vZGU6ODc1ODQ=,2025-09-21T18:26:06+00:00,LBAND,1023.4874903925232,10.39027166587076,2.387968248770258e-05,59000.0,1.0873,0.079,1052.78637695312,1.334,-1.93577,0.07,0.1160187007874015,-1.2473884346017314,0.05723368219241701
UHVsc2FyRm9sZFJlc3VsdE5vZGU6ODY5NjA=,2025-09-12T23:08:10+00:00,LBAND,1023.4874903925232,10.39020614190938,1.472512661033947e-05,59000.0,1.3792,0.053,2033.25830078125,2.197,-1.2521,0.05,0.0921429010826771,-0.3917081664397225,0.05150407706955568
UHVsc2FyRm9sZFJlc3VsdE5vZGU6ODY5NTg=,2025-09-12T22:33:58+00:00,LBAND,1023.4874903925232,10.39016002949745,1.004533867416515e-05,59000.0,0.4233,0.036,1405.58129882812,1.68,-1.09683,0.06,0.1103515625,-0.39060021556702196,0.0526618323179512
UHVsc2FyRm9sZFJlc3VsdE5vZGU6ODY5NjU=,2025-09-13T17:20:51+00:00,LBAND,1023.4004336448596,10.390210845910186,3.444779992568153e-05,59000.0,2.4098,0.061,1724.87890625,1.753,-1.63243,0.07,0.1247154896653543,-0.9370585271939973,0.05246573403591629
UHVsc2FyRm9sZFJlc3VsdE5vZGU6ODY5Njc=,2025-09-13T17:55:06+00:00,LBAND,1023.4874903925232,10.39019545488127,1.660290390149351e-05,59000.0,0.8503,0.058,1292.50634765625,1.46,-1.47476,0.06,0.1099363312007874,-0.7973534730705878,0.05310906650856313
UHVsc2FyRm9sZFJlc3VsdE5vZGU6ODc1NDc=,2025-09-21T21:28:48+00:00,LBAND,1023.4874903925232,10.39019551066232,2.816074812343673e-05,59000.0,1.395,0.12,812.641662597656,1.078,-1.24507,0.07,0.0845114087301587,-0.6878932270894401,0.054932188739827026
UHVsc2FyRm9sZFJlc3VsdE5vZGU6ODc1MzA=,2025-10-01T22:09:00+00:00,LBAND,1023.4874903925232,10.390260314826682,4.145633295187306e-05,59000.0,0.646,0.137,442.251800537109,0.605,-1.34181,0.12,0.1023468257874015,-0.532271426372339,0.05158262757462383
UHVsc2FyRm9sZFJlc3VsdE5vZGU6ODc1Mjk=,2025-10-01T21:38:35+00:00,LBAND,1023.5648741682242,10.390257996767712,6.285971608182944e-05,59000.0,1.2983,0.219,374.889678955078,0.574,-1.26827,0.15,0.1047997662401574,-0.5486912661641966,0.05290349098008474
UHVsc2FyRm9sZFJlc3VsdE5vZGU6ODc1NTg=,2025-09-21T23:11:30+00:00,LBAND,1023.5648741682244,10.390258460422338,2.398499919413628e-05,59000.0,1.0843,0.097,933.329895019531,1.161,-1.13944,0.07,0.0876061146653543,-0.5043437361580807,0.05023982952861659
UHVsc2FyRm9sZFJlc3VsdE5vZGU6ODc1Mzk=,2025-09-21T20:20:20+00:00,LBAND,1023.5648741682244,10.39024865196721,1.956044802261324e-05,59000.0,1.2019,0.096,1005.36212158203,1.284,-1.55581,0.05,0.1025159940944882,-0.8575485790460788,0.05645143367062672
UHVsc2FyRm9sZFJlc3VsdE5vZGU6ODc1Mzc=,2025-09-21T20:03:13+00:00,LBAND,1023.5648741682244,10.390294054444135,2.315158388203196e-05,59000.0,1.9799,0.111,1001.51275634766,1.409,-1.47126,0.05,0.0975485974409448,-0.9046314823774482,0.05668021776912284
UHVsc2FyRm9sZFJlc3VsdE5vZGU6ODc1MzU=,2025-09-21T19:46:06+00:00,LBAND,1023.5648741682242,10.39028833467418,1.834316326479049e-05,59000.0,1.3173,0.085,1091.09143066406,1.565,-1.56168,0.05,0.0999784694881889,-0.9298959693728592,0.056731593214672485
UHVsc2FyRm9sZFJlc3VsdE5vZGU6ODc1MzI=,2025-10-01T22:43:14+00:00,LBAND,1023.4874903925232,10.390248468455905,2.973939897036252e-05,59000.0,1.1328,0.147,513.942443847656,0.759,-1.19291,0.08,0.1070066437007874,-0.5337159699557916,0.049747999646320734
UHVsc2FyRm9sZFJlc3VsdE5vZGU6ODc1MzY=,2025-09-21T19:28:59+00:00,LBAND,1023.5648741682242,10.39031351156964,1.213968280071275e-05,59000.0,0.6412,0.052,1349.77319335938,1.785,-1.62463,0.05,0.1024237204724409,-0.9551299425862775,0.05672301495207448
UHVsc2FyRm9sZFJlc3VsdE5vZGU6ODc1NTY=,2025-09-21T22:54:23+00:00,LBAND,1023.4874903925232,10.390291902699866,3.501019345662595e-05,59000.0,2.3366,0.15,932.158264160156,1.117,-1.13574,0.07,0.0876906988188976,-0.5499735723472825,0.05139048697246144
UHVsc2FyRm9sZFJlc3VsdE5vZGU6ODY5MzY=,2025-09-12T12:41:15+00:00,LBAND,1022.462155364486,10.390169797154194,1.9669655816771e-05,59000.0,1.532,0.077,1387.6826171875,1.756,-1.32476,0.05,0.1565575787401575,-0.4266122629824969,0.014445123940781505
UHVsc2FyRm9sZFJlc3VsdE5vZGU6ODc4MDk=,2025-10-07T20:12:08+00:00,LBAND,1023.5648741682244,10.390247482279642,1.261194352389947e-05,59000.0,4.5522,0.046,3801.10131835938,4.463,-1.3674,0.03,0.0973462301587301,-0.679561575412531,0.05510721462837227
UHVsc2FyRm9sZFJlc3VsdE5vZGU6ODY5NDM=,2025-09-12T14:53:56+00:00,LBAND,1023.5648741682242,10.39020001398096,1.244774042391669e-05,59000.0,2.3023,0.05,2329.78100585938,2.636,-2.19671,0.04,0.1153650959645669,-1.1813006611873857,0.04264696095696179
UHVsc2FyRm9sZFJlc3VsdE5vZGU6ODc4MDM=,2025-10-07T18:17:56+00:00,LBAND,1023.4874903925232,10.390222936595046,1.593776494668224e-05,59000.0,4.5743,0.047,3748.3837890625,4.956,-2.03335,0.03,0.1023237573818897,-1.1894882253006616,0.05785980156170387
UHVsc2FyRm9sZFJlc3VsdE5vZGU6ODc4MTE=,2025-10-07T20:46:24+00:00,LBAND,1023.5648741682242,10.39025191101287,1.110038658733305e-05,59000.0,3.9148,0.049,3006.3388671875,3.591,-1.32437,0.03,0.1145445808531746,-0.6170424286022635,0.05411229130764243
UHVsc2FyRm9sZFJlc3VsdE5vZGU6ODc4MTA=,2025-10-07T20:29:16+00:00,LBAND,1023.4874903925232,10.3902592773596,9.90164417613866e-06,59000.0,3.1123,0.041,2873.41625976562,3.881,-1.32594,0.03,0.0948726624015748,-0.6461211661489958,0.054642499034748875
UHVsc2FyRm9sZFJlc3VsdE5vZGU6ODY5NTk=,2025-09-12T22:51:04+00:00,LBAND,1023.4874903925232,10.390172929110149,2.538355201093727e-05,59000.0,2.4939,0.091,1455.92712402344,1.656,-1.11998,0.06,0.0957418774801587,-0.3893823839754766,0.05212727410189542
UHVsc2FyRm9sZFJlc3VsdE5vZGU6ODcxMzg=,2025-09-14T19:49:13+00:00,LBAND,1022.5395391401868,10.390178583936589,1.095544536332372e-05,59000.0,10.9446,0.044,8348.8388671875,8.799,-1.29533,0.02,0.1046781994047619,-0.42229350183930403,0.05385391049785696
UHVsc2FyRm9sZFJlc3VsdE5vZGU6ODcxNDQ=,2025-09-15T16:40:39+00:00,LBAND,1023.5648741682244,10.390194971603549,8.32974610493131e-06,59000.0,1.4437,0.033,3220.93481445312,3.808,-1.82067,0.03,0.1199018823818897,-0.9415137770390276,0.050903013090162985
UHVsc2FyRm9sZFJlc3VsdE5vZGU6ODcxNDA=,2025-09-14T20:06:20+00:00,LBAND,1023.5648741682244,10.39018262605286,1.345199296114828e-05,59000.0,17.1058,0.051,9664.1953125,9.856,-1.26465,0.02,0.0853992372047244,-0.3994175063015622,0.05389337731350623
UHVsc2FyRm9sZFJlc3VsdE5vZGU6ODc4MzU=,2025-10-08T21:40:51+00:00,LBAND,1023.4874903925232,10.390205648159291,3.32790722607083e-05,59000.0,2.0076,0.095,1332.4736328125,1.722,-1.46617,0.07,0.0854069266732283,-0.5210875784390221,0.05154963086734583
UHVsc2FyRm9sZFJlc3VsdE5vZGU6ODY5Mzc=,2025-09-12T12:58:20+00:00,LBAND,1023.4874903925232,10.3901878619123,1.561610197468368e-05,59000.0,1.0002,0.067,1400.16345214844,1.525,-1.55943,0.05,0.1115203617125984,-0.5577855122533038,0.019561358386193467
UHVsc2FyRm9sZFJlc3VsdE5vZGU6ODY5NDI=,2025-09-12T14:36:50+00:00,LBAND,1023.4874903925232,10.390177367826194,9.60733974526021e-06,59000.0,1.2506,0.041,2205.79907226562,2.456,-2.15002,0.04,0.1710445374015748,-1.1106399570012526,0.040231046133464676
UHVsc2FyRm9sZFJlc3VsdE5vZGU6ODcyMDc=,2025-09-17T16:21:41+00:00,LBAND,1023.4874903925232,10.39019689136479,1.168117379907771e-05,59000.0,6.7084,0.039,6011.3671875,7.209,-1.98722,0.03,0.1342811884842519,-1.3015712916124105,0.052114614018143435
UHVsc2FyRm9sZFJlc3VsdE5vZGU6ODcyNDc=,2025-09-25T15:55:30+00:00,LBAND,1023.5648741682244,10.39020332889971,2.155634627171848e-05,59000.0,5.5609,0.053,3259.20776367188,3.829,-3.34601,0.04,0.12474624753937,-1.884645100332092,0.05538426854722422
UHVsc2FyRm9sZFJlc3VsdE5vZGU6ODcyNTA=,2025-09-27T16:19:43+00:00,LBAND,1023.5648741682244,10.390252497050025,9.34913424698111e-06,59000.0,2.5409,0.028,5043.47509765625,6.404,-3.15307,0.03,0.1214013287401574,-2.2025397114701497,0.05867117626213774
UHVsc2FyRm9sZFJlc3VsdE5vZGU6ODcyMzc=,2025-09-18T17:26:50+00:00,LBAND,1023.4874903925232,10.390162050806424,1.338678554596652e-05,59000.0,3.4293,0.057,2715.73388671875,3.408,-1.75061,0.03,0.1151959276574803,-1.044514947736359,0.05406644903847244
UHVsc2FyRm9sZFJlc3VsdE5vZGU6ODcyMDY=,2025-09-17T16:04:33+00:00,LBAND,1023.5648741682244,10.390199393310024,1.124399629634574e-05,59000.0,5.7234,0.039,5869.39697265625,6.436,-1.99519,0.03,0.137818343996063,-1.4013495197714296,0.051570999962034354
UHVsc2FyRm9sZFJlc3VsdE5vZGU6ODcyMzk=,2025-09-18T18:01:06+00:00,LBAND,1023.4874903925232,10.390154082679928,1.761095597648245e-05,59000.0,4.5829,0.072,2623.18896484375,3.119,-1.66579,0.04,0.1050688976377952,-0.9475658669143348,0.05471986607332776
UHVsc2FyRm9sZFJlc3VsdE5vZGU6ODcyNDA=,2025-09-19T22:33:35+00:00,LBAND,1023.5648741682242,10.390175007481147,2.169200037193172e-05,59000.0,9.929,0.076,3527.13134765625,3.964,-1.39996,0.03,0.086298905019685,-0.18420424738584823,0.05066074798825792
UHVsc2FyRm9sZFJlc3VsdE5vZGU6ODcyMzg=,2025-09-18T17:43:58+00:00,LBAND,1023.5648741682242,10.390143738404856,1.501976446138882e-05,59000.0,3.9385,0.063,3065.662109375,3.243,-1.69432,0.03,0.1094057578740157,-1.0046381306237384,0.054471838091823044
UHVsc2FyRm9sZFJlc3VsdE5vZGU6ODcyNDk=,2025-09-27T16:02:35+00:00,LBAND,1023.5648741682242,10.39023471289748,1.071454047096376e-05,59000.0,3.0912,0.031,6106.99609375,6.717,-3.15766,0.03,0.1268531619094488,-2.243674523692466,0.05803085848152452
UHVsc2FyRm9sZFJlc3VsdE5vZGU6ODcyNTM=,2025-09-28T17:54:17+00:00,LBAND,1023.4874903925232,10.390193533690436,1.814236146940363e-05,59000.0,11.0329,0.064,5518.43701171875,5.884,-2.25976,0.03,0.1061761811023622,-1.6027211895140239,0.058981608178401555
UHVsc2FyRm9sZFJlc3VsdE5vZGU6ODcyNTE=,2025-09-27T16:36:51+00:00,LBAND,1022.5395391401868,10.3902377838456,9.27842906193403e-06,59000.0,3.0645,0.028,5042.12646484375,6.273,-3.07145,0.03,0.1172720841535433,-2.1552038007998626,0.059193921603747236
UHVsc2FyRm9sZFJlc3VsdE5vZGU6ODcyNTI=,2025-09-27T16:53:58+00:00,LBAND,1022.5395391401868,10.390242089759983,1.048167491623953e-05,59000.0,4.8945,0.034,6149.40234375,6.457,-3.00615,0.03,0.1104361466535433,-2.0961344885543305,0.05957669255495253
UHVsc2FyRm9sZFJlc3VsdE5vZGU6ODc4MzY=,2025-10-08T21:57:58+00:00,LBAND,1023.4874903925232,10.390239572664449,3.714497523395637e-05,59000.0,1.1254,0.098,837.599792480469,1.191,-1.29534,0.1,0.0943882258858267,-0.5102203135707147,0.05063561769489115
UHVsc2FyRm9sZFJlc3VsdE5vZGU6ODY1NjA=,2025-08-30T12:57:34+00:00,LBAND,1023.5648741682242,10.390234155069662,2.457889508136923e-05,59000.0,2.6866,0.057,1986.58422851562,2.367,-0.962756,0.05,0.1193328617125984,-0.08683558056324406,0.0024520018675989767
UHVsc2FyRm9sZFJlc3VsdE5vZGU6ODc4MTg=,2025-10-08T16:37:09+00:00,LBAND,1023.4874903925232,10.390255608113176,1.162983971569399e-05,59000.0,1.0587,0.043,1903.58654785156,2.755,-2.19708,0.04,0.1053534079724409,-1.5696474835345524,0.05777055878799353
UHVsc2FyRm9sZFJlc3VsdE5vZGU6ODc4MjY=,2025-10-08T18:54:05+00:00,LBAND,1023.5648741682244,10.390213083707792,2.232373595707007e-05,59000.0,1.268,0.041,2112.3046875,2.924,-1.83776,0.07,0.0939576156496063,-0.7887934914359949,0.05605825067272716
UHVsc2FyRm9sZFJlc3VsdE5vZGU6ODc4MjU=,2025-10-08T18:36:58+00:00,LBAND,1023.4874903925232,10.390241504927063,2.525299529861222e-05,59000.0,1.3702,0.046,1939.60986328125,2.646,-1.8009,0.07,0.095334030511811,-0.8735767560190316,0.05641574591071284
UHVsc2FyRm9sZFJlc3VsdE5vZGU6ODc4MTk=,2025-10-08T16:54:16+00:00,LBAND,1023.4874903925232,10.390256405520546,1.805132532586709e-05,59000.0,1.7533,0.065,1597.44848632812,2.267,-2.17557,0.04,0.1156761532738095,-1.4984272213145993,0.05790738217753731
UHVsc2FyRm9sZFJlc3VsdE5vZGU6ODY1OTA=,2025-08-30T22:08:55+00:00,LBAND,1022.462155364486,10.390179552295326,3.486259630832395e-05,59000.0,4.5475,0.15,1102.28173828125,1.188,-0.979157,0.06,0.1099363312007874,-0.56152097904411,0.054816918300264625
UHVsc2FyRm9sZFJlc3VsdE5vZGU6ODc1MjE=,2025-10-01T19:21:39+00:00,LBAND,1023.5648741682242,10.390227855418605,1.67265866571696e-05,59000.0,0.476,0.072,756.800537109375,1.013,-1.20579,0.07,0.1177565206692913,-0.7079612424211916,0.05563418514457863
UHVsc2FyRm9sZFJlc3VsdE5vZGU6ODcyNTQ=,2025-09-28T18:11:25+00:00,LBAND,1022.462155364486,10.390200408944448,1.401706039313128e-05,59000.0,10.0617,0.046,6721.6806640625,7.906,-2.16384,0.03,0.1032464936023622,-1.4799072636228123,0.05871522192860846
UHVsc2FyRm9sZFJlc3VsdE5vZGU6ODc1MjY=,2025-10-01T20:47:14+00:00,LBAND,1023.5648741682242,10.390221011177385,2.735977738729185e-05,59000.0,1.2076,0.116,788.885070800781,0.99,-1.08558,0.08,0.1182409571850393,-0.5491685955668996,0.05423022453721103
UHVsc2FyRm9sZFJlc3VsdE5vZGU6ODc1Mjc=,2025-10-01T21:04:21+00:00,LBAND,1023.4874903925232,10.39021865966929,0.0001598160874437,59000.0,22.6998,0.688,511.081390380859,0.734,-0.903157,0.1,0.1128890871062992,-0.5585395448989253,0.05393441948113057
UHVsc2FyRm9sZFJlc3VsdE5vZGU6ODc1MjQ=,2025-10-01T20:13:00+00:00,LBAND,1023.5648741682244,10.390275223694418,3.125542771317233e-05,59000.0,1.0608,0.097,843.89453125,1.129,-1.11995,0.1,0.1199480191929133,-0.6191033709751619,0.05504352778428924
UHVsc2FyRm9sZFJlc3VsdE5vZGU6ODc1NTE=,2025-09-21T22:37:16+00:00,LBAND,1023.4874903925232,10.390233058489828,3.241887558339732e-05,59000.0,1.6504,0.127,866.48046875,1.069,-1.27257,0.07,0.0932194266732283,-0.5672755747053428,0.052264115114505176
UHVsc2FyRm9sZFJlc3VsdE5vZGU6ODc1Mjg=,2025-10-01T21:21:28+00:00,LBAND,1023.4874903925232,10.390185810648642,5.318157195487493e-05,59000.0,1.393,0.206,458.488525390625,0.624,-0.991634,0.12,0.1207372271825396,-0.5575368937703628,0.05349044443360509
UHVsc2FyRm9sZFJlc3VsdE5vZGU6ODc1NjY=,2025-09-21T15:52:02+00:00,LBAND,1023.4874903925232,10.390228012938673,3.817922479847773e-05,59000.0,1.095,0.159,483.147399902344,0.716,-2.43986,0.09,0.1344964936023622,-1.8346005098229132,0.053974166499756365
UHVsc2FyRm9sZFJlc3VsdE5vZGU6ODc1Njk=,2025-09-21T16:09:09+00:00,LBAND,1023.5648741682244,10.390246641436343,5.769695039564493e-05,59000.0,1.7333,0.229,414.608764648438,0.599,-2.12036,0.1,0.1267608882874015,-1.7658449264609175,0.05466172778236474
UHVsc2FyRm9sZFJlc3VsdE5vZGU6ODc1ODI=,2025-09-21T18:08:59+00:00,LBAND,1023.5648741682242,10.390255594990716,3.100278051374898e-05,59000.0,1.1883,0.111,867.508728027344,1.04,-1.96329,0.08,0.1215397391732283,-1.3648460239503972,0.05743045673219462
UHVsc2FyRm9sZFJlc3VsdE5vZGU6ODc1Njg=,2025-09-21T16:26:16+00:00,LBAND,1023.5648741682244,10.390289071821712,4.632514567850163e-05,59000.0,0.7086,0.177,382.620666503906,0.495,-2.39191,0.13,0.1286117311507936,-1.6858430327787917,0.05518762294549187
UHVsc2FyRm9sZFJlc3VsdE5vZGU6ODc1Nzg=,2025-09-21T17:34:45+00:00,LBAND,1023.4874903925232,10.39027061803213,3.017940972080313e-05,59000.0,0.786,0.145,499.031707763672,0.655,-2.33107,0.09,0.1096364419291338,-1.5582510867876382,0.05741696292041569
UHVsc2FyRm9sZFJlc3VsdE5vZGU6ODc1ODY=,2025-09-21T18:43:13+00:00,LBAND,1023.5648741682244,10.390287080716908,2.723615639327902e-05,59000.0,2.468,0.102,1285.64599609375,1.681,-1.75885,0.05,0.1115511195866141,-1.1498121309891054,0.05707939182064309
UHVsc2FyRm9sZFJlc3VsdE5vZGU6ODc4MDQ=,2025-10-07T18:35:04+00:00,LBAND,1023.4874903925232,10.390242228989235,1.930065861133799e-05,59000.0,6.25,0.052,4332.0185546875,5.027,-1.84224,0.04,0.0950675843253968,-1.0811028109480276,0.057462252301202825
UHVsc2FyRm9sZFJlc3VsdE5vZGU6ODc1NzQ=,2025-09-21T17:00:30+00:00,LBAND,1023.5648741682242,10.390332482870832,6.524217554024668e-05,59000.0,1.6262,0.301,330.366149902344,0.563,-2.24819,0.11,0.1279912032480315,-1.6249253272083373,0.05647325769626128
UHVsc2FyRm9sZFJlc3VsdE5vZGU6ODc1NzY=,2025-09-21T17:17:38+00:00,LBAND,1023.4874903925232,10.39023011087726,2.820886510320476e-05,59000.0,0.5848,0.145,404.303863525391,0.582,-2.05738,0.1,0.1205170398622047,-1.5932453651205603,0.056990137619755736
UHVsc2FyRm9sZFJlc3VsdE5vZGU6ODc1ODA=,2025-09-21T17:51:52+00:00,LBAND,1023.5648741682242,10.390234423755032,3.680789778208063e-05,59000.0,1.404,0.16,639.949645996094,0.845,-2.28984,0.08,0.1072048611111111,-1.4865283756139152,0.05758586883148166
UHVsc2FyRm9sZFJlc3VsdE5vZGU6ODc4MDU=,2025-10-07T18:52:12+00:00,LBAND,1023.4874903925232,10.390228725795374,1.839134818816757e-05,59000.0,6.1606,0.047,4808.60498046875,5.566,-1.70929,0.03,0.0909894808070866,-0.9620636502169934,0.05694756985459377
UHVsc2FyRm9sZFJlc3VsdE5vZGU6ODc4MTI=,2025-10-07T21:03:32+00:00,LBAND,1023.5648741682244,10.39024624308014,1.226512185556214e-05,59000.0,4.4691,0.055,3082.4482421875,3.52,-1.32373,0.03,0.1102131520669291,-0.5867961844874335,0.053479408184893114
UHVsc2FyRm9sZFJlc3VsdE5vZGU6ODc4MTM=,2025-10-07T21:20:40+00:00,LBAND,1022.5395391401868,10.390236027202617,1.334064067609753e-05,59000.0,4.1801,0.062,2912.98608398438,3.427,-1.29282,0.03,0.100950210813492,-0.5568727604737153,0.05274367610689159
UHVsc2FyRm9sZFJlc3VsdE5vZGU6ODc1NTA=,2025-09-21T22:03:03+00:00,LBAND,1022.5395391401868,10.390220854121472,5.111347880137918e-05,59000.0,2.0781,0.164,642.443969726562,0.927,-1.11219,0.09,0.1277451402559055,-0.6295379546845523,0.053813544894082195
UHVsc2FyRm9sZFJlc3VsdE5vZGU6ODc1NDU=,2025-09-21T21:45:55+00:00,LBAND,1023.5648741682244,10.390220254650115,3.375764717651187e-05,59000.0,1.279,0.128,709.894897460938,0.95,-1.37328,0.08,0.1027928149606299,-0.6702577182399455,0.05448215884538552
UHVsc2FyRm9sZFJlc3VsdE5vZGU6ODc4MjQ=,2025-10-08T18:19:51+00:00,LBAND,1023.4874903925232,10.390280064171884,3.190633096856393e-05,59000.0,1.6135,0.075,1277.52026367188,1.795,-1.77405,0.07,0.0938268946850393,-0.9746440496960168,0.05679769540394707
UHVsc2FyRm9sZFJlc3VsdE5vZGU6ODc4MTc=,2025-10-08T16:20:02+00:00,LBAND,1023.5648741682244,10.390229302319067,1.326136826990974e-05,59000.0,1.4882,0.044,2245.6962890625,3.042,-2.25929,0.04,0.092642716535433,-1.6144443029840843,0.057430828542598726
UHVsc2FyRm9sZFJlc3VsdE5vZGU6ODc4MjM=,2025-10-08T18:02:44+00:00,LBAND,1023.4874903925232,10.390247450496275,2.051336243274261e-05,59000.0,0.6142,0.075,773.710388183594,1.1,-1.96182,0.07,0.0943267101377952,-1.0730302668018064,0.05710573182320839
UHVsc2FyRm9sZFJlc3VsdE5vZGU6ODc4Mjk=,2025-10-08T19:58:10+00:00,LBAND,1022.5395391401868,10.390201563395168,3.922600106077519e-05,59000.0,1.5758,0.156,663.112487792969,0.976,-1.46421,0.09,0.09935562253937,-0.5948449077266043,0.05478623499531553
UHVsc2FyRm9sZFJlc3VsdE5vZGU6ODc4MDg=,2025-10-07T19:55:00+00:00,LBAND,1023.4874903925232,10.390255114159512,1.388273739983125e-05,59000.0,4.6237,0.038,4637.6259765625,5.282,-1.40963,0.03,0.1069528174212598,-0.728960889769945,0.05557480884304574
UHVsc2FyRm9sZFJlc3VsdE5vZGU6ODc4MTY=,2025-10-08T16:02:55+00:00,LBAND,1023.5648741682242,10.390225332852536,1.793520466354033e-05,59000.0,3.2069,0.055,2529.52270507812,3.727,-2.41473,0.04,0.1055610236220472,-1.6359838966396545,0.05690141266127154
UHVsc2FyRm9sZFJlc3VsdE5vZGU6ODc4OTk=,2025-10-16T15:05:17+00:00,LBAND,1023.4874903925232,10.390321484721316,3.540324523221564e-05,59000.0,13.321,0.086,3606.12719726562,4.412,-3.0424,0.04,0.110466904527559,-2.1558174680239897,0.0584380695431048
UHVsc2FyRm9sZFJlc3VsdE5vZGU6ODc4Mjc=,2025-10-08T19:23:55+00:00,LBAND,1023.5648741682242,10.390243059099657,3.609114823122681e-05,59000.0,1.6733,0.069,1634.47619628906,2.012,-1.32214,0.08,0.1104515255905511,-0.6908572465396444,0.055545851322628965
UHVsc2FyRm9sZFJlc3VsdE5vZGU6ODc4MTU=,2025-10-08T15:45:48+00:00,LBAND,1023.5648741682242,10.390225535737276,1.731435182672721e-05,59000.0,3.7548,0.051,3191.79907226562,4.392,-2.58606,0.04,0.1067913385826771,-1.6532515713031688,0.05627561898355487
UHVsc2FyRm9sZFJlc3VsdE5vZGU6ODc4Mzg=,2025-10-08T22:32:12+00:00,LBAND,1023.5648741682242,10.390286986113622,3.571619131288578e-05,59000.0,1.0264,0.128,625.663452148438,0.803,-0.867595,0.11,0.0931886687992126,-0.49001608527252544,0.048444046532149045
UHVsc2FyRm9sZFJlc3VsdE5vZGU6ODc5MDc=,2025-10-16T17:29:01+00:00,LBAND,1023.4874903925232,10.390295366099648,1.019031201582435e-05,59000.0,13.2039,0.025,12731.3037109375,15.877,-2.45616,0.02,0.083000123031496,-1.5801000526119409,0.05972505567121307
UHVsc2FyRm9sZFJlc3VsdE5vZGU6ODc5MDE=,2025-10-16T15:41:06+00:00,LBAND,1023.4874903925232,10.390307811932075,3.046275863992814e-05,59000.0,19.094,0.091,5059.7255859375,5.774,-2.93394,0.03,0.1035540723425196,-2.1119978563564388,0.05972177973261151
UHVsc2FyRm9sZFJlc3VsdE5vZGU6ODgwNzk=,2025-10-25T19:13:42+00:00,LBAND,1022.5395391401868,10.390270864423863,2.419973608155178e-05,59000.0,1.5736,0.107,894.252563476562,1.034,-1.85551,0.06,0.1037078617125984,-1.2450324474637795,0.05792210514598154
UHVsc2FyRm9sZFJlc3VsdE5vZGU6ODgwODA=,2025-10-25T19:30:49+00:00,LBAND,1022.5395391401868,10.390322216123922,1.613034066257949e-05,59000.0,0.7092,0.066,844.129821777344,1.17,-1.69401,0.06,0.1157304067460317,-1.146958248142714,0.057057358591614565
UHVsc2FyRm9sZFJlc3VsdE5vZGU6ODc5MDg=,2025-10-20T13:14:10+00:00,LBAND,1023.5648741682242,10.390297217569172,1.916080305690448e-05,59000.0,1.7073,0.084,1103.76623535156,1.386,-3.0083,0.05,0.1018316313976377,-2.26276886151322,0.052904404617638574
UHVsc2FyRm9sZFJlc3VsdE5vZGU6ODc5MTA=,2025-10-20T15:14:06+00:00,LBAND,1023.5648741682244,10.390313127312108,2.852642088499058e-05,59000.0,2.8979,0.073,1952.52172851562,2.301,-3.10955,0.06,0.1247001107283464,-2.261812521905173,0.060052593179589844
UHVsc2FyRm9sZFJlc3VsdE5vZGU6ODc5MDM=,2025-10-16T16:16:52+00:00,LBAND,1023.5648741682242,10.390313805400982,1.092296217526682e-05,59000.0,5.1983,0.039,6250.333984375,6.961,-2.79566,0.03,0.0846456692913385,-2.0262194113313514,0.06047133638804327
UHVsc2FyRm9sZFJlc3VsdE5vZGU6ODc4Mzc=,2025-10-08T22:15:05+00:00,LBAND,1023.4874903925232,10.390222892632924,3.218108207161479e-05,59000.0,0.717,0.102,674.854736328125,0.99,-1.15747,0.1,0.0911202017716535,-0.5024216837629228,0.04961385691964303
UHVsc2FyRm9sZFJlc3VsdE5vZGU6ODgwNzg=,2025-10-25T18:56:34+00:00,LBAND,1023.5648741682242,10.390268863061229,1.453866102983893e-05,59000.0,0.5631,0.07,889.041625976562,1.045,-2.1212,0.06,0.1016009473425196,-1.3764188579883092,0.05887621354817076
UHVsc2FyRm9sZFJlc3VsdE5vZGU6ODgzMjM=,2025-10-20T12:22:46+00:00,LBAND,1023.5648741682244,10.39023759443265,2.336656609269715e-05,59000.0,2.0472,0.083,1361.32983398438,1.676,-2.96976,0.06,0.1113742618110236,-2.118998787611332,0.04707002993424149
UHVsc2FyRm9sZFJlc3VsdE5vZGU6ODgzMjU=,2025-10-20T12:57:02+00:00,LBAND,1023.5648741682242,10.390285169444748,1.51342933575177e-05,59000.0,1.1909,0.066,1116.18872070312,1.52,-2.99301,0.05,0.103023499015748,-2.2167983428612623,0.051151549849088714
UHVsc2FyRm9sZFJlc3VsdE5vZGU6ODg0Mjg=,2025-10-28T14:48:31+00:00,LBAND,1023.4874903925232,10.39024836046463,1.838363986138823e-05,59000.0,0.8548,0.06,1065.79919433594,1.417,-3.33176,0.06,0.1200556717519685,-2.3515683897475306,0.06074546700985458
UHVsc2FyRm9sZFJlc3VsdE5vZGU6ODgzMjQ=,2025-10-20T12:39:54+00:00,LBAND,1023.5648741682244,10.39025546198633,1.779445219549809e-05,59000.0,1.3701,0.069,1249.48046875,1.558,-3.00375,0.05,0.1139194758858267,-2.1744523590965867,0.049242664109263014
UHVsc2FyRm9sZFJlc3VsdE5vZGU6ODgzMjk=,2025-10-20T14:22:42+00:00,LBAND,1023.4874903925232,10.390190372982024,5.973104706118045e-05,59000.0,3.7729,0.165,784.124450683594,1.072,-3.05576,0.09,0.1057225024606299,-2.2896131458241915,0.0577483199384341
UHVsc2FyRm9sZFJlc3VsdE5vZGU6ODgzMzA=,2025-10-20T14:39:50+00:00,LBAND,1023.5648741682242,10.390320727557832,3.932159806282334e-05,59000.0,1.6865,0.11,828.732421875,1.096,-2.98964,0.09,0.1143808439960629,-2.266252126805977,0.058530978851590705
UHVsc2FyRm9sZFJlc3VsdE5vZGU6ODg0Mjk=,2025-10-28T15:05:38+00:00,LBAND,1023.5648741682244,10.39026639307186,2.570945004836629e-05,59000.0,2.2361,0.118,994.476867675781,1.279,-3.29352,0.06,0.1168876107283464,-2.407075557453968,0.061664953278793455
UHVsc2FyRm9sZFJlc3VsdE5vZGU6ODY1OTg=,2025-08-31T00:25:53+00:00,LBAND,1023.4874903925232,10.39018795026538,2.103498468099582e-05,59000.0,2.1696,0.063,1789.58178710938,1.9,-0.799318,0.06,0.1051227239173228,-0.38138534659485007,0.05023069722421025
UHVsc2FyRm9sZFJlc3VsdE5vZGU6ODg0MzE=,2025-10-28T15:39:54+00:00,LBAND,1023.4874903925232,10.390306772036764,3.259786213611505e-05,59000.0,2.4664,0.17,721.885375976562,0.98,-3.51937,0.06,0.1229007750984252,-2.5212996607998663,0.06332545913463339
UHVsc2FyRm9sZFJlc3VsdE5vZGU6ODc4MjA=,2025-10-08T17:11:23+00:00,LBAND,1023.5648741682242,10.39016446112175,1.966982139956469e-05,59000.0,1.2595,0.077,1177.80847167969,1.595,-2.15593,0.05,0.122923843503937,-1.415134897470043,0.057918119912005184
UHVsc2FyRm9sZFJlc3VsdE5vZGU6ODc4MjE=,2025-10-08T17:28:30+00:00,LBAND,1023.5648741682244,10.390219863796329,3.11450835928956e-05,59000.0,1.1418,0.108,795.309936523438,1.06,-1.93276,0.07,0.1034387303149606,-1.311094560349329,0.057759510521015585
UHVsc2FyRm9sZFJlc3VsdE5vZGU6ODc4MjI=,2025-10-08T17:45:37+00:00,LBAND,1023.5648741682244,10.390275150124891,3.138203801310906e-05,59000.0,1.0292,0.118,558.447998046875,0.865,-1.91117,0.08,0.1010549950787401,-1.193866960761023,0.05747188412684338
UHVsc2FyRm9sZFJlc3VsdE5vZGU6ODc4MzI=,2025-10-08T20:49:30+00:00,LBAND,1023.5648741682242,10.390266396224444,3.673146408210677e-05,59000.0,1.7702,0.077,1081.85864257812,1.611,-1.57517,0.07,0.1200249138779527,-0.5472613697126918,0.05355702404351538
UHVsc2FyRm9sZFJlc3VsdE5vZGU6ODc4Mjg=,2025-10-08T19:41:02+00:00,LBAND,1023.5648741682242,10.390265918424204,4.390464868979188e-05,59000.0,1.3182,0.104,919.740600585938,1.261,-1.52656,0.1,0.0998323695866141,-0.6264513432471034,0.05511563298292771
UHVsc2FyRm9sZFJlc3VsdE5vZGU6ODc4MzQ=,2025-10-08T21:23:44+00:00,LBAND,1023.5648741682242,10.390288614177711,2.549201486388851e-05,59000.0,1.8593,0.073,1517.60473632812,1.953,-1.49813,0.06,0.1013454861111111,-0.5316716271902009,0.052340992402983004
UHVsc2FyRm9sZFJlc3VsdE5vZGU6ODc4MzE=,2025-10-08T20:32:23+00:00,LBAND,1023.4874903925232,10.390227326185794,3.699839480866326e-05,59000.0,1.5017,0.092,947.203369140625,1.246,-1.51779,0.07,0.0916815329724409,-0.5522586248159477,0.05399764824793352
UHVsc2FyRm9sZFJlc3VsdE5vZGU6ODc5MTE=,2025-10-20T15:31:14+00:00,LBAND,1023.4874903925232,10.390260119492527,2.092626903331476e-05,59000.0,1.6549,0.057,1700.64038085938,2.116,-3.10947,0.06,0.1137503075787401,-2.255808945064876,0.06067822861425604
UHVsc2FyRm9sZFJlc3VsdE5vZGU6ODgwODE=,2025-10-25T19:47:55+00:00,LBAND,1023.5648741682244,10.390287070956246,3.966394278159875e-05,59000.0,1.9217,0.098,1099.71801757812,1.25,-1.58445,0.08,0.1127199187992126,-1.0326056768598366,0.05601011047722702
UHVsc2FyRm9sZFJlc3VsdE5vZGU6ODc4MzM=,2025-10-08T21:06:37+00:00,LBAND,1023.4874903925232,10.390221146495156,2.552564289832106e-05,59000.0,1.6543,0.064,1469.78173828125,2.005,-1.53561,0.06,0.0985636072834645,-0.5452464184871515,0.053033591326802354
UHVsc2FyRm9sZFJlc3VsdE5vZGU6ODc4MzA=,2025-10-08T20:15:16+00:00,LBAND,1023.5648741682244,10.390249297526228,2.772824233441651e-05,59000.0,1.1081,0.1,757.991516113281,1.179,-1.37877,0.07,0.0899360236220472,-0.5570211272746017,0.0543460347272121
UHVsc2FyRm9sZFJlc3VsdE5vZGU6OTA1MjI=,2026-02-05T08:08:57+00:00,LBAND,255.4922084485981,10.390587289806472,2.749362987780775e-05,59000.0,0.9023,0.158,487.07861328125,1.181,-1.72517,0.07,0.1278981854838709,-1.3053192719047015,0.05507645064525053
UHVsc2FyRm9sZFJlc3VsdE5vZGU6OTA1Mjc=,2026-02-05T08:58:08+00:00,LBAND,511.545449271028,10.390662567159891,4.274767825624567e-05,59000.0,1.0495,0.168,506.680603027344,0.885,-1.79249,0.09,0.1138640372983871,-1.5014095219695187,0.05776647289945102
UHVsc2FyRm9sZFJlc3VsdE5vZGU6OTA4Nzc=,2026-02-21T05:35:09+00:00,LBAND,254.4765463925233,10.390485194007804,1.920473143856991e-05,59000.0,1.2927,0.072,1336.57336425781,3.163,-1.47832,0.04,0.109375,-0.8292814605592992,0.04780475342069984
UHVsc2FyRm9sZFJlc3VsdE5vZGU6OTA4OTc=,2026-02-21T06:37:14+00:00,LBAND,511.545449271028,10.39047248821344,1.405780180176056e-05,59000.0,3.3617,0.067,2579.21215820312,3.874,-1.7167,0.03,0.1046937003968253,-1.170083500133633,0.05311944892655627
UHVsc2FyRm9sZFJlc3VsdE5vZGU6OTEyNTI=,2026-03-04T05:05:01+00:00,LBAND,255.56959222429904,10.390403436625196,1.798762729074518e-05,59000.0,1.5446,0.067,1285.3330078125,3.45,-1.08187,0.04,0.1087449596774193,-0.8585627511564214,0.04881942065134797
UHVsc2FyRm9sZFJlc3VsdE5vZGU6OTEyNTc=,2026-03-07T06:09:52+00:00,LBAND,511.545449271028,10.390395711151417,4.063932551086181e-05,59000.0,1.101,0.102,783.721923828125,1.492,-1.7091,0.08,0.112367691532258,-1.5556593315458254,0.05630858415032336
UHVsc2FyRm9sZFJlc3VsdE5vZGU6OTE0NTQ=,2026-03-16T08:32:58+00:00,LBAND,511.46806549532704,10.390488937316848,4.785675024081137e-05,59000.0,1.9716,0.119,949.465209960938,1.607,-1.8336,0.08,0.1051277281746031,-1.5500162163768227,0.06004747192746653
UHVsc2FyRm9sZFJlc3VsdE5vZGU6OTE1MzM=,2026-03-17T05:09:50+00:00,LBAND,255.4922084485981,10.390429310876868,1.836831341786422e-05,59000.0,1.6928,0.038,2551.5576171875,6.17,-1.2509,0.04,0.119172127016129,-0.5009521467801756,0.0500058410205934
UHVsc2FyRm9sZFJlc3VsdE5vZGU6OTE1Mzc=,2026-03-26T08:41:47+00:00,LBAND,1022.5395391401868,10.390481159056092,1.958570039200259e-05,59000.0,1.6812,0.057,1893.09387207031,2.426,-1.76715,0.05,0.1112204724409448,-1.46277947670797,0.05947797996221091
UHVsc2FyRm9sZFJlc3VsdE5vZGU6OTE1Mzg=,2026-03-26T08:58:52+00:00,LBAND,1023.5648741682244,10.390472018113876,2.086677207159699e-05,59000.0,1.3149,0.048,1686.38317871094,2.357,-1.76185,0.06,0.1112358513779527,-1.4817091351525853,0.05940719408453985
UHVsc2FyRm9sZFJlc3VsdE5vZGU6OTE3NjY=,2026-03-31T04:48:30+00:00,LBAND,255.56959222429904,10.390423562185582,2.920420812783527e-05,59000.0,2.2128,0.082,1518.39916992188,3.606,-0.902536,0.05,0.1140057963709677,-0.6456072151488116,0.052114541719660165
UHVsc2FyRm9sZFJlc3VsdE5vZGU6OTE3NzE=,2026-03-31T05:35:25+00:00,LBAND,511.545449271028,10.390427021368112,1.918008858328897e-05,59000.0,2.5535,0.058,2178.22875976562,3.577,-1.18147,0.04,0.0986638144841269,-0.9519062400132393,0.05516449378890238
UHVsc2FyRm9sZFJlc3VsdE5vZGU6OTE3OTQ=,2026-04-11T06:29:08+00:00,LBAND,1023.4874903925232,10.390527186659876,2.265277004992854e-05,59000.0,1.3247,0.084,1024.75354003906,1.417,-0.997172,0.06,0.1337429256889764,-0.8308997392829031,0.056143877331170634
UHVsc2FyRm9sZFJlc3VsdE5vZGU6OTE3OTU=,2026-04-11T06:46:14+00:00,LBAND,1023.4874903925232,10.39048031202078,3.752460834796619e-05,59000.0,2.3679,0.118,949.189819335938,1.291,-1.67865,0.07,0.1559808686023622,-0.92520451753859,0.05673251859027396
UHVsc2FyRm9sZFJlc3VsdE5vZGU6OTE4NTM=,2026-04-12T07:15:10+00:00,LBAND,255.4922084485981,10.390496578803694,3.167980401501593e-05,59000.0,1.0687,0.108,780.832885742188,1.844,-1.4294,0.06,0.1314264112903226,-0.9423805648923855,0.05682765670399442
UHVsc2FyRm9sZFJlc3VsdE5vZGU6OTE4NTg=,2026-04-12T08:00:36+00:00,LBAND,511.545449271028,10.390477162330011,2.321797958246262e-05,59000.0,1.3186,0.095,963.34423828125,1.754,-1.65252,0.05,0.1329520089285714,-1.0923610474170797,0.05721409885893603
UHVsc2FyRm9sZFJlc3VsdE5vZGU6OTE4ODA=,2026-04-13T07:42:16+00:00,LBAND,1023.4874903925232,10.390447857012315,1.582767829636945e-05,59000.0,3.3781,0.052,3096.00537109375,3.542,-1.43229,0.04,0.107421875,-0.9005749427464702,0.056380515930952745
UHVsc2FyRm9sZFJlc3VsdE5vZGU6OTE4ODE=,2026-04-13T07:59:22+00:00,LBAND,1023.5648741682242,10.390411929091105,1.706346515427971e-05,59000.0,5.3486,0.058,2753.49389648438,3.91,-1.48645,0.03,0.1176257997047244,-0.9486132811300121,0.0564063175771095
UHVsc2FyRm9sZFJlc3VsdE5vZGU6OTE4ODI=,2026-04-14T04:03:20+00:00,LBAND,1023.5648741682244,10.390435302749504,1.891883000806568e-05,59000.0,6.0599,0.07,3096.11108398438,3.502,-0.661714,0.04,0.1263873387896825,-0.32071169511920494,0.050781752849576874
UHVsc2FyRm9sZFJlc3VsdE5vZGU6OTE4ODM=,2026-04-14T04:20:27+00:00,LBAND,1023.4874903925232,10.390474020230611,1.180158365357138e-05,59000.0,2.4035,0.044,3144.25561523438,3.545,-0.692621,0.04,0.1291600024606299,-0.31870391817661575,0.051318256021383235
UHVsc2FyRm9sZFJlc3VsdE5vZGU6OTIwMjM=,2026-04-16T01:32:19+00:00,LBAND,1023.4874903925232,10.390511328127022,1.246503938326866e-05,59000.0,1.6945,0.038,2816.03051757812,3.178,-0.795322,0.04,0.1324510949803149,-0.2755984402623868,0.04268001826465705
UHVsc2FyRm9sZFJlc3VsdE5vZGU6OTIwMjQ=,2026-04-16T01:49:25+00:00,LBAND,1023.5648741682244,10.390493093758586,1.426338633670556e-05,59000.0,2.2935,0.044,2898.8447265625,3.369,-0.769518,0.04,0.1267839566929134,-0.3011378086026615,0.044152230021256934
UHVsc2FyRm9sZFJlc3VsdE5vZGU6OTIwMjc=,2026-04-17T02:23:30+00:00,LBAND,1023.5648741682242,10.390443461893364,1.82162151399794e-05,59000.0,2.3189,0.077,1477.35803222656,1.943,-0.690522,0.05,0.121824249507874,-0.2764660406634449,0.04655028068039005
UHVsc2FyRm9sZFJlc3VsdE5vZGU6OTIwMjg=,2026-04-17T02:40:37+00:00,LBAND,1023.5648741682244,10.390486793666966,1.305397847554037e-05,59000.0,1.2233,0.052,1713.96069335938,2.15,-0.736345,0.05,0.119625061515748,-0.286722422141017,0.04756054404529687
UHVsc2FyRm9sZFJlc3VsdE5vZGU6OTIwMzI=,2026-04-18T02:28:41+00:00,LBAND,1022.5395391401868,10.390496228430276,2.044015195285336e-05,59000.0,3.3782,0.062,2225.7734375,2.85,-0.823442,0.05,0.1203884548611111,-0.25826437523169876,0.04697977726361228
UHVsc2FyRm9sZFJlc3VsdE5vZGU6OTIwMzM=,2026-04-18T02:11:33+00:00,LBAND,1023.5648741682244,10.390504020788102,1.439463651855234e-05,59000.0,2.1022,0.046,2462.79223632812,2.831,-0.735788,0.05,0.1278451033464566,-0.25930063059455366,0.04597843917562663
UHVsc2FyRm9sZFJlc3VsdE5vZGU6OTIwNjk=,2026-04-15T04:38:46+00:00,LBAND,1023.4874903925232,10.390481925264506,1.460296911344429e-05,59000.0,1.9395,0.039,2509.50952148438,3.283,-0.623302,0.05,0.1324126476377952,-0.3039096796761507,0.0518570540019346
UHVsc2FyRm9sZFJlc3VsdE5vZGU6OTIwNzA=,2026-04-15T04:55:53+00:00,LBAND,1023.4874903925232,10.390467642045158,1.927830221498409e-05,59000.0,4.8147,0.053,3165.0400390625,4.076,-0.730237,0.04,0.1281834399606299,-0.34455667020347236,0.052472730190456764
UHVsc2FyRm9sZFJlc3VsdE5vZGU6OTIwNzE=,2026-04-20T04:13:39+00:00,LBAND,1023.4874903925232,10.390482092752434,1.371767541352174e-05,59000.0,1.9271,0.066,1678.12878417969,2.093,-0.521443,0.04,0.1163801058070866,-0.2998548060189969,0.05169311790879548
UHVsc2FyRm9sZFJlc3VsdE5vZGU6OTIwNzI=,2026-04-20T04:30:46+00:00,LBAND,1023.5648741682244,10.390477803767984,1.81985980226748e-05,59000.0,2.3558,0.085,1657.17834472656,1.79,-0.616187,0.04,0.1285679133858267,-0.32302845438412064,0.05223672823862261
UHVsc2FyRm9sZFJlc3VsdE5vZGU6OTIwOTU=,2026-04-22T03:47:13+00:00,LBAND,1023.4874903925232,10.390456474704925,1.978693684273095e-05,59000.0,3.5394,0.066,2549.13598632812,3.022,-0.540763,0.04,0.127437561515748,-0.22918524543638044,0.05079889432050041
UHVsc2FyRm9sZFJlc3VsdE5vZGU6OTIwOTY=,2026-04-22T04:04:19+00:00,LBAND,1023.5648741682244,10.3904530692754,1.73928708487639e-05,59000.0,2.7384,0.059,2476.47216796875,3.066,-0.553251,0.04,0.1186715674212598,-0.22614943080619485,0.05127117359347629
UHVsc2FyRm9sZFJlc3VsdE5vZGU6OTIwOTc=,2026-04-23T03:36:43+00:00,LBAND,1023.4874903925232,10.39048683137321,1.998496669189734e-05,59000.0,2.4116,0.063,1956.47863769531,2.414,-0.536416,0.05,0.1113819512795275,-0.29696779321594846,0.05094457715640592
UHVsc2FyRm9sZFJlc3VsdE5vZGU6OTIwOTg=,2026-04-23T03:53:50+00:00,LBAND,1023.5648741682242,10.390495968191813,1.589805549004696e-05,59000.0,2.3021,0.058,2217.53857421875,2.851,-0.518226,0.04,0.1159264271653543,-0.28675448406953435,0.05140523196541983
UHVsc2FyRm9sZFJlc3VsdE5vZGU6OTIwOTk=,2026-04-24T03:16:25+00:00,LBAND,1023.4874903925232,10.390499914223383,1.484082892312299e-05,59000.0,2.2446,0.055,2204.005859375,2.78,-0.566085,0.04,0.1187792199803149,-0.32841727952626587,0.05055398074228764
UHVsc2FyRm9sZFJlc3VsdE5vZGU6OTIxMDA=,2026-04-24T03:33:33+00:00,LBAND,1022.5395391401868,10.39047565924757,1.254950273377277e-05,59000.0,1.9226,0.052,2435.30395507812,2.683,-0.627143,0.04,0.1084984005905511,-0.32126576462288536,0.051094160394673765
UHVsc2FyRm9sZFJlc3VsdE5vZGU6OTIxMDE=,2026-04-25T01:48:35+00:00,LBAND,1023.5648741682244,10.390467787993575,3.23231764518896e-05,59000.0,2.0816,0.101,1148.92565917969,1.298,-0.672831,0.07,0.1263841043307086,-0.3169134321974669,0.04654632935528194
UHVsc2FyRm9sZFJlc3VsdE5vZGU6OTIxMDI=,2026-04-25T02:05:42+00:00,LBAND,1023.4874903925232,10.390490857849532,3.788326662717585e-05,59000.0,2.1086,0.096,935.423461914062,1.24,-0.588795,0.08,0.1263994832677165,-0.32852746071929273,0.047584737398052246
UHVsc2FyRm9sZFJlc3VsdE5vZGU6OTIyNzI=,2026-04-26T05:21:38+00:00,LBAND,1023.5648741682242,10.39048906103678,2.459843175584683e-05,59000.0,1.8427,0.075,1260.76550292969,1.528,-0.979429,0.06,0.1114896038385826,-0.5632182617757084,0.05466655760006896
UHVsc2FyRm9sZFJlc3VsdE5vZGU6OTIyNzM=,2026-04-26T05:38:46+00:00,LBAND,1023.5648741682244,10.390485581892458,1.908081291017512e-05,59000.0,1.2857,0.063,1432.72082519531,1.618,-1.12206,0.06,0.1252768208661417,-0.6872495522222337,0.05543774706267091
UHVsc2FyRm9sZFJlc3VsdE5vZGU6OTIzMzE=,2026-04-28T00:13:14+00:00,LBAND,255.56959222429904,10.39047987066352,2.348665783394501e-05,59000.0,1.2782,0.087,1130.36755371094,2.457,-0.648082,0.05,0.1085874495967741,-0.23431972029682305,0.039536717407958014
UHVsc2FyRm9sZFJlc3VsdE5vZGU6OTIzMzY=,2026-04-28T02:28:25+00:00,LBAND,511.545449271028,10.39053268411805,2.445456714630192e-05,59000.0,1.4919,0.088,1176.91943359375,2.043,-0.54657,0.05,0.1019810267857142,-0.34287084734821993,0.04934585095518555
UHVsc2FyRm9sZFJlc3VsdE5vZGU6OTI3NDc=,2026-05-12T02:22:22+00:00,LBAND,511.545449271028,10.39048323078215,1.200775781165634e-05,59000.0,2.4865,0.037,3751.30493164062,5.899,-0.644959,0.03,0.1259300595238095,-0.298218487971082,0.05095620536327746
UHVsc2FyRm9sZFJlc3VsdE5vZGU6OTI4MTc=,2026-05-19T01:37:36+00:00,LBAND,255.4922084485981,10.39055101555507,3.621048093670532e-05,59000.0,1.5701,0.118,795.261657714844,2.023,-0.488998,0.07,0.1244140625,-0.29764638775311064,0.05036843240886429
UHVsc2FyRm9sZFJlc3VsdE5vZGU6OTMwNTQ=,2026-05-25T23:43:44+00:00,LBAND,255.569592224299,10.390544332168435,3.389575585078149e-05,59000.0,1.3986,0.095,740.922729492188,1.859,-0.866502,0.07,0.1336588541666666,-0.4276697495030747,0.0469162743054457
UHVsc2FyRm9sZFJlc3VsdE5vZGU6OTMwNTk=,2026-05-26T00:29:21+00:00,LBAND,511.545449271028,10.390521354185331,1.531777898843186e-05,59000.0,0.8149,0.059,1205.75549316406,2.063,-0.734616,0.05,0.1296657986111111,-0.34670549231028736,0.04894994577682155
UHVsc2FyRm9sZFJlc3VsdE5vZGU6OTMxOTI=,2026-06-10T20:45:33+00:00,LBAND,255.4922084485981,10.390565571671004,4.973874273275257e-05,59000.0,0.8594,0.234,278.070526123047,0.817,-0.624814,0.11,0.136781754032258,-0.2657117394683616,0.035702319207854924
UHVsc2FyRm9sZFJlc3VsdE5vZGU6OTMxOTc=,2026-06-11T00:44:51+00:00,LBAND,511.545449271028,10.390527657522496,2.586669852060949e-05,59000.0,1.015,0.1,863.634033203125,1.465,-0.814314,0.07,0.1287512400793651,-0.3439092149856579,0.051788365368007364
UHVsc2FyRm9sZFJlc3VsdE5vZGU6OTM2NjY=,2026-06-22T23:35:01+00:00,LBAND,255.56959222429904,10.39052356733148,2.245881538472048e-05,59000.0,2.5321,0.095,1335.72338867188,3.134,-0.734788,0.04,0.1170929939516129,-0.392237040590264,0.0513576488071522
UHVsc2FyRm9sZFJlc3VsdE5vZGU6OTM2NzA=,2026-06-23T00:16:50+00:00,LBAND,511.46806549532704,10.390553772367523,1.699567292378047e-05,59000.0,2.4957,0.07,1806.11437988281,2.961,-0.753606,0.04,0.135556175595238,-0.2996552374478546,0.052042793937503405
UHVsc2FyRm9sZFJlc3VsdE5vZGU6OTM5MTY=,2026-07-10T02:05:58+00:00,LBAND,255.4922084485981,10.390589547147046,3.276696116796621e-05,59000.0,2.187,0.119,1192.35913085938,2.48,-0.793079,0.05,0.1276776713709677,-0.25496442943996395,0.05280286101508204
UHVsc2FyRm9sZFJlc3VsdE5vZGU6OTM5MjA=,2026-07-11T00:58:10+00:00,LBAND,510.5201142429906,10.390538708257765,1.357177419111293e-05,59000.0,1.0658,0.056,1699.54150390625,2.678,-0.91408,0.04,0.1189236111111111,-0.29539835359584526,0.053412996204786796
UHVsc2FyRm9sZFJlc3VsdE5vZGU6OTQyMDI=,2026-07-20T19:20:01+00:00,LBAND,255.56959222429904,10.39057390623888,2.297795471194089e-05,59000.0,1.644,0.106,963.419311523438,2.282,-0.846251,0.05,0.1114541330645161,-0.29966257876529995,0.04317927386541164
UHVsc2FyRm9sZFJlc3VsdE5vZGU6OTQyMDY=,2026-07-20T23:50:49+00:00,LBAND,511.545449271028,10.390561960029162,1.85344477230215e-05,59000.0,1.4334,0.065,1615.98986816406,2.628,-1.08047,0.05,0.1109406001984127,-0.32427194148258853,0.053446417457703434
